Instrument,ICB Industry name,Rank
ORTX.OQ,Health Care,1
IIIN.N,Industrials,2
HUBG.OQ,Industrials,3
AVD.N,Basic Materials,4
ICLK.OQ,Consumer Discretionary,5
CSTE.OQ,Industrials,6
MMI.N,Real Estate,7
ICUI.OQ,Health Care,8
MODV.OQ,Health Care,9
KLIC.OQ,Technology,10
BCPC.OQ,Basic Materials,11
PLAB.OQ,Technology,12
ZEPP.N,Consumer Discretionary,13
CNNE.N,Financials,14
LXFR.N,Industrials,15
ANIP.OQ,Health Care,16
MSTR.OQ,Technology,17
VIA.OQ,Utilities,18
OTTR.OQ,Industrials,19
B.N,Industrials,20
TRS.OQ,Industrials,21
PSMT.OQ,Consumer Discretionary,22
CSWI.OQ,Industrials,23
SMP.N,Consumer Discretionary,24
FN.N,Technology,25
FORM.OQ,Technology,26
THR.N,Industrials,27
EDU.N,Consumer Discretionary,28
APRE.OQ,Health Care,29
PRTA.OQ,Health Care,30
LRN.N,Consumer Discretionary,31
TNC.N,Industrials,32
FWRD.OQ,Industrials,33
CHE.N,Health Care,34
VPG.N,Industrials,35
SP.OQ,Industrials,36
GOGL.OQ,Industrials,37
CTS.N,Technology,38
RGP.OQ,Industrials,39
BHE.N,Technology,40
SY.OQ,Health Care,41
ATNI.OQ,Telecommunications,42
SJW.N,Utilities,43
LNN.N,Industrials,44
MOGa.N,Industrials,45
RYN.N,Real Estate,46
UEIC.OQ,Consumer Discretionary,47
NXGN.OQ,Health Care,48
IOSP.OQ,Basic Materials,49
TX.N,Basic Materials,50
KAMN.N,Industrials,51
ZUMZ.OQ,Consumer Discretionary,52
KE.OQ,Technology,53
TSEM.OQ,Technology,54
AMED.OQ,Health Care,55
AVNS.N,Health Care,56
BCEL.OQ,Health Care,57
ROLL.OQ,Basic Materials,58
ROG.N,Technology,59
AKRO.OQ,Health Care,60
TBI.N,Industrials,61
OOMA.N,Telecommunications,62
TYL.N,Technology,63
ACA.N,Energy,64
SCHL.OQ,Consumer Discretionary,65
EGRX.OQ,Health Care,66
HTLD.OQ,Industrials,67
ESE.N,Industrials,68
SXI.N,Industrials,69
STRA.OQ,Consumer Discretionary,70
AGX.N,Industrials,71
DGII.OQ,Telecommunications,72
CNTG.OQ,Health Care,73
LPG.N,Industrials,74
HARP.OQ,Health Care,75
AVRO.OQ,Health Care,76
PLUS.OQ,Technology,77
CRDb.N,Financials,78
MSGS.N,Consumer Discretionary,79
ACLS.OQ,Technology,80
MRTN.OQ,Industrials,81
BEST.N,Industrials,82
USM.N,Telecommunications,83
BCOV.OQ,Technology,84
DLB.N,Technology,85
SMTC.OQ,Technology,86
ASTE.OQ,Industrials,87
AMEH.OQ,Health Care,88
FSS.N,Industrials,89
ANGO.OQ,Health Care,90
MEI.N,Technology,91
OGS.N,Utilities,92
SNDR.N,Industrials,93
MATX.N,Industrials,94
CEVA.OQ,Technology,95
FELE.OQ,Industrials,96
GHC.N,Consumer Discretionary,97
CPSI.OQ,Health Care,98
POWL.OQ,Industrials,99
HAYN.OQ,Basic Materials,100
OSIS.OQ,Industrials,101
BFAM.N,Consumer Discretionary,102
IPAR.OQ,Consumer Discretionary,103
OMCL.OQ,Health Care,104
SPTN.OQ,Consumer Staples,105
CALM.OQ,Consumer Staples,106
LMAT.OQ,Health Care,107
HSTM.OQ,Health Care,108
RMBS.OQ,Technology,109
ARCO.N,Consumer Discretionary,110
TRVG.OQ,Consumer Discretionary,111
SIMO.OQ,Technology,112
HCKT.OQ,Technology,113
VIR.OQ,Health Care,114
ICLR.OQ,Health Care,115
CVCO.OQ,Consumer Discretionary,116
ALG.N,Industrials,117
FCFS.OQ,Financials,118
NPO.N,Industrials,119
BRP.OQ,Financials,120
CBZ.N,Industrials,121
BMI.N,Industrials,122
OSPN.OQ,Technology,123
AMOT.OQ,Industrials,124
MASI.OQ,Health Care,125
ARCB.OQ,Industrials,126
NWE.OQ,Utilities,127
CVGW.OQ,Consumer Staples,128
GLT.N,Basic Materials,129
MUX.N,Basic Materials,130
FIX.N,Industrials,131
NEXA.N,Basic Materials,132
JJSF.OQ,Consumer Staples,133
STOK.OQ,Health Care,134
RMAX.N,Real Estate,135
LFUS.OQ,Industrials,136
EVA.N,Energy,137
TSE.N,Industrials,138
COHU.OQ,Technology,139
MCS.N,Consumer Discretionary,140
APOG.OQ,Industrials,141
HLIO.N,Industrials,142
ICFI.OQ,Industrials,143
MTRX.OQ,Energy,144
AMN.N,Industrials,145
FORR.OQ,Industrials,146
NATI.OQ,Technology,147
CSTL.OQ,Health Care,148
ULH.OQ,Industrials,149
WDFC.OQ,Consumer Staples,150
NOVT.OQ,Technology,151
XPRO.N,Energy,152
TDY.N,Industrials,153
STRL.OQ,Industrials,154
FSLY.N,Technology,155
SCSC.OQ,Technology,156
PLOW.N,Industrials,157
GTHX.OQ,Health Care,158
MATW.OQ,Consumer Discretionary,159
MTRN.N,Basic Materials,160
WTS.N,Industrials,161
ALEX.N,Real Estate,162
RYTM.OQ,Health Care,163
KFY.N,Industrials,164
OPRA.OQ,Technology,165
CMRE.N,Industrials,166
URGN.OQ,Health Care,167
DRQ.N,Energy,168
SPNS.OQ,Technology,169
NXTC.OQ,Health Care,170
HUYA.N,Technology,171
KN.N,Consumer Discretionary,172
THRM.OQ,Consumer Discretionary,173
VRTS.OQ,Financials,174
PRIM.OQ,Industrials,175
MEDP.OQ,Health Care,176
VAPO.N,Health Care,177
PLXS.OQ,Technology,178
OFIX.OQ,Health Care,179
AWI.N,Industrials,180
SLAB.OQ,Technology,181
BIO.N,Health Care,182
ARCH.N,Energy,183
HURN.OQ,Industrials,184
NTCT.OQ,Technology,185
AMPH.OQ,Health Care,186
PNW.N,Utilities,187
TTWO.OQ,Consumer Discretionary,188
WNS.N,Industrials,189
CVLT.OQ,Technology,190
SMPL.OQ,Consumer Staples,191
CMCO.OQ,Industrials,192
XPEL.OQ,Consumer Discretionary,193
MTW.N,Industrials,194
AIU.N,Consumer Discretionary,195
MMS.N,Industrials,196
MPX.N,Consumer Discretionary,197
NET.N,Technology,198
WLDN.OQ,Industrials,199
LNDC.OQ,Consumer Staples,200
USPH.N,Health Care,201
DAVA.N,Technology,202
AMK.N,Financials,203
CENT.OQ,Consumer Discretionary,204
AVA.N,Utilities,205
FREQ.OQ,Health Care,206
TFX.N,Health Care,207
ALE.N,Utilities,208
MPWR.OQ,Technology,209
EPAC.N,Industrials,210
VSTO.N,Consumer Discretionary,211
SSD.N,Industrials,212
DIOD.OQ,Technology,213
DSGR.OQ,Industrials,214
BOOM.OQ,Energy,215
BPMC.OQ,Health Care,216
KNOP.N,Industrials,217
KAI.N,Industrials,218
DECK.N,Consumer Discretionary,219
JKHY.OQ,Industrials,220
PGTI.N,Industrials,221
AIN.N,Industrials,222
LNTH.OQ,Health Care,223
POR.N,Utilities,224
SHEN.OQ,Telecommunications,225
CACI.N,Technology,226
DCO.N,Industrials,227
CRNX.OQ,Health Care,228
UFPI.OQ,Basic Materials,229
MELI.OQ,Consumer Discretionary,230
UI.N,Telecommunications,231
ANDE.OQ,Consumer Staples,232
ANAB.OQ,Health Care,233
ANSS.OQ,Technology,234
CLVT.N,Technology,235
VREX.OQ,Health Care,236
ASND.OQ,Health Care,237
TTEC.OQ,Industrials,238
LSTR.OQ,Industrials,239
HAE.N,Health Care,240
CRUS.OQ,Technology,241
HVT.N,Consumer Discretionary,242
SAM.N,Consumer Staples,243
MGPI.OQ,Consumer Staples,244
SKY.N,Consumer Discretionary,245
TTEK.OQ,Industrials,246
THS.N,Consumer Staples,247
CYBR.OQ,Technology,248
ORA.N,Utilities,249
VMI.N,Industrials,250
EGAN.OQ,Technology,251
NVEE.OQ,Industrials,252
FC.N,Industrials,253
HCCI.OQ,Utilities,254
ALNY.OQ,Health Care,255
BBSI.OQ,Industrials,256
GO.OQ,Consumer Staples,257
SPXC.N,Industrials,258
ENSG.OQ,Health Care,259
KRP.N,Energy,260
BCOR.OQ,Financials,261
CSGS.OQ,Technology,262
SHYF.OQ,Industrials,263
ANIK.OQ,Health Care,264
ATRO.OQ,Industrials,265
WOR.N,Basic Materials,266
STE.N,Health Care,267
SWTX.OQ,Health Care,268
INSP.N,Health Care,269
WSO.N,Industrials,270
RRX.N,Industrials,271
TGH.N,Industrials,272
CMTL.OQ,Telecommunications,273
MANU.N,Consumer Discretionary,274
ROCK.OQ,Industrials,275
MSM.N,Industrials,276
RS.N,Basic Materials,277
BKI.N,Technology,278
AFYA.OQ,Consumer Discretionary,279
PRGS.OQ,Technology,280
ASIX.N,Basic Materials,281
AMWD.OQ,Industrials,282
TTGT.OQ,Technology,283
PAHC.OQ,Health Care,284
XNCR.OQ,Health Care,285
SXC.N,Energy,286
CODI.N,Financials,287
NX.N,Industrials,288
TNK.N,Industrials,289
GRTX.OQ,Health Care,290
KRTX.OQ,Health Care,291
YMAB.OQ,Health Care,292
IEX.N,Industrials,293
COO.N,Health Care,294
CSL.N,Industrials,295
VVI.N,Consumer Discretionary,296
INSW.N,Industrials,297
SR.N,Utilities,298
AZPN.OQ,Technology,299
NVCR.OQ,Health Care,300
AAON.OQ,Industrials,301
ATEX.OQ,Telecommunications,302
DNOW.N,Energy,303
SNPS.OQ,Technology,304
MLM.N,Industrials,305
CABO.N,Telecommunications,306
SANM.OQ,Technology,307
KEX.N,Industrials,308
ECVT.N,Basic Materials,309
WST.N,Health Care,310
SGH.OQ,Technology,311
CAPL.N,Energy,312
LZB.N,Consumer Discretionary,313
HNI.N,Consumer Discretionary,314
EEFT.OQ,Industrials,315
CRS.N,Basic Materials,316
NVST.N,Health Care,317
CRL.N,Health Care,318
MTLS.OQ,Technology,319
EME.N,Industrials,320
BRC.N,Industrials,321
ITGR.N,Health Care,322
MTD.N,Industrials,323
AJRD.N,Industrials,324
LECO.OQ,Industrials,325
SPWH.OQ,Consumer Discretionary,326
EW.N,Health Care,327
RGEN.OQ,Health Care,328
SWX.N,Utilities,329
MWA.N,Industrials,330
RMD.N,Health Care,331
AIR.N,Industrials,332
DQ.N,Basic Materials,333
SEIC.OQ,Financials,334
SBLK.OQ,Industrials,335
SXT.N,Basic Materials,336
OXM.N,Consumer Discretionary,337
QLYS.OQ,Technology,338
GLP.N,Energy,339
STAA.OQ,Health Care,340
DOX.OQ,Technology,341
AVT.OQ,Technology,342
ETD.N,Consumer Discretionary,343
GCO.N,Consumer Discretionary,344
NVGS.N,Industrials,345
BCC.N,Basic Materials,346
INCY.OQ,Health Care,347
HAS.OQ,Consumer Discretionary,348
PTC.OQ,Technology,349
AZZ.N,Industrials,350
PRFT.OQ,Technology,351
TILE.OQ,Consumer Discretionary,352
MRCY.OQ,Industrials,353
ITRI.OQ,Industrials,354
LCII.N,Consumer Discretionary,355
WLKP.N,Basic Materials,356
PINC.OQ,Health Care,357
KWR.N,Basic Materials,358
SRI.N,Consumer Discretionary,359
CHUY.OQ,Consumer Discretionary,360
QUOT.N,Consumer Discretionary,361
SCHN.OQ,Basic Materials,362
HZO.N,Consumer Discretionary,363
DAR.N,Consumer Staples,364
VEEV.N,Health Care,365
FRPT.OQ,Consumer Staples,366
CLNE.OQ,Consumer Discretionary,367
IIIV.OQ,Industrials,368
PSNL.OQ,Health Care,369
MXL.OQ,Technology,370
AXON.OQ,Industrials,371
TMDX.OQ,Health Care,372
BDC.N,Industrials,373
DOOR.N,Industrials,374
OGE.N,Utilities,375
ULTA.OQ,Consumer Discretionary,376
AIT.N,Industrials,377
SIBN.OQ,Health Care,378
CARA.OQ,Health Care,379
ALRM.OQ,Technology,380
EGIO.OQ,Technology,381
DTIL.OQ,Health Care,382
KRO.N,Industrials,383
SWBI.OQ,Consumer Discretionary,384
MKSI.OQ,Industrials,385
WLY.N,Consumer Discretionary,386
MERC.OQ,Basic Materials,387
SAIA.OQ,Industrials,388
CDLX.OQ,Consumer Discretionary,389
CIVI.N,Energy,390
NFE.OQ,Energy,391
ITT.N,Industrials,392
EPC.N,Consumer Staples,393
FDS.N,Financials,394
KRYS.OQ,Health Care,395
GH.OQ,Health Care,396
FARO.OQ,Industrials,397
WTTR.N,Energy,398
HLIT.OQ,Telecommunications,399
EXP.N,Industrials,400
OSUR.OQ,Health Care,401
TENB.OQ,Technology,402
FHI.N,Financials,403
SATS.OQ,Telecommunications,404
CIEN.N,Telecommunications,405
PD.N,Technology,406
WERN.OQ,Industrials,407
CRWD.OQ,Technology,408
TECH.OQ,Health Care,409
CNMD.N,Health Care,410
EBS.N,Health Care,411
MODN.N,Technology,412
MPAA.OQ,Consumer Discretionary,413
BKH.N,Utilities,414
LIVN.OQ,Health Care,415
ILMN.OQ,Health Care,416
JBT.N,Industrials,417
CASY.OQ,Consumer Staples,418
WIX.OQ,Technology,419
COLM.OQ,Consumer Discretionary,420
USNA.N,Consumer Staples,421
LAUR.OQ,Consumer Discretionary,422
APPF.OQ,Technology,423
AGYS.OQ,Technology,424
PEN.N,Health Care,425
IDXX.OQ,Health Care,426
LIND.OQ,Consumer Discretionary,427
MUSA.N,Consumer Discretionary,428
INGN.OQ,Health Care,429
GKOS.N,Health Care,430
NSSC.OQ,Industrials,431
ODFL.OQ,Industrials,432
EXLS.OQ,Industrials,433
EXPD.OQ,Industrials,434
SWAV.OQ,Health Care,435
MCRI.OQ,Consumer Discretionary,436
ENV.N,Technology,437
VMC.N,Industrials,438
UPLD.OQ,Technology,439
FICO.N,Industrials,440
TCMD.OQ,Health Care,441
ALGT.OQ,Consumer Discretionary,442
CWST.OQ,Utilities,443
LOCO.OQ,Consumer Discretionary,444
GNRC.N,Industrials,445
EVER.OQ,Technology,446
FIVN.OQ,Technology,447
HUBB.N,Industrials,448
SCL.N,Basic Materials,449
NVRO.N,Health Care,450
JELD.N,Industrials,451
MATV.N,Basic Materials,452
BLUE.OQ,Health Care,453
AYI.N,Industrials,454
GGG.N,Industrials,455
CSGP.OQ,Real Estate,456
KOD.OQ,Health Care,457
BWXT.N,Industrials,458
CRI.N,Consumer Discretionary,459
CNX.N,Energy,460
URBN.OQ,Consumer Discretionary,461
HAIN.OQ,Consumer Staples,462
UNFI.N,Consumer Staples,463
HII.N,Industrials,464
LOPE.OQ,Consumer Discretionary,465
RCKT.OQ,Health Care,466
EZPW.OQ,Financials,467
CLH.N,Utilities,468
CBT.N,Basic Materials,469
CRAI.OQ,Industrials,470
MOH.N,Health Care,471
PCH.OQ,Real Estate,472
NOMD.N,Consumer Staples,473
IART.OQ,Health Care,474
BALY.N,Consumer Discretionary,475
BLD.N,Industrials,476
ITCI.OQ,Health Care,477
FVRR.N,Technology,478
NOVA.N,Utilities,479
NMRK.OQ,Real Estate,480
LOOP.OQ,Utilities,481
KRNT.OQ,Industrials,482
TKR.N,Basic Materials,483
RBBN.OQ,Telecommunications,484
CAAP.N,Industrials,485
OEC.N,Basic Materials,486
APLS.OQ,Health Care,487
TWST.OQ,Health Care,488
JLL.N,Real Estate,489
MSA.N,Industrials,490
AGR.N,Utilities,491
BL.OQ,Technology,492
TTC.N,Industrials,493
ASH.N,Basic Materials,494
COLL.OQ,Health Care,495
DHR.N,Health Care,496
ASGN.N,Industrials,497
CBRL.OQ,Consumer Discretionary,498
GMS.N,Industrials,499
PTCT.OQ,Health Care,500
QNST.OQ,Consumer Discretionary,501
ATR.N,Industrials,502
BCO.N,Industrials,503
WVE.OQ,Health Care,504
BJRI.OQ,Consumer Discretionary,505
CDNS.OQ,Technology,506
SCVL.OQ,Consumer Discretionary,507
BRKR.OQ,Health Care,508
VRNT.OQ,Technology,509
NDSN.OQ,Industrials,510
BRY.OQ,Energy,511
ATKR.N,Industrials,512
AXGN.OQ,Health Care,513
RNG.N,Technology,514
INGR.N,Consumer Staples,515
MTX.N,Basic Materials,516
J.N,Industrials,517
CSIQ.OQ,Energy,518
CXW.N,Industrials,519
BAH.N,Industrials,520
ENS.N,Industrials,521
LILA.OQ,Telecommunications,522
SAIC.N,Technology,523
ERII.OQ,Industrials,524
LE.OQ,Consumer Discretionary,525
QDEL.OQ,Health Care,526
AGCO.N,Industrials,527
PETQ.OQ,Health Care,528
DDOG.OQ,Technology,529
IBP.N,Industrials,530
EVTC.N,Industrials,531
MAN.N,Industrials,532
PHR.N,Health Care,533
GWW.N,Industrials,534
ATGE.N,Consumer Discretionary,535
AYX.N,Technology,536
ACMR.OQ,Technology,537
TIGO.OQ,Telecommunications,538
ICPT.OQ,Health Care,539
WHD.N,Energy,540
PUMP.N,Energy,541
GDOT.N,Industrials,542
OMI.N,Health Care,543
ISRG.OQ,Health Care,544
DCI.N,Industrials,545
AVNT.N,Basic Materials,546
GFF.N,Industrials,547
VFC.N,Consumer Discretionary,548
PBH.N,Health Care,549
LULU.OQ,Consumer Discretionary,550
EVBG.OQ,Technology,551
MRSN.OQ,Health Care,552
NBIX.OQ,Health Care,553
ARLP.OQ,Energy,554
ENVA.N,Financials,555
MLCO.OQ,Consumer Discretionary,556
INT.N,Energy,557
CIR.N,Industrials,558
ALEC.OQ,Health Care,559
PKI.N,Health Care,560
TRUP.OQ,Financials,561
SONO.OQ,Consumer Discretionary,562
GTLS.N,Industrials,563
PETS.OQ,Consumer Staples,564
KTOS.OQ,Industrials,565
GEF.N,Industrials,566
SLGN.N,Industrials,567
SFM.OQ,Consumer Staples,568
MED.N,Consumer Staples,569
CROX.OQ,Consumer Discretionary,570
AZTA.OQ,Health Care,571
HCAT.OQ,Health Care,572
SILK.OQ,Health Care,573
POOL.OQ,Consumer Discretionary,574
AGLE.OQ,Health Care,575
SON.N,Industrials,576
MDGL.OQ,Health Care,577
LEVI.N,Consumer Discretionary,578
USAC.N,Energy,579
AVY.N,Basic Materials,580
EHC.N,Health Care,581
ICAD.OQ,Health Care,582
BR.N,Financials,583
ATRC.OQ,Health Care,584
FGEN.OQ,Health Care,585
TPIC.OQ,Energy,586
PGNY.OQ,Health Care,587
TPC.N,Industrials,588
RUSHA.OQ,Consumer Discretionary,589
JBHT.OQ,Industrials,590
DOCU.OQ,Technology,591
MMSI.OQ,Health Care,592
ROST.OQ,Consumer Discretionary,593
SUPN.OQ,Health Care,594
GRPN.OQ,Technology,595
BLKB.OQ,Technology,596
SYNA.OQ,Technology,597
NEO.OQ,Health Care,598
CW.N,Industrials,599
UTHR.OQ,Health Care,600
ADPT.OQ,Health Care,601
MNRO.OQ,Consumer Discretionary,602
CWENa.N,Utilities,603
YEXT.N,Technology,604
QD.N,Financials,605
BURL.N,Consumer Discretionary,606
EA.OQ,Consumer Discretionary,607
APPN.OQ,Technology,608
RCM.OQ,Health Care,609
TXRH.OQ,Consumer Discretionary,610
WGO.N,Consumer Discretionary,611
HEI.N,Industrials,612
PRDO.OQ,Consumer Discretionary,613
DLX.N,Industrials,614
NWSA.OQ,Consumer Discretionary,615
TREE.OQ,Financials,616
FLO.N,Consumer Staples,617
NSP.N,Industrials,618
BV.N,Industrials,619
EYE.OQ,Consumer Discretionary,620
RAMP.N,Technology,621
AGIO.OQ,Health Care,622
RGNX.OQ,Health Care,623
TDS.N,Telecommunications,624
BILI.OQ,Technology,625
RPM.N,Industrials,626
SPH.N,Consumer Discretionary,627
NTRA.OQ,Health Care,628
TXG.OQ,Health Care,629
PRGO.N,Health Care,630
BOX.N,Technology,631
BRO.N,Financials,632
HI.N,Industrials,633
WDAY.OQ,Technology,634
IT.N,Technology,635
ACCO.N,Consumer Staples,636
OPCH.OQ,Health Care,637
CRK.N,Energy,638
FOXF.OQ,Consumer Discretionary,639
REPL.OQ,Health Care,640
VRTX.OQ,Health Care,641
VNDA.OQ,Health Care,642
HELE.OQ,Consumer Discretionary,643
NEP.N,Utilities,644
LPX.N,Industrials,645
SRCL.OQ,Utilities,646
EQIX.OQ,Real Estate,647
HESM.N,Energy,648
DCPH.OQ,Health Care,649
DHT.N,Industrials,650
KMT.N,Industrials,651
NJR.N,Utilities,652
SMG.N,Basic Materials,653
UHS.N,Health Care,654
PAYC.N,Technology,655
H.N,Consumer Discretionary,656
CENX.OQ,Basic Materials,657
HQY.OQ,Health Care,658
AAP.N,Consumer Discretionary,659
ZM.OQ,Technology,660
GDDY.N,Technology,661
WWW.N,Consumer Discretionary,662
LPI.N,Energy,663
VSAT.OQ,Telecommunications,664
VIAV.OQ,Telecommunications,665
ATRA.OQ,Health Care,666
ENTG.OQ,Technology,667
ALKS.OQ,Health Care,668
XYL.N,Industrials,669
LNT.OQ,Utilities,670
VRSK.OQ,Industrials,671
GLDD.OQ,Industrials,672
SKYW.OQ,Consumer Discretionary,673
TNP.N,Industrials,674
GWRE.N,Technology,675
PATK.OQ,Industrials,676
POST.N,Consumer Staples,677
XRAY.OQ,Health Care,678
GDEN.OQ,Consumer Discretionary,679
FSLR.OQ,Energy,680
HIBB.OQ,Consumer Discretionary,681
FIZZ.OQ,Consumer Staples,682
BOOT.N,Consumer Discretionary,683
BTU.N,Energy,684
ALTR.OQ,Technology,685
UPWK.OQ,Technology,686
OC.N,Industrials,687
PAR.N,Technology,688
ALK.N,Consumer Discretionary,689
DBX.OQ,Technology,690
CMC.N,Basic Materials,691
BBIO.OQ,Health Care,692
EQT.N,Energy,693
RPD.OQ,Technology,694
TRIP.OQ,Consumer Discretionary,695
CYRX.OQ,Industrials,696
TEAM.OQ,Technology,697
VNOM.OQ,Energy,698
WK.N,Technology,699
NUVA.OQ,Health Care,700
ATSG.OQ,Industrials,701
VSH.N,Technology,702
ADVM.OQ,Health Care,703
RDNT.OQ,Health Care,704
PODD.OQ,Health Care,705
TEX.N,Industrials,706
RPAY.OQ,Industrials,707
ATO.N,Utilities,708
SWI.N,Technology,709
SHO.N,Real Estate,710
EB.N,Technology,711
REZI.N,Industrials,712
STLD.OQ,Basic Materials,713
KOP.N,Basic Materials,714
TWNK.OQ,Consumer Staples,715
WWD.OQ,Industrials,716
REGN.OQ,Health Care,717
FIVE.OQ,Consumer Discretionary,718
NSTG.OQ,Health Care,719
ST.N,Industrials,720
AKAM.OQ,Technology,721
MYRG.OQ,Industrials,722
GVA.N,Industrials,723
SJM.N,Consumer Staples,724
IDCC.OQ,Telecommunications,725
IOVA.OQ,Health Care,726
OKTA.OQ,Technology,727
LITE.OQ,Telecommunications,728
GTES.N,Industrials,729
MTN.N,Consumer Discretionary,730
QRVO.OQ,Technology,731
ABM.N,Industrials,732
ZBRA.OQ,Industrials,733
PANW.OQ,Technology,734
CARS.N,Consumer Discretionary,735
TALO.N,Energy,736
DY.N,Industrials,737
RARE.OQ,Health Care,738
HRI.N,Industrials,739
NEWR.N,Technology,740
NWN.N,Utilities,741
EDIT.OQ,Health Care,742
HXL.N,Basic Materials,743
WCC.N,Industrials,744
DDS.N,Consumer Discretionary,745
CDXS.OQ,Health Care,746
FWONA.OQ,Consumer Discretionary,747
CHEF.OQ,Consumer Staples,748
LAD.N,Consumer Discretionary,749
HSC.N,Utilities,750
HA.OQ,Consumer Discretionary,751
KBR.N,Technology,752
HSY.N,Consumer Staples,753
AJG.N,Financials,754
BSM.N,Energy,755
ZG.OQ,Real Estate,756
UCTT.OQ,Technology,757
PCRX.OQ,Health Care,758
AWK.N,Utilities,759
VRNS.OQ,Technology,760
GPK.N,Industrials,761
HEP.N,Energy,762
NFG.N,Utilities,763
TDOC.N,Health Care,764
NEX.N,Energy,765
ESPR.OQ,Health Care,766
PKG.N,Industrials,767
PI.OQ,Technology,768
SFL.N,Industrials,769
TDC.N,Technology,770
ADNT.N,Consumer Discretionary,771
ANF.N,Consumer Discretionary,772
BG.N,Consumer Staples,773
LUV.N,Consumer Discretionary,774
HCC.N,Energy,775
SRPT.OQ,Health Care,776
A.N,Health Care,777
NSIT.OQ,Technology,778
BIG.N,Consumer Discretionary,779
LTHM.N,Basic Materials,780
SEM.N,Health Care,781
CNC.N,Health Care,782
MHK.N,Industrials,783
WH.N,Consumer Discretionary,784
BGS.N,Consumer Staples,785
VC.OQ,Consumer Discretionary,786
PRO.N,Technology,787
HUN.N,Basic Materials,788
LRCX.OQ,Technology,789
CASA.OQ,Telecommunications,790
EFX.N,Industrials,791
REVG.N,Industrials,792
ALLE.N,Industrials,793
GPI.N,Consumer Discretionary,794
TNDM.OQ,Health Care,795
RVNC.OQ,Health Care,796
BKR.OQ,Energy,797
DOV.N,Industrials,798
APD.N,Basic Materials,799
ZD.OQ,Technology,800
SAGE.OQ,Health Care,801
CTVA.N,Consumer Staples,802
MD.N,Health Care,803
NOG.N,Energy,804
CWK.N,Real Estate,805
PARR.N,Energy,806
HLX.N,Energy,807
BFb.N,Consumer Staples,808
DBI.N,Consumer Discretionary,809
IHRT.OQ,Consumer Discretionary,810
DLTR.OQ,Consumer Discretionary,811
CHRS.OQ,Health Care,812
ALV.N,Consumer Discretionary,813
CAL.N,Consumer Discretionary,814
AME.N,Industrials,815
IONS.OQ,Health Care,816
PNR.N,Industrials,817
ABG.N,Consumer Discretionary,818
SMAR.N,Technology,819
TRU.N,Industrials,820
AROC.N,Energy,821
RH.N,Consumer Discretionary,822
RHI.N,Industrials,823
WLK.N,Basic Materials,824
PPG.N,Industrials,825
ALSN.N,Industrials,826
QURE.OQ,Health Care,827
OLN.N,Basic Materials,828
NGVT.N,Basic Materials,829
BZUN.OQ,Technology,830
SSP.OQ,Consumer Discretionary,831
MRNA.OQ,Health Care,832
LAMR.OQ,Real Estate,833
TAP.N,Consumer Staples,834
BAX.N,Health Care,835
WWE.N,Consumer Discretionary,836
TTMI.OQ,Technology,837
SWK.N,Industrials,838
HZNP.OQ,Health Care,839
HUBS.N,Technology,840
INTU.OQ,Technology,841
FLS.N,Industrials,842
TNET.N,Industrials,843
ED.N,Utilities,844
LYFT.OQ,Consumer Discretionary,845
PPC.OQ,Consumer Staples,846
NDLS.OQ,Consumer Discretionary,847
MDB.OQ,Technology,848
IRDM.OQ,Telecommunications,849
DNLI.OQ,Health Care,850
BKNG.OQ,Consumer Discretionary,851
LDOS.N,Technology,852
ETSY.OQ,Consumer Discretionary,853
KEYS.N,Industrials,854
SE.N,Technology,855
RL.N,Consumer Discretionary,856
XRX.OQ,Technology,857
EVRI.N,Consumer Discretionary,858
AMRX.N,Health Care,859
G.N,Industrials,860
LEA.N,Consumer Discretionary,861
NKE.N,Consumer Discretionary,862
CTAS.OQ,Industrials,863
REAL.OQ,Consumer Discretionary,864
ALLO.OQ,Health Care,865
NVT.N,Industrials,866
JKS.N,Energy,867
TXT.N,Industrials,868
TRMB.OQ,Industrials,869
SNX.N,Technology,870
SEDG.OQ,Energy,871
MCO.N,Financials,872
EVH.N,Health Care,873
COST.OQ,Consumer Discretionary,874
KLAC.OQ,Technology,875
JNPR.N,Telecommunications,876
PLCE.OQ,Consumer Discretionary,877
RGS.N,Consumer Discretionary,878
MOS.N,Basic Materials,879
TER.OQ,Technology,880
CARG.OQ,Technology,881
SPGI.N,Financials,882
GIII.OQ,Consumer Discretionary,883
RDFN.OQ,Real Estate,884
ANET.N,Telecommunications,885
GPC.N,Consumer Discretionary,886
MTSI.OQ,Technology,887
ACIW.OQ,Industrials,888
AOS.N,Industrials,889
CMPR.OQ,Industrials,890
DG.N,Consumer Discretionary,891
GLOG_pa.N,Industrials,892
FND.N,Consumer Discretionary,893
LGFa.N,Consumer Discretionary,894
VCYT.OQ,Health Care,895
LSCC.OQ,Technology,896
GES.N,Consumer Discretionary,897
FBHS.N,Industrials,898
SPLK.OQ,Technology,899
TPR.N,Consumer Discretionary,900
KURA.OQ,Health Care,901
WNC.N,Industrials,902
CE.N,Basic Materials,903
SKX.N,Consumer Discretionary,904
ENLC.N,Energy,905
ORLY.OQ,Consumer Discretionary,906
RRR.OQ,Consumer Discretionary,907
PBYI.OQ,Health Care,908
CDNA.OQ,Health Care,909
CAH.N,Health Care,910
OUT.N,Real Estate,911
CF.N,Basic Materials,912
CTRA.N,Energy,913
SPR.N,Industrials,914
AMT.N,Real Estate,915
CHD.N,Consumer Staples,916
SPOT.N,Consumer Discretionary,917
CCK.N,Industrials,918
PVH.N,Consumer Discretionary,919
TSCO.OQ,Consumer Discretionary,920
WTW.OQ,Financials,921
SPB.N,Consumer Staples,922
WEN.OQ,Consumer Discretionary,923
IRTC.OQ,Health Care,924
ARW.N,Technology,925
OII.N,Energy,926
FL.N,Consumer Discretionary,927
CNSL.OQ,Telecommunications,928
RSG.N,Utilities,929
TGNA.N,Consumer Discretionary,930
FMC.N,Basic Materials,931
ODP.OQ,Consumer Discretionary,932
NYT.N,Consumer Discretionary,933
CMS.N,Utilities,934
BALL.N,Industrials,935
TT.N,Industrials,936
NOC.N,Industrials,937
EL.N,Consumer Discretionary,938
TRUE.OQ,Technology,939
TWOU.OQ,Consumer Discretionary,940
AMCX.OQ,Consumer Discretionary,941
ATVI.OQ,Consumer Discretionary,942
SAH.N,Consumer Discretionary,943
CNDT.OQ,Industrials,944
LIN.N,Basic Materials,945
CVI.N,Energy,946
ESI.N,Basic Materials,947
VRRM.OQ,Industrials,948
ROL.N,Consumer Discretionary,949
BMRN.OQ,Health Care,950
SYNH.OQ,Health Care,951
CDW.OQ,Technology,952
SYK.N,Health Care,953
BKD.N,Health Care,954
HL.N,Basic Materials,955
LH.N,Health Care,956
MRVL.OQ,Technology,957
AKTS.OQ,Telecommunications,958
AMD.OQ,Technology,959
WEC.N,Utilities,960
ZTS.N,Health Care,961
AXTA.N,Industrials,962
WRK.N,Industrials,963
ZBH.N,Health Care,964
EMN.N,Basic Materials,965
PACB.OQ,Health Care,966
PWR.N,Industrials,967
NI.N,Utilities,968
CHGG.N,Consumer Discretionary,969
ACHC.OQ,Health Care,970
HOLX.OQ,Health Care,971
WETF.OQ,Financials,972
DAN.N,Consumer Discretionary,973
VCEL.OQ,Health Care,974
ES.N,Utilities,975
FLWS.OQ,Consumer Discretionary,976
BIDU.OQ,Technology,977
WSC.OQ,Industrials,978
ELAN.N,Health Care,979
PDD.OQ,Technology,980
BDX.N,Health Care,981
MTZ.N,Industrials,982
CORT.OQ,Health Care,983
NOW.N,Technology,984
TECK.N,Basic Materials,985
MKC.N,Consumer Staples,986
AA.N,Basic Materials,987
DRI.N,Consumer Discretionary,988
BC.N,Industrials,989
CTLT.N,Health Care,990
THO.N,Consumer Discretionary,991
NUE.N,Basic Materials,992
CHRW.OQ,Industrials,993
UAL.OQ,Consumer Discretionary,994
MCK.N,Consumer Staples,995
TWLO.N,Technology,996
PH.N,Industrials,997
EXAS.OQ,Health Care,998
SAVE.N,Consumer Discretionary,999
ROK.N,Industrials,1000
YUMC.N,Consumer Discretionary,1001
SGRY.OQ,Health Care,1002
LBRT.N,Energy,1003
JBL.N,Technology,1004
DXCM.OQ,Health Care,1005
FUL.N,Industrials,1006
CLX.N,Consumer Staples,1007
SHOP.N,Technology,1008
CBRE.N,Real Estate,1009
NDAQ.OQ,Financials,1010
VRAY.OQ,Health Care,1011
CME.OQ,Financials,1012
INFN.OQ,Telecommunications,1013
JHG.N,Financials,1014
PSTG.N,Technology,1015
NS.N,Energy,1016
LGND.OQ,Health Care,1017
GLOP.N,Industrials,1018
EBIX.OQ,Technology,1019
WM.N,Utilities,1020
WAB.N,Industrials,1021
GEL.N,Energy,1022
JMIA.N,Technology,1023
HSIC.OQ,Health Care,1024
SUN.N,Energy,1025
UGI.N,Utilities,1026
STZ.N,Consumer Staples,1027
GT.OQ,Consumer Discretionary,1028
CHDN.OQ,Consumer Discretionary,1029
PII.N,Consumer Discretionary,1030
COHR.OQ,Technology,1031
BLDR.N,Industrials,1032
XPER.OQ,Technology,1033
CDAY.N,Technology,1034
QTWO.N,Technology,1035
TSN.N,Consumer Staples,1036
TEL.N,Technology,1037
FTI.N,Energy,1038
OSTK.OQ,Consumer Discretionary,1039
MNST.OQ,Consumer Staples,1040
KTB.N,Consumer Discretionary,1041
BYD.N,Consumer Discretionary,1042
FLT.N,Industrials,1043
NXPI.OQ,Technology,1044
EIX.N,Utilities,1045
TMO.N,Health Care,1046
BIP.N,Utilities,1047
CEQP.N,Energy,1048
DKS.N,Consumer Discretionary,1049
CHX.OQ,Energy,1050
PEG.N,Utilities,1051
BIIB.OQ,Health Care,1052
GD.N,Industrials,1053
HCSG.OQ,Health Care,1054
ABC.N,Consumer Staples,1055
LKQ.OQ,Consumer Discretionary,1056
SUM.N,Industrials,1057
RES.N,Energy,1058
DTE.N,Utilities,1059
DVA.N,Health Care,1060
PINS.N,Technology,1061
R.N,Industrials,1062
SBGI.OQ,Consumer Discretionary,1063
PLAY.OQ,Consumer Discretionary,1064
PLUG.OQ,Energy,1065
FE.N,Utilities,1066
WDC.OQ,Technology,1067
ADM.N,Consumer Staples,1068
CPRT.OQ,Consumer Discretionary,1069
NXST.OQ,Consumer Discretionary,1070
CERS.OQ,Health Care,1071
GPN.N,Industrials,1072
SITE.N,Consumer Discretionary,1073
GLNG.OQ,Energy,1074
FDX.N,Industrials,1075
KAR.N,Consumer Discretionary,1076
CHTR.OQ,Telecommunications,1077
SNA.N,Industrials,1078
APH.N,Technology,1079
INVA.OQ,Health Care,1080
MMP.N,Energy,1081
NKTR.OQ,Health Care,1082
NTNX.OQ,Technology,1083
MMC.N,Financials,1084
KHC.OQ,Consumer Staples,1085
PDCO.OQ,Health Care,1086
SEAS.N,Consumer Discretionary,1087
IQV.N,Health Care,1088
ECL.N,Basic Materials,1089
OLLI.OQ,Consumer Discretionary,1090
PAG.N,Consumer Discretionary,1091
FAST.OQ,Basic Materials,1092
DGX.N,Health Care,1093
NOV.N,Energy,1094
LBTYA.OQ,Telecommunications,1095
ENR.N,Consumer Staples,1096
MO.N,Consumer Staples,1097
SQ.N,Industrials,1098
ENPH.OQ,Energy,1099
AN.N,Consumer Discretionary,1100
MDRX.OQ,Technology,1101
AEE.N,Utilities,1102
SIG.N,Consumer Discretionary,1103
ADBE.OQ,Technology,1104
CMI.N,Industrials,1105
STX.OQ,Technology,1106
RIGL.OQ,Health Care,1107
COTY.N,Consumer Discretionary,1108
SHAK.N,Consumer Discretionary,1109
CCI.N,Real Estate,1110
PXD.N,Energy,1111
IRBT.OQ,Consumer Discretionary,1112
OSW.OQ,Consumer Discretionary,1113
GE.N,Industrials,1114
CTSH.OQ,Technology,1115
CPE.N,Energy,1116
ICE.N,Financials,1117
BABA.N,Consumer Discretionary,1118
MIDD.OQ,Industrials,1119
USFD.N,Consumer Staples,1120
PDCE.OQ,Energy,1121
CAG.N,Consumer Staples,1122
UNVR.N,Basic Materials,1123
SCCO.N,Basic Materials,1124
DINO.N,Energy,1125
PAYX.OQ,Industrials,1126
NCR.N,Technology,1127
KNX.N,Industrials,1128
AEP.OQ,Utilities,1129
ALB.N,Basic Materials,1130
NTAP.OQ,Technology,1131
CRM.N,Technology,1132
ACM.N,Industrials,1133
TME.N,Consumer Discretionary,1134
KSS.N,Consumer Discretionary,1135
APTV.N,Consumer Discretionary,1136
DAL.N,Consumer Discretionary,1137
YELP.N,Technology,1138
TREX.N,Industrials,1139
CL.N,Consumer Staples,1140
LEG.N,Consumer Discretionary,1141
QIWI.OQ,Industrials,1142
BBY.N,Consumer Discretionary,1143
VMW.N,Technology,1144
PPL.N,Utilities,1145
NVTA.N,Health Care,1146
SSNC.OQ,Technology,1147
QCOM.OQ,Technology,1148
CPB.N,Consumer Staples,1149
NGL.N,Energy,1150
NEM.N,Basic Materials,1151
BLMN.OQ,Consumer Discretionary,1152
BYND.OQ,Consumer Staples,1153
K.N,Consumer Staples,1154
XEL.OQ,Utilities,1155
IGT.N,Consumer Discretionary,1156
STNE.OQ,Industrials,1157
HOUS.N,Real Estate,1158
AXL.N,Consumer Discretionary,1159
SO.N,Utilities,1160
GM.N,Consumer Discretionary,1161
JCI.N,Industrials,1162
AVTR.N,Health Care,1163
TROX.N,Basic Materials,1164
FOLD.OQ,Health Care,1165
HP.N,Energy,1166
MDLZ.OQ,Consumer Staples,1167
CVNA.N,Consumer Discretionary,1168
CLB.N,Energy,1169
AON.N,Financials,1170
VIPS.N,Consumer Discretionary,1171
DISH.OQ,Telecommunications,1172
WY.N,Real Estate,1173
BERY.N,Industrials,1174
HRL.N,Consumer Staples,1175
JBLU.OQ,Consumer Discretionary,1176
SHW.N,Industrials,1177
QRTEA.OQ,Consumer Discretionary,1178
FTV.N,Industrials,1179
MAT.OQ,Consumer Discretionary,1180
AVGO.OQ,Technology,1181
FLR.N,Industrials,1182
LVS.N,Consumer Discretionary,1183
KMX.N,Consumer Discretionary,1184
NWL.OQ,Consumer Discretionary,1185
CAKE.OQ,Consumer Discretionary,1186
NLOK.OQ,Technology,1187
NSC.N,Industrials,1188
IR.N,Industrials,1189
DDD.N,Technology,1190
FIS.N,Industrials,1191
FANG.OQ,Energy,1192
ITW.N,Industrials,1193
GIS.N,Consumer Staples,1194
YNDX.OQ,Technology,1195
WHR.N,Consumer Discretionary,1196
TJX.N,Consumer Discretionary,1197
NFLX.OQ,Consumer Discretionary,1198
PAGP.OQ,Energy,1199
FOXA.OQ,Consumer Discretionary,1200
RAD.N,Consumer Staples,1201
WSM.N,Consumer Discretionary,1202
MDT.N,Health Care,1203
IFF.N,Basic Materials,1204
CNK.N,Consumer Discretionary,1205
BSX.N,Health Care,1206
AMAT.OQ,Technology,1207
BCRX.OQ,Health Care,1208
NAT.N,Industrials,1209
D.N,Utilities,1210
ABT.N,Health Care,1211
COMM.OQ,Telecommunications,1212
EXC.OQ,Utilities,1213
SM.N,Energy,1214
DK.N,Energy,1215
UPS.N,Industrials,1216
ADP.OQ,Industrials,1217
GPRO.OQ,Consumer Discretionary,1218
MODG.N,Consumer Discretionary,1219
ACN.N,Industrials,1220
FLEX.OQ,Technology,1221
SRE.N,Utilities,1222
NVDA.OQ,Technology,1223
CVS.N,Consumer Staples,1224
KDP.OQ,Consumer Staples,1225
AES.N,Utilities,1226
HON.OQ,Industrials,1227
LMT.N,Industrials,1228
SPWR.OQ,Energy,1229
NRG.N,Utilities,1230
HALO.OQ,Health Care,1231
INSM.OQ,Health Care,1232
UBER.N,Consumer Discretionary,1233
MMM.N,Industrials,1234
TXN.OQ,Technology,1235
TPX.N,Consumer Discretionary,1236
PEP.OQ,Consumer Staples,1237
PG.N,Consumer Staples,1238
HWM.N,Industrials,1239
CAT.N,Industrials,1240
WES.N,Energy,1241
TMUS.OQ,Telecommunications,1242
FTCH.N,Consumer Discretionary,1243
ATUS.N,Telecommunications,1244
TGT.N,Consumer Discretionary,1245
LYV.N,Consumer Discretionary,1246
IRM.N,Real Estate,1247
AMRN.OQ,Health Care,1248
ANGI.OQ,Consumer Discretionary,1249
GLW.N,Technology,1250
CPRI.N,Consumer Discretionary,1251
MRK.N,Health Care,1252
KOS.N,Energy,1253
AMGN.OQ,Health Care,1254
FCEL.OQ,Energy,1255
ON.OQ,Technology,1256
WBA.OQ,Consumer Staples,1257
IP.N,Basic Materials,1258
ADT.N,Industrials,1259
MA.N,Industrials,1260
WMT.N,Consumer Discretionary,1261
KO.N,Consumer Staples,1262
FISV.OQ,Industrials,1263
NEE.N,Utilities,1264
NTES.OQ,Consumer Discretionary,1265
VTRS.OQ,Health Care,1266
TRGP.N,Energy,1267
PBF.N,Energy,1268
OI.N,Industrials,1269
OMC.N,Consumer Discretionary,1270
ENOV.N,Health Care,1271
WYNN.OQ,Consumer Discretionary,1272
SABR.OQ,Consumer Discretionary,1273
EXPE.OQ,Consumer Discretionary,1274
EMR.N,Industrials,1275
HOG.N,Consumer Discretionary,1276
OKE.N,Energy,1277
CNP.N,Utilities,1278
DUK.N,Utilities,1279
GPS.N,Consumer Discretionary,1280
LYB.N,Basic Materials,1281
JWN.N,Consumer Discretionary,1282
CSX.OQ,Industrials,1283
PYPL.OQ,Industrials,1284
IPG.N,Consumer Discretionary,1285
ORCL.N,Technology,1286
EBAY.OQ,Consumer Discretionary,1287
KR.N,Consumer Staples,1288
MAR.OQ,Consumer Discretionary,1289
BMY.N,Health Care,1290
MGY.N,Energy,1291
QSR.N,Consumer Discretionary,1292
DVN.N,Energy,1293
CC.N,Basic Materials,1294
PSX.N,Energy,1295
VLO.N,Energy,1296
JNJ.N,Health Care,1297
EOG.N,Energy,1298
HPE.N,Technology,1299
M.N,Consumer Discretionary,1300
MU.OQ,Technology,1301
DXC.N,Technology,1302
ARMK.N,Consumer Discretionary,1303
UNP.N,Industrials,1304
INTC.OQ,Technology,1305
AM.N,Energy,1306
RTX.N,Industrials,1307
WBD.OQ,Consumer Discretionary,1308
CSCO.OQ,Telecommunications,1309
URI.N,Industrials,1310
DOW.N,Basic Materials,1311
KMI.N,Energy,1312
VST.N,Utilities,1313
PBI.N,Industrials,1314
CVX.N,Energy,1315
PTEN.OQ,Energy,1316
X.N,Basic Materials,1317
ETRN.N,Energy,1318
GILD.OQ,Health Care,1319
DD.N,Industrials,1320
PENN.OQ,Consumer Discretionary,1321
HES.N,Energy,1322
DIS.N,Consumer Discretionary,1323
LOW.N,Consumer Discretionary,1324
CAR.OQ,Consumer Discretionary,1325
SYY.N,Consumer Staples,1326
CLF.N,Basic Materials,1327
OVV.N,Energy,1328
F.N,Consumer Discretionary,1329
CZR.OQ,Consumer Discretionary,1330
OPK.OQ,Health Care,1331
VZ.N,Telecommunications,1332
CMCSA.OQ,Telecommunications,1333
MUR.N,Energy,1334
IBM.N,Technology,1335
HBI.N,Consumer Discretionary,1336
PAA.OQ,Energy,1337
V.N,Industrials,1338
MCHP.OQ,Technology,1339
GME.N,Consumer Discretionary,1340
XPO.N,Industrials,1341
WMB.N,Energy,1342
CCL.N,Consumer Discretionary,1343
FCX.N,Basic Materials,1344
AMZN.OQ,Consumer Discretionary,1345
MGM.N,Consumer Discretionary,1346
RIG.N,Energy,1347
AMC.N,Consumer Discretionary,1348
NCLH.N,Consumer Discretionary,1349
RCL.N,Consumer Discretionary,1350
COP.N,Energy,1351
RRC.N,Energy,1352
AAPL.OQ,Technology,1353
MPLX.N,Energy,1354
GOOGL.OQ,Technology,1355
MSFT.OQ,Technology,1356
LUMN.N,Telecommunications,1357
PARA.OQ,Consumer Discretionary,1358
META.OQ,Technology,1359
TSLA.OQ,Consumer Discretionary,1360
MPC.N,Energy,1361
APA.OQ,Energy,1362
T.N,Telecommunications,1363
MRO.N,Energy,1364
HAL.N,Energy,1365
XOM.N,Energy,1366
OXY.N,Energy,1367
ET.N,Energy,1368
