Instrument,ICB Industry name,Rank
GLOP.N,Industrials,1
SM.N,Energy,2
BRY.OQ,Energy,3
PLBY.OQ,Consumer Staples,4
IPI.N,Basic Materials,5
NMM.N,Industrials,6
CNX.N,Energy,7
VSEC.OQ,Industrials,8
GPRE.OQ,Energy,9
QD.N,Financials,10
ANAB.OQ,Health Care,11
WFRD.OQ,Energy,12
MTW.N,Industrials,13
ANDE.OQ,Consumer Staples,14
KNX.N,Industrials,15
KLIC.OQ,Technology,16
MAXN.OQ,Energy,17
DAC.N,Industrials,18
TMST.N,Basic Materials,19
DDS.N,Consumer Discretionary,20
DEN.N,Energy,21
ZEUS.OQ,Basic Materials,22
HCCI.OQ,Utilities,23
X.N,Basic Materials,24
GSL.N,Industrials,25
CIVI.N,Energy,26
METC.OQ,Energy,27
SCOR.OQ,Technology,28
ENTA.OQ,Health Care,29
HZO.N,Consumer Discretionary,30
PERI.OQ,Technology,31
CRK.N,Energy,32
CPLP.OQ,Industrials,33
BLUE.OQ,Health Care,34
MX.N,Technology,35
ASIX.N,Basic Materials,36
NUE.N,Basic Materials,37
TGH.N,Industrials,38
TNK.N,Industrials,39
TPC.N,Industrials,40
RUSHA.OQ,Consumer Discretionary,41
ACLS.OQ,Technology,42
CSV.N,Consumer Discretionary,43
TGLS.N,Industrials,44
CCRN.OQ,Industrials,45
EVC.N,Consumer Discretionary,46
HUBG.OQ,Industrials,47
III.OQ,Industrials,48
SXC.N,Energy,49
CTS.N,Technology,50
KN.N,Consumer Discretionary,51
NVT.N,Industrials,52
GLP.N,Energy,53
CPS.N,Consumer Discretionary,54
OLN.N,Basic Materials,55
SUM.N,Industrials,56
INSW.N,Industrials,57
LE.OQ,Consumer Discretionary,58
CRNC.OQ,Technology,59
RYI.N,Basic Materials,60
ARCB.OQ,Industrials,61
EBIX.OQ,Technology,62
UCTT.OQ,Technology,63
TDOC.N,Health Care,64
SGC.OQ,Consumer Discretionary,65
GTHX.OQ,Health Care,66
UFPI.OQ,Basic Materials,67
TALO.N,Energy,68
ASLE.OQ,Industrials,69
LEGH.OQ,Consumer Discretionary,70
KIDS.OQ,Health Care,71
REGN.OQ,Health Care,72
LGND.OQ,Health Care,73
SCHN.OQ,Basic Materials,74
STLD.OQ,Basic Materials,75
APOG.OQ,Industrials,76
FSLR.OQ,Energy,77
AOSL.OQ,Technology,78
ASO.OQ,Consumer Discretionary,79
MERC.OQ,Basic Materials,80
NOVA.N,Utilities,81
GMS.N,Industrials,82
MARA.OQ,Financials,83
PDCE.OQ,Energy,84
ATKR.N,Industrials,85
URBN.OQ,Consumer Discretionary,86
WIRE.OQ,Industrials,87
UFI.N,Basic Materials,88
TH.OQ,Industrials,89
CYRX.OQ,Industrials,90
CARA.OQ,Health Care,91
CSIQ.OQ,Energy,92
CARS.N,Consumer Discretionary,93
AIR.N,Industrials,94
GHC.N,Consumer Discretionary,95
APYX.OQ,Health Care,96
RRX.N,Industrials,97
CENT.OQ,Consumer Discretionary,98
TWNK.OQ,Consumer Staples,99
FIX.N,Industrials,100
SPTN.OQ,Consumer Staples,101
LH.N,Health Care,102
TRS.OQ,Industrials,103
AMSC.OQ,Energy,104
DY.N,Industrials,105
WCC.N,Industrials,106
CTLP.OQ,Industrials,107
OTTR.OQ,Industrials,108
CDXS.OQ,Health Care,109
NOTV.OQ,Health Care,110
BLD.N,Industrials,111
HBIO.OQ,Health Care,112
KOP.N,Basic Materials,113
BV.N,Industrials,114
ARLP.OQ,Energy,115
BIO.N,Health Care,116
KMT.N,Industrials,117
SMPL.OQ,Consumer Staples,118
WRK.N,Industrials,119
SP.OQ,Industrials,120
KMDA.OQ,Health Care,121
KSS.N,Consumer Discretionary,122
STRL.OQ,Industrials,123
FWRD.OQ,Industrials,124
DOOR.N,Industrials,125
SSP.OQ,Consumer Discretionary,126
GNK.N,Industrials,127
M.N,Consumer Discretionary,128
AN.N,Consumer Discretionary,129
TVTX.OQ,Health Care,130
FLR.N,Industrials,131
CBZ.N,Industrials,132
AY.OQ,Utilities,133
EQT.N,Energy,134
SXI.N,Industrials,135
AMOT.OQ,Industrials,136
IOSP.OQ,Basic Materials,137
CNNE.N,Financials,138
BLFS.OQ,Health Care,139
GIII.OQ,Consumer Discretionary,140
FBIO.OQ,Health Care,141
VRAY.OQ,Health Care,142
JHG.N,Financials,143
LOVE.OQ,Consumer Discretionary,144
MESA.OQ,Consumer Discretionary,145
ACM.N,Industrials,146
NRIX.OQ,Health Care,147
ATEX.OQ,Telecommunications,148
SHYF.OQ,Industrials,149
BPMC.OQ,Health Care,150
BG.N,Consumer Staples,151
KRTX.OQ,Health Care,152
SCVL.OQ,Consumer Discretionary,153
ITCI.OQ,Health Care,154
SNDR.N,Industrials,155
CTMX.OQ,Health Care,156
PI.OQ,Technology,157
NXGN.OQ,Health Care,158
IPAR.OQ,Consumer Discretionary,159
NPO.N,Industrials,160
BBCP.OQ,Industrials,161
GLT.N,Basic Materials,162
BGFV.OQ,Consumer Discretionary,163
VERI.OQ,Technology,164
EAR.OQ,Health Care,165
RMBS.OQ,Technology,166
SEER.OQ,Health Care,167
BTAI.OQ,Health Care,168
TRUP.OQ,Financials,169
GLDD.OQ,Industrials,170
WETF.OQ,Financials,171
CLF.N,Basic Materials,172
CWENa.N,Utilities,173
RVMD.OQ,Health Care,174
AVT.OQ,Technology,175
CSTE.OQ,Industrials,176
LTRX.OQ,Telecommunications,177
ZUMZ.OQ,Consumer Discretionary,178
MG.N,Industrials,179
CNXN.OQ,Technology,180
ENOV.N,Health Care,181
SAIA.OQ,Industrials,182
GEVO.OQ,Energy,183
FCEL.OQ,Energy,184
PACK.N,Industrials,185
MXL.OQ,Technology,186
GH.OQ,Health Care,187
DIOD.OQ,Technology,188
PWR.N,Industrials,189
PAG.N,Consumer Discretionary,190
VAPO.N,Health Care,191
CNC.N,Health Care,192
AGS.N,Consumer Discretionary,193
DQ.N,Basic Materials,194
APG.N,Industrials,195
WOLF.N,Technology,196
J.N,Industrials,197
FSLY.N,Technology,198
CTRN.OQ,Consumer Discretionary,199
LOOP.OQ,Utilities,200
AXGN.OQ,Health Care,201
EGIO.OQ,Technology,202
SIG.N,Consumer Discretionary,203
NSTG.OQ,Health Care,204
REX.N,Energy,205
OMI.N,Health Care,206
SIMO.OQ,Technology,207
JLL.N,Real Estate,208
HSII.OQ,Industrials,209
FDP.N,Consumer Staples,210
AFMD.OQ,Health Care,211
JELD.N,Industrials,212
ARAY.OQ,Health Care,213
EME.N,Industrials,214
BBW.N,Consumer Discretionary,215
MRO.N,Energy,216
SYNH.OQ,Health Care,217
HCAT.OQ,Health Care,218
URI.N,Industrials,219
VREX.OQ,Health Care,220
ARLO.N,Consumer Discretionary,221
NEP.N,Utilities,222
GFF.N,Industrials,223
DAR.N,Consumer Staples,224
MLM.N,Industrials,225
BE.N,Industrials,226
LRN.N,Consumer Discretionary,227
DECK.N,Consumer Discretionary,228
IBP.N,Industrials,229
FORM.OQ,Technology,230
LUNA.OQ,Industrials,231
CVCO.OQ,Consumer Discretionary,232
PHR.N,Health Care,233
OPCH.OQ,Health Care,234
IIIN.N,Industrials,235
PLOW.N,Industrials,236
FUV.OQ,Consumer Discretionary,237
HLIO.N,Industrials,238
AMK.N,Financials,239
ATGE.N,Consumer Discretionary,240
GCO.N,Consumer Discretionary,241
PGTI.N,Industrials,242
AZTA.OQ,Health Care,243
ROG.N,Technology,244
GT.OQ,Consumer Discretionary,245
ATSG.OQ,Industrials,246
MEDP.OQ,Health Care,247
KRP.N,Energy,248
ALLO.OQ,Health Care,249
REVG.N,Industrials,250
KAI.N,Industrials,251
ACHC.OQ,Health Care,252
CNDT.OQ,Industrials,253
HIBB.OQ,Consumer Discretionary,254
MCRI.OQ,Consumer Discretionary,255
ADCT.N,Health Care,256
SWAV.OQ,Health Care,257
UTHR.OQ,Health Care,258
DKS.N,Consumer Discretionary,259
PRGO.N,Health Care,260
SLAB.OQ,Technology,261
DGX.N,Health Care,262
AVNT.N,Basic Materials,263
COLM.OQ,Consumer Discretionary,264
BOOT.N,Consumer Discretionary,265
CRAI.OQ,Industrials,266
ICLK.OQ,Consumer Discretionary,267
COHR.OQ,Technology,268
CNTY.OQ,Consumer Discretionary,269
ICFI.OQ,Industrials,270
QRTEA.OQ,Consumer Discretionary,271
XPO.N,Industrials,272
REKR.OQ,Industrials,273
ASPN.N,Industrials,274
ALEX.N,Real Estate,275
TWI.N,Industrials,276
SKLZ.N,Technology,277
OM.OQ,Health Care,278
NVEE.OQ,Industrials,279
SEDG.OQ,Energy,280
OSUR.OQ,Health Care,281
HYLN.N,Industrials,282
INSP.N,Health Care,283
MNRO.OQ,Consumer Discretionary,284
WOR.N,Basic Materials,285
BBY.N,Consumer Discretionary,286
CIEN.N,Telecommunications,287
CMC.N,Basic Materials,288
INSM.OQ,Health Care,289
REAL.OQ,Consumer Discretionary,290
ELF.N,Consumer Discretionary,291
OMCL.OQ,Health Care,292
BBSI.OQ,Industrials,293
SB.N,Industrials,294
ALG.N,Industrials,295
CALM.OQ,Consumer Staples,296
OSTK.OQ,Consumer Discretionary,297
SYNA.OQ,Technology,298
FSR.N,Consumer Discretionary,299
SSNC.OQ,Technology,300
MTZ.N,Industrials,301
RCKT.OQ,Health Care,302
CRL.N,Health Care,303
PLUG.OQ,Energy,304
AMRC.N,Energy,305
MRNA.OQ,Health Care,306
VRA.OQ,Consumer Discretionary,307
GES.N,Consumer Discretionary,308
TSLA.OQ,Consumer Discretionary,309
PBH.N,Health Care,310
ANF.N,Consumer Discretionary,311
ASTE.OQ,Industrials,312
WTS.N,Industrials,313
WOOF.OQ,Consumer Discretionary,314
OOMA.N,Telecommunications,315
MCS.N,Consumer Discretionary,316
CROX.OQ,Consumer Discretionary,317
WWW.N,Consumer Discretionary,318
CAL.N,Consumer Discretionary,319
SOLO.OQ,Consumer Discretionary,320
HGEN.OQ,Health Care,321
THR.N,Industrials,322
EPC.N,Consumer Staples,323
FUL.N,Industrials,324
CLFD.OQ,Telecommunications,325
MOMO.OQ,Technology,326
MIDD.OQ,Industrials,327
FL.N,Consumer Discretionary,328
KE.OQ,Technology,329
EVBG.OQ,Technology,330
MOS.N,Basic Materials,331
PTVE.OQ,Industrials,332
FLWS.OQ,Consumer Discretionary,333
YEXT.N,Technology,334
BGS.N,Consumer Staples,335
AGR.N,Utilities,336
TDW.N,Energy,337
AMN.N,Industrials,338
CPE.N,Energy,339
NET.N,Technology,340
CKPT.OQ,Health Care,341
AAP.N,Consumer Discretionary,342
PKOH.OQ,Industrials,343
CHE.N,Health Care,344
THC.N,Health Care,345
QUOT.N,Consumer Discretionary,346
SMTC.OQ,Technology,347
JNPR.N,Telecommunications,348
PLAB.OQ,Technology,349
RL.N,Consumer Discretionary,350
KLAC.OQ,Technology,351
EGLE.OQ,Industrials,352
TMDX.OQ,Health Care,353
CACI.N,Technology,354
CVGW.OQ,Consumer Staples,355
TER.OQ,Technology,356
QGEN.N,Health Care,357
FSS.N,Industrials,358
SPNS.OQ,Technology,359
ULH.OQ,Industrials,360
ICE.N,Financials,361
TMO.N,Health Care,362
KRYS.OQ,Health Care,363
WSC.OQ,Industrials,364
R.N,Industrials,365
VCYT.OQ,Health Care,366
XPRO.N,Energy,367
HZNP.OQ,Health Care,368
SITE.N,Consumer Discretionary,369
KEYS.N,Industrials,370
NEWR.N,Technology,371
ZD.OQ,Technology,372
AMWD.OQ,Industrials,373
MTRX.OQ,Energy,374
ODFL.OQ,Industrials,375
HCKT.OQ,Technology,376
MD.N,Health Care,377
NR.N,Energy,378
INMD.OQ,Health Care,379
EOG.N,Energy,380
POR.N,Utilities,381
DORM.OQ,Consumer Discretionary,382
SMP.N,Consumer Discretionary,383
BMRN.OQ,Health Care,384
ATRA.OQ,Health Care,385
SPOT.N,Consumer Discretionary,386
LSTR.OQ,Industrials,387
FBHS.N,Industrials,388
QDEL.OQ,Health Care,389
VMC.N,Industrials,390
DNLI.OQ,Health Care,391
AMR.N,Energy,392
BSM.N,Energy,393
VERX.OQ,Technology,394
TEX.N,Industrials,395
CLH.N,Utilities,396
SLP.OQ,Technology,397
PRIM.OQ,Industrials,398
TNC.N,Industrials,399
BCO.N,Industrials,400
HUBB.N,Industrials,401
TWST.OQ,Health Care,402
GNRC.N,Industrials,403
DLTR.OQ,Consumer Discretionary,404
PRAX.OQ,Health Care,405
DGII.OQ,Telecommunications,406
AOS.N,Industrials,407
ASH.N,Basic Materials,408
HUN.N,Basic Materials,409
IRDM.OQ,Telecommunications,410
DDD.N,Technology,411
COST.OQ,Consumer Discretionary,412
EPAC.N,Industrials,413
QLYS.OQ,Technology,414
MWA.N,Industrials,415
NSIT.OQ,Technology,416
CERS.OQ,Health Care,417
VSTO.N,Consumer Discretionary,418
ACI.N,Consumer Staples,419
GEF.N,Industrials,420
AWI.N,Industrials,421
MOH.N,Health Care,422
TDY.N,Industrials,423
NEO.OQ,Health Care,424
FCFS.OQ,Financials,425
MATX.N,Industrials,426
LPG.N,Industrials,427
SOL.N,Energy,428
TTEK.OQ,Industrials,429
ENPH.OQ,Energy,430
INTU.OQ,Technology,431
ADBE.OQ,Technology,432
ATRC.OQ,Health Care,433
PLUS.OQ,Technology,434
XNCR.OQ,Health Care,435
RS.N,Basic Materials,436
NLTX.OQ,Health Care,437
ON.OQ,Technology,438
DHT.N,Industrials,439
FARO.OQ,Industrials,440
VRT.N,Technology,441
ODP.OQ,Consumer Discretionary,442
KFY.N,Industrials,443
RRC.N,Energy,444
FANG.OQ,Energy,445
MUR.N,Energy,446
COO.N,Health Care,447
DFIN.N,Industrials,448
COHU.OQ,Technology,449
TTWO.OQ,Consumer Discretionary,450
APPN.OQ,Technology,451
MRCY.OQ,Industrials,452
ABT.N,Health Care,453
SITM.OQ,Technology,454
CTRA.N,Energy,455
ANIK.OQ,Health Care,456
WERN.OQ,Industrials,457
PRTS.OQ,Consumer Discretionary,458
KWR.N,Basic Materials,459
CEVA.OQ,Technology,460
FWONA.OQ,Consumer Discretionary,461
TSCO.OQ,Consumer Discretionary,462
DSX.N,Industrials,463
NWE.OQ,Utilities,464
IAC.OQ,Technology,465
KOD.OQ,Health Care,466
SNDL.OQ,Health Care,467
LNDC.OQ,Consumer Staples,468
EXP.N,Industrials,469
TX.N,Basic Materials,470
MKSI.OQ,Industrials,471
RGP.OQ,Industrials,472
XPEV.N,Consumer Discretionary,473
HRI.N,Industrials,474
PACB.OQ,Health Care,475
ENSG.OQ,Health Care,476
MTSI.OQ,Technology,477
MTLS.OQ,Technology,478
AMWL.N,Health Care,479
CLVT.N,Technology,480
GDEN.OQ,Consumer Discretionary,481
SMCI.OQ,Technology,482
TREX.N,Industrials,483
SPWR.OQ,Energy,484
PTGX.OQ,Health Care,485
CVEO.N,Energy,486
CME.OQ,Financials,487
ECVT.N,Basic Materials,488
FTV.N,Industrials,489
SNX.N,Technology,490
ADP.OQ,Industrials,491
EIX.N,Utilities,492
RARE.OQ,Health Care,493
LULU.OQ,Consumer Discretionary,494
NSSC.OQ,Industrials,495
DRIO.OQ,Health Care,496
MTRN.N,Basic Materials,497
OSPN.OQ,Technology,498
ACN.N,Industrials,499
ERII.OQ,Industrials,500
OC.N,Industrials,501
AMED.OQ,Health Care,502
UPS.N,Industrials,503
FND.N,Consumer Discretionary,504
AQB.OQ,Consumer Staples,505
MAT.OQ,Consumer Discretionary,506
RPD.OQ,Technology,507
WHR.N,Consumer Discretionary,508
AEIS.OQ,Technology,509
RMAX.N,Real Estate,510
BNED.N,Consumer Discretionary,511
SLCA.N,Basic Materials,512
TTMI.OQ,Technology,513
EMKR.OQ,Technology,514
BERY.N,Industrials,515
NARI.OQ,Health Care,516
EXPD.OQ,Industrials,517
NVDA.OQ,Technology,518
CPSI.OQ,Health Care,519
NAT.N,Industrials,520
CD.OQ,Technology,521
POOL.OQ,Consumer Discretionary,522
CODI.N,Financials,523
CALX.N,Telecommunications,524
TSE.N,Industrials,525
WNS.N,Industrials,526
AVD.N,Basic Materials,527
RIG.N,Energy,528
GWRE.N,Technology,529
RDNT.OQ,Health Care,530
HSC.N,Utilities,531
GTES.N,Industrials,532
CDNS.OQ,Technology,533
TGNA.N,Consumer Discretionary,534
AKRO.OQ,Health Care,535
YNDX.OQ,Technology,536
TGT.N,Consumer Discretionary,537
LIN.N,Basic Materials,538
PDFS.OQ,Technology,539
GWRS.OQ,Utilities,540
CONN.OQ,Consumer Discretionary,541
RMR.OQ,Real Estate,542
USM.N,Telecommunications,543
B.N,Industrials,544
MATW.OQ,Consumer Discretionary,545
NSC.N,Industrials,546
HP.N,Energy,547
ARW.N,Technology,548
STX.OQ,Technology,549
BKH.N,Utilities,550
AZZ.N,Industrials,551
POWL.OQ,Industrials,552
EVA.N,Energy,553
HAYN.OQ,Basic Materials,554
GWW.N,Industrials,555
IDEX.OQ,Industrials,556
LFUS.OQ,Industrials,557
HI.N,Industrials,558
OGE.N,Utilities,559
ESE.N,Industrials,560
HOLX.OQ,Health Care,561
CHEF.OQ,Consumer Staples,562
ETD.N,Consumer Discretionary,563
DBI.N,Consumer Discretionary,564
NXPI.OQ,Technology,565
MCO.N,Financials,566
MGY.N,Energy,567
PKG.N,Industrials,568
CAPL.N,Energy,569
SBOW.N,Energy,570
F.N,Consumer Discretionary,571
WLK.N,Basic Materials,572
MLKN.OQ,Consumer Discretionary,573
AVO.OQ,Consumer Staples,574
INVE.OQ,Technology,575
GKOS.N,Health Care,576
FELE.OQ,Industrials,577
BLDR.N,Industrials,578
TREE.OQ,Financials,579
GPI.N,Consumer Discretionary,580
WK.N,Technology,581
NVST.N,Health Care,582
TLRY.OQ,Health Care,583
KTB.N,Consumer Discretionary,584
UNFI.N,Consumer Staples,585
ETSY.OQ,Consumer Discretionary,586
ENTG.OQ,Technology,587
LLY.N,Health Care,588
CTLT.N,Health Care,589
INO.OQ,Health Care,590
BAH.N,Industrials,591
CMRE.N,Industrials,592
SNOW.N,Technology,593
SKX.N,Consumer Discretionary,594
FHI.N,Financials,595
BCOR.OQ,Financials,596
COTY.N,Consumer Discretionary,597
MU.OQ,Technology,598
DNMR.N,Industrials,599
MTX.N,Basic Materials,600
SHO.N,Real Estate,601
ROLL.OQ,Basic Materials,602
CTSO.OQ,Health Care,603
SFT.OQ,Consumer Discretionary,604
DG.N,Consumer Discretionary,605
CDMO.OQ,Health Care,606
SKY.N,Consumer Discretionary,607
FTHM.OQ,Real Estate,608
GOGL.OQ,Industrials,609
SPH.N,Consumer Discretionary,610
TXG.OQ,Health Care,611
NTCT.OQ,Technology,612
JCI.N,Industrials,613
MASS.OQ,Health Care,614
SWBI.OQ,Consumer Discretionary,615
LOW.N,Consumer Discretionary,616
MSFT.OQ,Technology,617
MANH.OQ,Technology,618
PTEN.OQ,Energy,619
CERT.OQ,Health Care,620
KIRK.OQ,Consumer Discretionary,621
IFF.N,Basic Materials,622
OPK.OQ,Health Care,623
KR.N,Consumer Staples,624
ITGR.N,Health Care,625
JBHT.OQ,Industrials,626
NVGS.N,Industrials,627
WKHS.OQ,Industrials,628
TSN.N,Consumer Staples,629
PDSB.OQ,Health Care,630
ADSK.OQ,Technology,631
GLNG.OQ,Energy,632
JKS.N,Energy,633
RGEN.OQ,Health Care,634
TAP.N,Consumer Staples,635
SONO.OQ,Consumer Discretionary,636
SCSC.OQ,Technology,637
ANET.N,Telecommunications,638
TYL.N,Technology,639
SR.N,Utilities,640
FDX.N,Industrials,641
MRK.N,Health Care,642
VIPS.N,Consumer Discretionary,643
HQY.OQ,Health Care,644
AMD.OQ,Technology,645
CSL.N,Industrials,646
CPRT.OQ,Consumer Discretionary,647
WAT.N,Industrials,648
BRC.N,Industrials,649
TRVG.OQ,Consumer Discretionary,650
WLY.N,Consumer Discretionary,651
SJM.N,Consumer Staples,652
NX.N,Industrials,653
GEO.N,Real Estate,654
GPS.N,Consumer Discretionary,655
ALB.N,Basic Materials,656
DXCM.OQ,Health Care,657
RHI.N,Industrials,658
PXD.N,Energy,659
CDW.OQ,Technology,660
CBRE.N,Real Estate,661
GGG.N,Industrials,662
AIT.N,Industrials,663
ICLR.OQ,Health Care,664
BKD.N,Health Care,665
MPAA.OQ,Consumer Discretionary,666
SPGI.N,Financials,667
VRTS.OQ,Financials,668
SFM.OQ,Consumer Staples,669
TDS.N,Telecommunications,670
PTON.OQ,Consumer Discretionary,671
ASGN.N,Industrials,672
STE.N,Health Care,673
VSH.N,Technology,674
WMT.N,Consumer Discretionary,675
XPEL.OQ,Consumer Discretionary,676
ACA.N,Energy,677
LASR.OQ,Technology,678
FDS.N,Financials,679
EA.OQ,Consumer Discretionary,680
PRDO.OQ,Consumer Discretionary,681
FFIV.OQ,Technology,682
SCL.N,Basic Materials,683
CPRI.N,Consumer Discretionary,684
LZB.N,Consumer Discretionary,685
VRTX.OQ,Health Care,686
SCWX.OQ,Technology,687
VPG.N,Industrials,688
ENS.N,Industrials,689
DAVA.N,Technology,690
DCO.N,Industrials,691
IEX.N,Industrials,692
PKI.N,Health Care,693
KYMR.OQ,Health Care,694
CRM.N,Technology,695
ZG.OQ,Real Estate,696
REZI.N,Industrials,697
SSRM.OQ,Basic Materials,698
ZBRA.OQ,Industrials,699
NDAQ.OQ,Financials,700
RYTM.OQ,Health Care,701
LEVI.N,Consumer Discretionary,702
GOCO.OQ,Financials,703
META.OQ,Technology,704
RAD.N,Consumer Staples,705
SFL.N,Industrials,706
IT.N,Technology,707
NOMD.N,Consumer Staples,708
ANSS.OQ,Technology,709
HL.N,Basic Materials,710
ICUI.OQ,Health Care,711
GPC.N,Consumer Discretionary,712
SBLK.OQ,Industrials,713
USPH.N,Health Care,714
CBT.N,Basic Materials,715
INGR.N,Consumer Staples,716
CEQP.N,Energy,717
RSG.N,Utilities,718
HD.N,Consumer Discretionary,719
QIWI.OQ,Industrials,720
CTVA.N,Consumer Staples,721
MHK.N,Industrials,722
AGIO.OQ,Health Care,723
EVH.N,Health Care,724
WAB.N,Industrials,725
IQV.N,Health Care,726
TT.N,Industrials,727
KRO.N,Industrials,728
WLKP.N,Basic Materials,729
BABA.N,Consumer Discretionary,730
KRNT.OQ,Industrials,731
AMAT.OQ,Technology,732
NMRK.OQ,Real Estate,733
WSM.N,Consumer Discretionary,734
ABM.N,Industrials,735
NXST.OQ,Consumer Discretionary,736
DHR.N,Health Care,737
LKQ.OQ,Consumer Discretionary,738
OLLI.OQ,Consumer Discretionary,739
ZTS.N,Health Care,740
ALGS.OQ,Health Care,741
NOVT.OQ,Technology,742
H.N,Consumer Discretionary,743
AJG.N,Financials,744
WLDN.OQ,Industrials,745
XYL.N,Industrials,746
ACAD.OQ,Health Care,747
WDAY.OQ,Technology,748
XPER.OQ,Technology,749
HTLD.OQ,Industrials,750
FORR.OQ,Industrials,751
NKE.N,Consumer Discretionary,752
SANM.OQ,Technology,753
NTES.OQ,Consumer Discretionary,754
QURE.OQ,Health Care,755
NSP.N,Industrials,756
SHW.N,Industrials,757
BDC.N,Industrials,758
ALGM.OQ,Technology,759
MDRX.OQ,Technology,760
IR.N,Industrials,761
CWST.OQ,Utilities,762
AON.N,Financials,763
HAS.OQ,Consumer Discretionary,764
CNXC.OQ,Technology,765
HROW.OQ,Health Care,766
SFIX.OQ,Consumer Discretionary,767
LAZR.OQ,Consumer Discretionary,768
NTRA.OQ,Health Care,769
PNR.N,Industrials,770
TRMB.OQ,Industrials,771
WST.N,Health Care,772
SEIC.OQ,Financials,773
CRUS.OQ,Technology,774
CSWI.OQ,Industrials,775
CHX.OQ,Energy,776
SGH.OQ,Technology,777
AME.N,Industrials,778
RPM.N,Industrials,779
FGEN.OQ,Health Care,780
AIN.N,Industrials,781
CNMD.N,Health Care,782
IMGN.OQ,Health Care,783
DOV.N,Industrials,784
OSW.OQ,Consumer Discretionary,785
CSGS.OQ,Technology,786
MGPI.OQ,Consumer Staples,787
NDSN.OQ,Industrials,788
AVY.N,Basic Materials,789
ALE.N,Utilities,790
EW.N,Health Care,791
PLCE.OQ,Consumer Discretionary,792
PUMP.N,Energy,793
CVNA.N,Consumer Discretionary,794
REPL.OQ,Health Care,795
VST.N,Utilities,796
WNC.N,Industrials,797
TECK.N,Basic Materials,798
CMI.N,Industrials,799
APD.N,Basic Materials,800
PCT.OQ,Industrials,801
VRNT.OQ,Technology,802
MCFT.OQ,Consumer Discretionary,803
ALV.N,Consumer Discretionary,804
HURN.OQ,Industrials,805
CHRW.OQ,Industrials,806
UNVR.N,Basic Materials,807
WTTR.N,Energy,808
MTN.N,Consumer Discretionary,809
CASY.OQ,Consumer Staples,810
FOXF.OQ,Consumer Discretionary,811
OGS.N,Utilities,812
NFG.N,Utilities,813
UNP.N,Industrials,814
ANIP.OQ,Health Care,815
JNJ.N,Health Care,816
MRSN.OQ,Health Care,817
KEX.N,Industrials,818
FRG.OQ,Consumer Discretionary,819
ATVI.OQ,Consumer Discretionary,820
EFX.N,Industrials,821
AAPL.OQ,Technology,822
TKR.N,Basic Materials,823
KFRC.OQ,Industrials,824
TRUE.OQ,Technology,825
PGEN.OQ,Health Care,826
HELE.OQ,Consumer Discretionary,827
GOOGL.OQ,Technology,828
AVGO.OQ,Technology,829
PAYX.OQ,Industrials,830
LNTH.OQ,Health Care,831
PGNY.OQ,Health Care,832
PBF.N,Energy,833
MRVL.OQ,Technology,834
DNB.N,Technology,835
MED.N,Consumer Staples,836
AEE.N,Utilities,837
KBR.N,Technology,838
NFLX.OQ,Consumer Discretionary,839
WHD.N,Energy,840
CXW.N,Industrials,841
NWN.N,Utilities,842
BIG.N,Consumer Discretionary,843
FTNT.OQ,Technology,844
SATS.OQ,Telecommunications,845
LNT.OQ,Utilities,846
OVV.N,Energy,847
MTD.N,Industrials,848
DYN.OQ,Health Care,849
ARVN.OQ,Health Care,850
PTC.OQ,Technology,851
GCI.N,Consumer Discretionary,852
NOW.N,Technology,853
LEG.N,Consumer Discretionary,854
PEG.N,Utilities,855
ALRM.OQ,Technology,856
TEAM.OQ,Technology,857
BCC.N,Basic Materials,858
CHD.N,Consumer Staples,859
GEL.N,Energy,860
PCTY.OQ,Industrials,861
CTAS.OQ,Industrials,862
TME.N,Consumer Discretionary,863
PVH.N,Consumer Discretionary,864
ESI.N,Basic Materials,865
PAHC.OQ,Health Care,866
ACCO.N,Consumer Staples,867
PD.N,Technology,868
CVI.N,Energy,869
ROST.OQ,Consumer Discretionary,870
TNET.N,Industrials,871
DRQ.N,Energy,872
ITRI.OQ,Industrials,873
DINO.N,Energy,874
QRVO.OQ,Technology,875
DVN.N,Energy,876
ED.N,Utilities,877
EMR.N,Industrials,878
ALTO.OQ,Basic Materials,879
TXT.N,Industrials,880
KNOP.N,Industrials,881
EXC.OQ,Utilities,882
RYAM.N,Basic Materials,883
OIS.N,Energy,884
WGO.N,Consumer Discretionary,885
ITT.N,Industrials,886
ZM.OQ,Technology,887
CSTL.OQ,Health Care,888
MYRG.OQ,Industrials,889
AORT.N,Health Care,890
IDCC.OQ,Telecommunications,891
HLX.N,Energy,892
EXPI.OQ,Real Estate,893
SILK.OQ,Health Care,894
ORA.N,Utilities,895
LTHM.N,Basic Materials,896
FCN.N,Industrials,897
FN.N,Technology,898
XRAY.OQ,Health Care,899
TECH.OQ,Health Care,900
AAON.OQ,Industrials,901
AZEK.N,Industrials,902
BIDU.OQ,Technology,903
WSO.N,Industrials,904
HAIN.OQ,Consumer Staples,905
LSCC.OQ,Technology,906
HSIC.OQ,Health Care,907
LCII.N,Consumer Discretionary,908
BRKR.OQ,Health Care,909
OSIS.OQ,Industrials,910
NOV.N,Energy,911
OLED.OQ,Technology,912
DOCU.OQ,Technology,913
BBIO.OQ,Health Care,914
FE.N,Utilities,915
LRCX.OQ,Technology,916
WTW.OQ,Financials,917
NATI.OQ,Technology,918
ENV.N,Technology,919
CCI.N,Real Estate,920
BILL.N,Industrials,921
MMC.N,Financials,922
SEM.N,Health Care,923
SWX.N,Utilities,924
MEC.N,Industrials,925
PSN.N,Technology,926
LECO.OQ,Industrials,927
OXM.N,Consumer Discretionary,928
AVNS.N,Health Care,929
NEX.N,Energy,930
MATV.N,Basic Materials,931
MOGa.N,Industrials,932
EQIX.OQ,Real Estate,933
BILI.OQ,Technology,934
CRDb.N,Financials,935
INCY.OQ,Health Care,936
BCPC.OQ,Basic Materials,937
ALPN.OQ,Health Care,938
SAIC.N,Technology,939
LDOS.N,Technology,940
OEC.N,Basic Materials,941
SXT.N,Basic Materials,942
INT.N,Energy,943
CYBR.OQ,Technology,944
AKAM.OQ,Technology,945
RRGB.OQ,Consumer Discretionary,946
AMPH.OQ,Health Care,947
LOCO.OQ,Consumer Discretionary,948
APTV.N,Consumer Discretionary,949
TPR.N,Consumer Discretionary,950
LHX.N,Industrials,951
LILA.OQ,Telecommunications,952
ELAN.N,Health Care,953
CRI.N,Consumer Discretionary,954
TTEC.OQ,Industrials,955
CAMT.OQ,Technology,956
CSCO.OQ,Telecommunications,957
RPRX.OQ,Health Care,958
IDXX.OQ,Health Care,959
CTSH.OQ,Technology,960
CHRS.OQ,Health Care,961
EGAN.OQ,Technology,962
DSGR.OQ,Industrials,963
NWL.OQ,Consumer Discretionary,964
SPB.N,Consumer Staples,965
GATO.N,Basic Materials,966
CEIX.N,Energy,967
PAYC.N,Technology,968
A.N,Health Care,969
PNW.N,Utilities,970
INNV.OQ,Health Care,971
EXPO.OQ,Industrials,972
SEE.N,Industrials,973
CRS.N,Basic Materials,974
NJR.N,Utilities,975
CHUY.OQ,Consumer Discretionary,976
ADM.N,Consumer Staples,977
PMVP.OQ,Health Care,978
MSA.N,Industrials,979
TEL.N,Technology,980
AVTR.N,Health Care,981
MGTA.OQ,Health Care,982
AMZN.OQ,Consumer Discretionary,983
EMN.N,Basic Materials,984
CVX.N,Energy,985
SAVE.N,Consumer Discretionary,986
PCRX.OQ,Health Care,987
THO.N,Consumer Discretionary,988
CW.N,Industrials,989
NBR.N,Energy,990
HA.OQ,Consumer Discretionary,991
USNA.N,Consumer Staples,992
SIBN.OQ,Health Care,993
LAUR.OQ,Consumer Discretionary,994
SLQT.N,Consumer Discretionary,995
PFSW.OQ,Industrials,996
DM.N,Industrials,997
SAH.N,Consumer Discretionary,998
NGVT.N,Basic Materials,999
CSX.OQ,Industrials,1000
WWE.N,Consumer Discretionary,1001
MMS.N,Industrials,1002
RADA.OQ,Industrials,1003
TROX.N,Basic Materials,1004
HOG.N,Consumer Discretionary,1005
PSTG.N,Technology,1006
INGN.OQ,Health Care,1007
AROC.N,Energy,1008
STZ.N,Consumer Staples,1009
ARCH.N,Energy,1010
DLB.N,Technology,1011
LCUT.OQ,Consumer Discretionary,1012
TJX.N,Consumer Discretionary,1013
KDP.OQ,Consumer Staples,1014
CWH.N,Consumer Discretionary,1015
DISH.OQ,Telecommunications,1016
AVNW.OQ,Telecommunications,1017
MMP.N,Energy,1018
PH.N,Industrials,1019
SWK.N,Industrials,1020
RES.N,Energy,1021
OFIX.OQ,Health Care,1022
ATRO.OQ,Industrials,1023
BURL.N,Consumer Discretionary,1024
NETI.N,Industrials,1025
THS.N,Consumer Staples,1026
EXLS.OQ,Industrials,1027
FC.N,Industrials,1028
SCS.N,Consumer Discretionary,1029
SMG.N,Basic Materials,1030
UHS.N,Health Care,1031
KRUS.OQ,Consumer Discretionary,1032
NCNO.OQ,Technology,1033
SGRY.OQ,Health Care,1034
RLAY.OQ,Health Care,1035
SDGR.OQ,Technology,1036
ABCL.OQ,Health Care,1037
SUPN.OQ,Health Care,1038
VSAT.OQ,Telecommunications,1039
JJSF.OQ,Consumer Staples,1040
RMD.N,Health Care,1041
GPK.N,Industrials,1042
VLO.N,Energy,1043
ICAD.OQ,Health Care,1044
AVAV.OQ,Industrials,1045
BJ.N,Consumer Discretionary,1046
AWK.N,Utilities,1047
CWK.N,Real Estate,1048
VTRS.OQ,Health Care,1049
DCI.N,Industrials,1050
ITW.N,Industrials,1051
CE.N,Basic Materials,1052
ITOS.OQ,Health Care,1053
CMTL.OQ,Telecommunications,1054
FIVE.OQ,Consumer Discretionary,1055
WH.N,Consumer Discretionary,1056
RH.N,Consumer Discretionary,1057
CVLG.OQ,Industrials,1058
HEI.N,Industrials,1059
LITE.OQ,Telecommunications,1060
STR.N,Energy,1061
WWD.OQ,Industrials,1062
FTI.N,Energy,1063
NBIX.OQ,Health Care,1064
UGI.N,Utilities,1065
NGL.N,Energy,1066
ADNT.N,Consumer Discretionary,1067
FLO.N,Consumer Staples,1068
PSNL.OQ,Health Care,1069
BSY.OQ,Technology,1070
RIOT.OQ,Financials,1071
BTU.N,Energy,1072
DK.N,Energy,1073
RDFN.OQ,Real Estate,1074
CRNT.OQ,Telecommunications,1075
PPG.N,Industrials,1076
DLX.N,Industrials,1077
HBI.N,Consumer Discretionary,1078
EVR.N,Financials,1079
MSM.N,Industrials,1080
OCX.OQ,Health Care,1081
CRTO.OQ,Technology,1082
SRCL.OQ,Utilities,1083
XRX.OQ,Technology,1084
CAT.N,Industrials,1085
FAST.OQ,Basic Materials,1086
AYI.N,Industrials,1087
MDLZ.OQ,Consumer Staples,1088
PTCT.OQ,Health Care,1089
VEEV.N,Health Care,1090
GMED.N,Health Care,1091
TILE.OQ,Consumer Discretionary,1092
NYT.N,Consumer Discretionary,1093
BDX.N,Health Care,1094
EGRX.OQ,Health Care,1095
JYNT.OQ,Health Care,1096
CBRL.OQ,Consumer Discretionary,1097
PATK.OQ,Industrials,1098
CVS.N,Consumer Staples,1099
PCG.N,Utilities,1100
JBLU.OQ,Consumer Discretionary,1101
GTH.OQ,Health Care,1102
EL.N,Consumer Discretionary,1103
HII.N,Industrials,1104
AMT.N,Real Estate,1105
SYK.N,Health Care,1106
ZBH.N,Health Care,1107
TNDM.OQ,Health Care,1108
ZEPP.N,Consumer Discretionary,1109
RYN.N,Real Estate,1110
GD.N,Industrials,1111
KAMN.N,Industrials,1112
COP.N,Energy,1113
PDD.OQ,Technology,1114
HOUS.N,Real Estate,1115
ENVA.N,Financials,1116
MCHP.OQ,Technology,1117
TIGO.OQ,Telecommunications,1118
CLNE.OQ,Consumer Discretionary,1119
BWXT.N,Industrials,1120
DELL.N,Technology,1121
D.N,Utilities,1122
QCOM.OQ,Technology,1123
ADPT.OQ,Health Care,1124
BIIB.OQ,Health Care,1125
UTZ.N,Consumer Staples,1126
ECL.N,Basic Materials,1127
HPE.N,Technology,1128
CIDM.OQ,Consumer Discretionary,1129
VRRM.OQ,Industrials,1130
GTLS.N,Industrials,1131
QTRX.OQ,Health Care,1132
EB.N,Technology,1133
LGFa.N,Consumer Discretionary,1134
VIAV.OQ,Telecommunications,1135
MIRM.OQ,Health Care,1136
PLXS.OQ,Technology,1137
JWN.N,Consumer Discretionary,1138
SLGN.N,Industrials,1139
PG.N,Consumer Staples,1140
LAB.OQ,Health Care,1141
IHRT.OQ,Consumer Discretionary,1142
OPEN.OQ,Real Estate,1143
ARMK.N,Consumer Discretionary,1144
KMX.N,Consumer Discretionary,1145
ILMN.OQ,Health Care,1146
VMI.N,Industrials,1147
IGT.N,Consumer Discretionary,1148
ROK.N,Industrials,1149
DOX.OQ,Technology,1150
POST.N,Consumer Staples,1151
EBS.N,Health Care,1152
HCC.N,Energy,1153
ARKO.OQ,Consumer Discretionary,1154
ALT.OQ,Health Care,1155
VMW.N,Technology,1156
INTC.OQ,Technology,1157
RBBN.OQ,Telecommunications,1158
MANU.N,Consumer Discretionary,1159
SNA.N,Industrials,1160
CHKP.OQ,Technology,1161
IBEX.OQ,Industrials,1162
FIXX.OQ,Health Care,1163
LXFR.N,Industrials,1164
OPRA.OQ,Technology,1165
G.N,Industrials,1166
STKS.OQ,Consumer Discretionary,1167
STOK.OQ,Health Care,1168
LIND.OQ,Consumer Discretionary,1169
HON.OQ,Industrials,1170
SUN.N,Energy,1171
ATO.N,Utilities,1172
KAR.N,Consumer Discretionary,1173
WEC.N,Utilities,1174
BFAM.N,Consumer Discretionary,1175
BMY.N,Health Care,1176
AEP.OQ,Utilities,1177
SMAR.N,Technology,1178
SRE.N,Utilities,1179
PCH.OQ,Real Estate,1180
ACMR.OQ,Technology,1181
AMEH.OQ,Health Care,1182
XL.N,Consumer Discretionary,1183
CF.N,Basic Materials,1184
ABBV.N,Health Care,1185
WM.N,Utilities,1186
IRM.N,Real Estate,1187
NEXA.N,Basic Materials,1188
AJRD.N,Industrials,1189
CNK.N,Consumer Discretionary,1190
AXTA.N,Industrials,1191
FMC.N,Basic Materials,1192
SPXC.N,Industrials,1193
DTE.N,Utilities,1194
ARNC.N,Basic Materials,1195
GAN.OQ,Technology,1196
AA.N,Basic Materials,1197
ITRN.OQ,Industrials,1198
HALO.OQ,Health Care,1199
GIS.N,Consumer Staples,1200
DBX.OQ,Technology,1201
NI.N,Utilities,1202
PARR.N,Energy,1203
PDCO.OQ,Health Care,1204
SRRK.OQ,Health Care,1205
VICR.OQ,Industrials,1206
AVA.N,Utilities,1207
MKC.N,Consumer Staples,1208
UEIC.OQ,Consumer Discretionary,1209
PFE.N,Health Care,1210
WEN.OQ,Consumer Discretionary,1211
VC.OQ,Consumer Discretionary,1212
SPLK.OQ,Technology,1213
AGCO.N,Industrials,1214
CMS.N,Utilities,1215
GE.N,Industrials,1216
PPC.OQ,Consumer Staples,1217
RIGL.OQ,Health Care,1218
JBL.N,Technology,1219
HLIT.OQ,Telecommunications,1220
PPL.N,Utilities,1221
XOM.N,Energy,1222
KDNY.OQ,Health Care,1223
RNG.N,Technology,1224
LAD.N,Consumer Discretionary,1225
DUK.N,Utilities,1226
DXC.N,Technology,1227
ETRN.N,Energy,1228
BKI.N,Technology,1229
GME.N,Consumer Discretionary,1230
CNSL.OQ,Telecommunications,1231
ARCO.N,Consumer Discretionary,1232
ENLC.N,Energy,1233
WTRG.N,Utilities,1234
AMGN.OQ,Health Care,1235
LUMN.N,Telecommunications,1236
ZS.OQ,Technology,1237
MOD.N,Industrials,1238
NVTA.N,Health Care,1239
CDE.N,Basic Materials,1240
UPLD.OQ,Technology,1241
WBD.OQ,Consumer Discretionary,1242
GOSS.OQ,Health Care,1243
CCK.N,Industrials,1244
IRTC.OQ,Health Care,1245
IART.OQ,Health Care,1246
CMCO.OQ,Industrials,1247
MMSI.OQ,Health Care,1248
ES.N,Utilities,1249
TXRH.OQ,Consumer Discretionary,1250
KOS.N,Energy,1251
GPRO.OQ,Consumer Discretionary,1252
WBA.OQ,Consumer Staples,1253
MPC.N,Energy,1254
MMM.N,Industrials,1255
FOXA.OQ,Consumer Discretionary,1256
PLAY.OQ,Consumer Discretionary,1257
APH.N,Technology,1258
JAMF.OQ,Technology,1259
SQ.N,Industrials,1260
NCLH.N,Consumer Discretionary,1261
SAM.N,Consumer Staples,1262
BDTX.OQ,Health Care,1263
SRI.N,Consumer Discretionary,1264
DTIL.OQ,Health Care,1265
TRGP.N,Energy,1266
MODV.OQ,Health Care,1267
MUSA.N,Consumer Discretionary,1268
CAMP.OQ,Telecommunications,1269
LW.N,Consumer Staples,1270
CAG.N,Consumer Staples,1271
ACIW.OQ,Industrials,1272
KPTI.OQ,Health Care,1273
FIVN.OQ,Technology,1274
AES.N,Utilities,1275
RETA.OQ,Health Care,1276
SWI.N,Technology,1277
BJRI.OQ,Consumer Discretionary,1278
JBT.N,Industrials,1279
ATNI.OQ,Telecommunications,1280
LBRT.N,Energy,1281
TPX.N,Consumer Discretionary,1282
ST.N,Industrials,1283
MNST.OQ,Consumer Staples,1284
OXY.N,Energy,1285
LEA.N,Consumer Discretionary,1286
AM.N,Energy,1287
ORLY.OQ,Consumer Discretionary,1288
WIX.OQ,Technology,1289
T.N,Telecommunications,1290
MGM.N,Consumer Discretionary,1291
SAGE.OQ,Health Care,1292
ABG.N,Consumer Discretionary,1293
CPB.N,Consumer Staples,1294
HCA.N,Health Care,1295
CLDX.OQ,Health Care,1296
NVRO.N,Health Care,1297
PRTA.OQ,Health Care,1298
ALKS.OQ,Health Care,1299
EDIT.OQ,Health Care,1300
NUVA.OQ,Health Care,1301
STAA.OQ,Health Care,1302
MAN.N,Industrials,1303
VRCA.OQ,Health Care,1304
AMCX.OQ,Consumer Discretionary,1305
DCPH.OQ,Health Care,1306
PAA.OQ,Energy,1307
BNGO.OQ,Health Care,1308
NWSA.OQ,Consumer Discretionary,1309
EYE.OQ,Consumer Discretionary,1310
LANC.OQ,Consumer Staples,1311
VNT.N,Industrials,1312
LBTYA.OQ,Telecommunications,1313
BALL.N,Industrials,1314
EBAY.OQ,Consumer Discretionary,1315
NEM.N,Basic Materials,1316
VZ.N,Telecommunications,1317
HRL.N,Consumer Staples,1318
DD.N,Industrials,1319
SSTK.N,Technology,1320
AMRX.N,Health Care,1321
RCL.N,Consumer Discretionary,1322
BSX.N,Health Care,1323
CAH.N,Health Care,1324
GDOT.N,Industrials,1325
VRSK.OQ,Industrials,1326
DRI.N,Consumer Discretionary,1327
ORIC.OQ,Health Care,1328
DDOG.OQ,Technology,1329
VTNR.OQ,Utilities,1330
CL.N,Consumer Staples,1331
NEE.N,Utilities,1332
IPG.N,Consumer Discretionary,1333
RAMP.N,Technology,1334
AXON.OQ,Industrials,1335
DOYU.OQ,Technology,1336
K.N,Consumer Staples,1337
FROG.OQ,Technology,1338
CENX.OQ,Basic Materials,1339
KHC.OQ,Consumer Staples,1340
FRPT.OQ,Consumer Staples,1341
VVI.N,Consumer Discretionary,1342
ASND.OQ,Health Care,1343
CNP.N,Utilities,1344
TFX.N,Health Care,1345
PSMT.OQ,Consumer Discretionary,1346
DAN.N,Consumer Discretionary,1347
PRFT.OQ,Technology,1348
KO.N,Consumer Staples,1349
BIP.N,Utilities,1350
TDC.N,Technology,1351
V.N,Industrials,1352
XEL.OQ,Utilities,1353
BEST.N,Industrials,1354
NS.N,Energy,1355
BMI.N,Industrials,1356
GO.OQ,Consumer Staples,1357
PEP.OQ,Consumer Staples,1358
TRU.N,Industrials,1359
IPGP.OQ,Technology,1360
PANW.OQ,Technology,1361
ADT.N,Industrials,1362
CAKE.OQ,Consumer Discretionary,1363
FNKO.OQ,Consumer Discretionary,1364
BRO.N,Financials,1365
BAX.N,Health Care,1366
ANNX.OQ,Health Care,1367
PASG.OQ,Health Care,1368
USFD.N,Consumer Staples,1369
IP.N,Basic Materials,1370
HSY.N,Consumer Staples,1371
CASA.OQ,Telecommunications,1372
NRG.N,Utilities,1373
KURA.OQ,Health Care,1374
CLX.N,Consumer Staples,1375
BL.OQ,Technology,1376
COLL.OQ,Health Care,1377
SKYW.OQ,Consumer Discretionary,1378
BKR.OQ,Energy,1379
PETQ.OQ,Health Care,1380
BR.N,Financials,1381
UTL.N,Utilities,1382
BYD.N,Consumer Discretionary,1383
CLSD.OQ,Health Care,1384
EXAS.OQ,Health Care,1385
AYX.N,Technology,1386
BKNG.OQ,Consumer Discretionary,1387
OKE.N,Energy,1388
ANGO.OQ,Health Care,1389
REYN.OQ,Consumer Staples,1390
NTGR.OQ,Telecommunications,1391
BOX.N,Technology,1392
PARA.OQ,Consumer Discretionary,1393
MAR.OQ,Consumer Discretionary,1394
JKHY.OQ,Industrials,1395
FLS.N,Industrials,1396
ROCK.OQ,Industrials,1397
SO.N,Utilities,1398
USAC.N,Energy,1399
RTX.N,Industrials,1400
INFN.OQ,Telecommunications,1401
ORCL.N,Technology,1402
BLKB.OQ,Technology,1403
ENR.N,Consumer Staples,1404
ABNB.OQ,Consumer Discretionary,1405
CZR.OQ,Consumer Discretionary,1406
WDC.OQ,Technology,1407
AFIB.OQ,Health Care,1408
MASI.OQ,Health Care,1409
HVT.N,Consumer Discretionary,1410
VFC.N,Consumer Discretionary,1411
TTC.N,Industrials,1412
DOW.N,Basic Materials,1413
PODD.OQ,Health Care,1414
HUYA.N,Technology,1415
TWOU.OQ,Consumer Discretionary,1416
ALIT.N,Industrials,1417
FCX.N,Basic Materials,1418
TMUS.OQ,Telecommunications,1419
VNOM.OQ,Energy,1420
ARCE.OQ,Consumer Discretionary,1421
OKTA.OQ,Technology,1422
RXT.OQ,Technology,1423
LMAT.OQ,Health Care,1424
LXRX.OQ,Health Care,1425
SON.N,Industrials,1426
PEN.N,Health Care,1427
BEAM.OQ,Health Care,1428
GNTX.OQ,Consumer Discretionary,1429
PAR.N,Technology,1430
ET.N,Energy,1431
SHOP.N,Technology,1432
ALK.N,Consumer Discretionary,1433
PRPL.OQ,Consumer Discretionary,1434
MDGL.OQ,Health Care,1435
GDYN.OQ,Technology,1436
TXN.OQ,Technology,1437
HEAR.OQ,Consumer Discretionary,1438
FICO.N,Industrials,1439
FULC.OQ,Health Care,1440
ANGI.OQ,Consumer Discretionary,1441
SSD.N,Industrials,1442
SPR.N,Industrials,1443
OLMA.OQ,Health Care,1444
NKTR.OQ,Health Care,1445
GLW.N,Technology,1446
CARR.N,Industrials,1447
SPCE.N,Industrials,1448
CHTR.OQ,Telecommunications,1449
MODN.N,Technology,1450
VITL.OQ,Consumer Staples,1451
DSKE.OQ,Industrials,1452
ZI.OQ,Technology,1453
LIVN.OQ,Health Care,1454
CRIS.OQ,Health Care,1455
CYTK.OQ,Health Care,1456
EHC.N,Health Care,1457
FIS.N,Industrials,1458
SRPT.OQ,Health Care,1459
PBI.N,Industrials,1460
NOC.N,Industrials,1461
MPLN.N,Health Care,1462
KTOS.OQ,Industrials,1463
PSX.N,Energy,1464
PAGP.OQ,Energy,1465
LOPE.OQ,Consumer Discretionary,1466
AZPN.OQ,Technology,1467
DKNG.OQ,Consumer Discretionary,1468
BIOX.OQ,Basic Materials,1469
BFb.N,Consumer Staples,1470
CABO.N,Telecommunications,1471
DT.N,Technology,1472
LMT.N,Industrials,1473
WDFC.OQ,Consumer Staples,1474
GRMN.N,Consumer Discretionary,1475
MPLX.N,Energy,1476
GM.N,Consumer Discretionary,1477
ALGT.OQ,Consumer Discretionary,1478
UAL.OQ,Consumer Discretionary,1479
MDT.N,Health Care,1480
KMB.N,Consumer Staples,1481
MODG.N,Consumer Discretionary,1482
FLT.N,Industrials,1483
ALLK.OQ,Health Care,1484
DIS.N,Consumer Discretionary,1485
AMRN.OQ,Health Care,1486
BLI.OQ,Health Care,1487
BC.N,Industrials,1488
WMB.N,Energy,1489
FISV.OQ,Industrials,1490
LYB.N,Basic Materials,1491
TGTX.OQ,Health Care,1492
HEP.N,Energy,1493
SHAK.N,Consumer Discretionary,1494
IIIV.OQ,Industrials,1495
OMC.N,Consumer Discretionary,1496
CUTR.OQ,Health Care,1497
PENN.OQ,Consumer Discretionary,1498
MA.N,Industrials,1499
CRWD.OQ,Technology,1500
ALSN.N,Industrials,1501
GPN.N,Industrials,1502
CLPT.OQ,Health Care,1503
HUBS.N,Technology,1504
NTAP.OQ,Technology,1505
GILD.OQ,Health Care,1506
LPX.N,Industrials,1507
FOLD.OQ,Health Care,1508
OUT.N,Real Estate,1509
CDLX.OQ,Consumer Discretionary,1510
HAL.N,Energy,1511
MYTE.N,Consumer Discretionary,1512
ONDS.OQ,Consumer Discretionary,1513
RRR.OQ,Consumer Discretionary,1514
FLL.OQ,Consumer Discretionary,1515
CDAY.N,Technology,1516
WY.N,Real Estate,1517
IONS.OQ,Health Care,1518
LAMR.OQ,Real Estate,1519
CCL.N,Consumer Discretionary,1520
VRM.OQ,Technology,1521
BYND.OQ,Consumer Staples,1522
RPAY.OQ,Industrials,1523
APPF.OQ,Technology,1524
KMI.N,Energy,1525
MLAB.OQ,Industrials,1526
PYPL.OQ,Industrials,1527
IBM.N,Technology,1528
HXL.N,Basic Materials,1529
CMCSA.OQ,Telecommunications,1530
QNST.OQ,Consumer Discretionary,1531
GHG.N,Consumer Discretionary,1532
NVAX.OQ,Health Care,1533
VFF.OQ,Consumer Staples,1534
EVTC.N,Industrials,1535
CHGG.N,Consumer Discretionary,1536
DNOW.N,Energy,1537
STNE.OQ,Industrials,1538
SE.N,Technology,1539
CGNT.OQ,Technology,1540
NCR.N,Technology,1541
SBH.N,Consumer Discretionary,1542
YUMC.N,Consumer Discretionary,1543
ATR.N,Industrials,1544
DMTK.OQ,Health Care,1545
ALLE.N,Industrials,1546
RVNC.OQ,Health Care,1547
SCPL.OQ,Consumer Discretionary,1548
ULTA.OQ,Consumer Discretionary,1549
HES.N,Energy,1550
LNN.N,Industrials,1551
EEFT.OQ,Industrials,1552
RCM.OQ,Health Care,1553
TRIP.OQ,Consumer Discretionary,1554
NDLS.OQ,Consumer Discretionary,1555
HYFM.OQ,Industrials,1556
HSTM.OQ,Health Care,1557
DVA.N,Health Care,1558
BALY.N,Consumer Discretionary,1559
LUV.N,Consumer Discretionary,1560
OII.N,Energy,1561
VCEL.OQ,Health Care,1562
BRP.OQ,Financials,1563
EXPE.OQ,Consumer Discretionary,1564
DZSI.OQ,Telecommunications,1565
IRWD.OQ,Health Care,1566
WES.N,Energy,1567
CORT.OQ,Health Care,1568
AVIR.OQ,Health Care,1569
CIR.N,Industrials,1570
FVRR.N,Technology,1571
VRNS.OQ,Technology,1572
HWM.N,Industrials,1573
IOVA.OQ,Health Care,1574
JMIA.N,Technology,1575
PII.N,Consumer Discretionary,1576
DASH.N,Technology,1577
ATHM.N,Technology,1578
SSTI.OQ,Industrials,1579
MTEM.OQ,Health Care,1580
QNCX.OQ,Health Care,1581
APLS.OQ,Health Care,1582
MGNI.OQ,Technology,1583
CC.N,Basic Materials,1584
NVCR.OQ,Health Care,1585
BIGC.OQ,Technology,1586
SCCO.N,Basic Materials,1587
TLS.OQ,Technology,1588
PRO.N,Technology,1589
TPIC.OQ,Energy,1590
FATE.OQ,Health Care,1591
BLMN.OQ,Consumer Discretionary,1592
THRM.OQ,Consumer Discretionary,1593
HCSG.OQ,Health Care,1594
BAND.OQ,Technology,1595
OI.N,Industrials,1596
FLEX.OQ,Technology,1597
AFYA.OQ,Consumer Discretionary,1598
LPSN.OQ,Technology,1599
AXL.N,Consumer Discretionary,1600
LYFT.OQ,Consumer Discretionary,1601
ALTR.OQ,Technology,1602
EVER.OQ,Technology,1603
MLCO.OQ,Consumer Discretionary,1604
SHC.OQ,Health Care,1605
TWLO.N,Technology,1606
COMM.OQ,Telecommunications,1607
LVS.N,Consumer Discretionary,1608
HESM.N,Energy,1609
ROL.N,Consumer Discretionary,1610
CVLT.OQ,Technology,1611
QSR.N,Consumer Discretionary,1612
NGMS.OQ,Consumer Discretionary,1613
SYY.N,Consumer Staples,1614
CSGP.OQ,Real Estate,1615
DAL.N,Consumer Discretionary,1616
UPWK.OQ,Technology,1617
MO.N,Consumer Staples,1618
TAL.N,Consumer Discretionary,1619
SHEN.OQ,Telecommunications,1620
QTWO.N,Technology,1621
EXPR.N,Consumer Discretionary,1622
DADA.OQ,Technology,1623
CLB.N,Energy,1624
OCUL.OQ,Health Care,1625
ALNY.OQ,Health Care,1626
GRPN.OQ,Technology,1627
MELI.OQ,Consumer Discretionary,1628
LPRO.OQ,Financials,1629
CHDN.OQ,Consumer Discretionary,1630
BWMX.OQ,Consumer Staples,1631
NFE.OQ,Energy,1632
VNET.OQ,Technology,1633
AGYS.OQ,Technology,1634
SABR.OQ,Consumer Discretionary,1635
API.OQ,Technology,1636
PEGA.OQ,Technology,1637
UBER.N,Consumer Discretionary,1638
PINS.N,Technology,1639
YSG.N,Consumer Discretionary,1640
KC.OQ,Technology,1641
CDNA.OQ,Health Care,1642
