Instrument,ICB Industry name,Rank
BABA.N,Consumer Discretionary,1
TLRY.OQ,Health Care,2
SNDL.OQ,Health Care,3
PDD.OQ,Technology,4
FCEL.OQ,Energy,5
VIPS.N,Consumer Discretionary,6
SOLO.OQ,Consumer Discretionary,7
BGFV.OQ,Consumer Discretionary,8
RIG.N,Energy,9
OPEN.OQ,Real Estate,10
RRC.N,Energy,11
PBF.N,Energy,12
TDOC.N,Health Care,13
LAZR.OQ,Consumer Discretionary,14
X.N,Basic Materials,15
QD.N,Financials,16
DM.N,Industrials,17
VRM.OQ,Technology,18
HLX.N,Energy,19
DOYU.OQ,Technology,20
WBD.OQ,Consumer Discretionary,21
VFF.OQ,Consumer Staples,22
LGFa.N,Consumer Discretionary,23
VSAT.OQ,Telecommunications,24
PAA.OQ,Energy,25
DISH.OQ,Telecommunications,26
WOOF.OQ,Consumer Discretionary,27
HP.N,Energy,28
GEVO.OQ,Energy,29
LUMN.N,Telecommunications,30
CPE.N,Energy,31
FTI.N,Energy,32
SM.N,Energy,33
ET.N,Energy,34
EQT.N,Energy,35
GEO.N,Real Estate,36
PTEN.OQ,Energy,37
JMIA.N,Technology,38
FSLY.N,Technology,39
WKHS.OQ,Industrials,40
AMWL.N,Health Care,41
SABR.OQ,Consumer Discretionary,42
BNGO.OQ,Health Care,43
NVTA.N,Health Care,44
ATVI.OQ,Consumer Discretionary,45
RES.N,Energy,46
TME.N,Consumer Discretionary,47
ANF.N,Consumer Discretionary,48
REKR.OQ,Industrials,49
CNX.N,Energy,50
PYPL.OQ,Industrials,51
NUVA.OQ,Health Care,52
SEM.N,Health Care,53
CCL.N,Consumer Discretionary,54
PARA.OQ,Consumer Discretionary,55
HOUS.N,Real Estate,56
BBY.N,Consumer Discretionary,57
DNMR.N,Industrials,58
PSX.N,Energy,59
GPRO.OQ,Consumer Discretionary,60
KSS.N,Consumer Discretionary,61
GT.OQ,Consumer Discretionary,62
SFIX.OQ,Consumer Discretionary,63
TH.OQ,Industrials,64
JBLU.OQ,Consumer Discretionary,65
LPSN.OQ,Technology,66
BYND.OQ,Consumer Staples,67
DASH.N,Technology,68
MCS.N,Consumer Discretionary,69
ZM.OQ,Technology,70
CRK.N,Energy,71
BV.N,Industrials,72
NCLH.N,Consumer Discretionary,73
SPCE.N,Industrials,74
ZEPP.N,Consumer Discretionary,75
FL.N,Consumer Discretionary,76
GPS.N,Consumer Discretionary,77
BIGC.OQ,Technology,78
PRPL.OQ,Consumer Discretionary,79
PRGO.N,Health Care,80
JWN.N,Consumer Discretionary,81
DKNG.OQ,Consumer Discretionary,82
QRTEA.OQ,Consumer Discretionary,83
PDCE.OQ,Energy,84
CRS.N,Basic Materials,85
VTRS.OQ,Health Care,86
NKTR.OQ,Health Care,87
TAP.N,Consumer Staples,88
VLO.N,Energy,89
STNE.OQ,Industrials,90
M.N,Consumer Discretionary,91
XOM.N,Energy,92
MRO.N,Energy,93
FOXA.OQ,Consumer Discretionary,94
URBN.OQ,Consumer Discretionary,95
UTZ.N,Consumer Staples,96
KURA.OQ,Health Care,97
MATV.N,Basic Materials,98
GDOT.N,Industrials,99
NXST.OQ,Consumer Discretionary,100
LYFT.OQ,Consumer Discretionary,101
KHC.OQ,Consumer Staples,102
CDLX.OQ,Consumer Discretionary,103
BMY.N,Health Care,104
DQ.N,Basic Materials,105
HYLN.N,Industrials,106
RPAY.OQ,Industrials,107
BKD.N,Health Care,108
CNSL.OQ,Telecommunications,109
API.OQ,Technology,110
SHO.N,Real Estate,111
CHX.OQ,Energy,112
TPIC.OQ,Energy,113
MA.N,Industrials,114
CLNE.OQ,Consumer Discretionary,115
NOV.N,Energy,116
V.N,Industrials,117
BLFS.OQ,Health Care,118
CRNC.OQ,Technology,119
NEXA.N,Basic Materials,120
SAVE.N,Consumer Discretionary,121
ELAN.N,Health Care,122
ONDS.OQ,Consumer Discretionary,123
PERI.OQ,Technology,124
AKRO.OQ,Health Care,125
TGH.N,Industrials,126
SWI.N,Technology,127
INSW.N,Industrials,128
BILI.OQ,Technology,129
RIOT.OQ,Financials,130
CENX.OQ,Basic Materials,131
WRK.N,Industrials,132
MPAA.OQ,Consumer Discretionary,133
CIDM.OQ,Consumer Discretionary,134
SKYW.OQ,Consumer Discretionary,135
TGTX.OQ,Health Care,136
MASS.OQ,Health Care,137
MLCO.OQ,Consumer Discretionary,138
LPRO.OQ,Financials,139
META.OQ,Technology,140
BNED.N,Consumer Discretionary,141
CEQP.N,Energy,142
LBRT.N,Energy,143
SFT.OQ,Consumer Discretionary,144
MGNI.OQ,Technology,145
CLF.N,Basic Materials,146
XPRO.N,Energy,147
IHRT.OQ,Consumer Discretionary,148
ARMK.N,Consumer Discretionary,149
FLWS.OQ,Consumer Discretionary,150
HA.OQ,Consumer Discretionary,151
CVI.N,Energy,152
EA.OQ,Consumer Discretionary,153
PINS.N,Technology,154
RYTM.OQ,Health Care,155
HIBB.OQ,Consumer Discretionary,156
PLTR.N,Technology,157
PSNL.OQ,Health Care,158
EB.N,Technology,159
HXL.N,Basic Materials,160
TIGO.OQ,Telecommunications,161
FLT.N,Industrials,162
GAN.OQ,Technology,163
TDS.N,Telecommunications,164
MOS.N,Basic Materials,165
DBI.N,Consumer Discretionary,166
CNK.N,Consumer Discretionary,167
GM.N,Consumer Discretionary,168
RLAY.OQ,Health Care,169
MOMO.OQ,Technology,170
RYAM.N,Basic Materials,171
UBER.N,Consumer Discretionary,172
SPR.N,Industrials,173
BIG.N,Consumer Discretionary,174
VRAY.OQ,Health Care,175
DDD.N,Technology,176
IIIV.OQ,Industrials,177
UAL.OQ,Consumer Discretionary,178
NR.N,Energy,179
CNDT.OQ,Industrials,180
HYFM.OQ,Industrials,181
YNDX.OQ,Technology,182
RRGB.OQ,Consumer Discretionary,183
TRVG.OQ,Consumer Discretionary,184
CVLG.OQ,Industrials,185
CNTY.OQ,Consumer Discretionary,186
BTAI.OQ,Health Care,187
TKR.N,Basic Materials,188
GRPN.OQ,Technology,189
AVIR.OQ,Health Care,190
MRSN.OQ,Health Care,191
KE.OQ,Technology,192
MESA.OQ,Consumer Discretionary,193
SKLZ.N,Technology,194
OIS.N,Energy,195
TNK.N,Industrials,196
SRRK.OQ,Health Care,197
ORIC.OQ,Health Care,198
PBI.N,Industrials,199
TWI.N,Industrials,200
APPN.OQ,Technology,201
WIX.OQ,Technology,202
ADSK.OQ,Technology,203
UPLD.OQ,Technology,204
XL.N,Consumer Discretionary,205
TPC.N,Industrials,206
GEF.N,Industrials,207
ARNC.N,Basic Materials,208
COTY.N,Consumer Discretionary,209
CRTO.OQ,Technology,210
AIR.N,Industrials,211
ACHC.OQ,Health Care,212
QNCX.OQ,Health Care,213
CAKE.OQ,Consumer Discretionary,214
ECVT.N,Basic Materials,215
VERI.OQ,Technology,216
SATS.OQ,Telecommunications,217
BLI.OQ,Health Care,218
GE.N,Industrials,219
NRIX.OQ,Health Care,220
GOOGL.OQ,Technology,221
AGCO.N,Industrials,222
UPWK.OQ,Technology,223
HQY.OQ,Health Care,224
DCO.N,Industrials,225
TRIP.OQ,Consumer Discretionary,226
OPRA.OQ,Technology,227
PLCE.OQ,Consumer Discretionary,228
OSTK.OQ,Consumer Discretionary,229
RVMD.OQ,Health Care,230
MATX.N,Industrials,231
KPTI.OQ,Health Care,232
OLN.N,Basic Materials,233
LSAK.OQ,Industrials,234
SBOW.N,Energy,235
DAR.N,Consumer Staples,236
WES.N,Energy,237
OXY.N,Energy,238
INTC.OQ,Technology,239
ACMR.OQ,Technology,240
SLQT.N,Consumer Discretionary,241
MGM.N,Consumer Discretionary,242
FCFS.OQ,Financials,243
NVST.N,Health Care,244
ALPN.OQ,Health Care,245
MARA.OQ,Financials,246
GLNG.OQ,Energy,247
SOL.N,Energy,248
MOGa.N,Industrials,249
NBR.N,Energy,250
LIND.OQ,Consumer Discretionary,251
SDGR.OQ,Technology,252
LOVE.OQ,Consumer Discretionary,253
PKOH.OQ,Industrials,254
HWM.N,Industrials,255
OSW.OQ,Consumer Discretionary,256
AMED.OQ,Health Care,257
CSTL.OQ,Health Care,258
AA.N,Basic Materials,259
GOCO.OQ,Financials,260
TSE.N,Industrials,261
FDP.N,Consumer Staples,262
FIS.N,Industrials,263
FBIO.OQ,Health Care,264
DAL.N,Consumer Discretionary,265
INSP.N,Health Care,266
DDS.N,Consumer Discretionary,267
PD.N,Technology,268
PAGP.OQ,Energy,269
WLK.N,Basic Materials,270
NGL.N,Energy,271
GTHX.OQ,Health Care,272
FCX.N,Basic Materials,273
ADCT.N,Health Care,274
DMTK.OQ,Health Care,275
YEXT.N,Technology,276
STR.N,Energy,277
ACIW.OQ,Industrials,278
NEO.OQ,Health Care,279
OI.N,Industrials,280
XPER.OQ,Technology,281
SILK.OQ,Health Care,282
PTVE.OQ,Industrials,283
TWST.OQ,Health Care,284
AORT.N,Health Care,285
TDW.N,Energy,286
CRIS.OQ,Health Care,287
CYRX.OQ,Industrials,288
VC.OQ,Consumer Discretionary,289
RCL.N,Consumer Discretionary,290
DKS.N,Consumer Discretionary,291
VNET.OQ,Technology,292
BSY.OQ,Technology,293
CARA.OQ,Health Care,294
EBIX.OQ,Technology,295
PAR.N,Technology,296
KIRK.OQ,Consumer Discretionary,297
IONS.OQ,Health Care,298
NTRA.OQ,Health Care,299
RNG.N,Technology,300
MUR.N,Energy,301
MODN.N,Technology,302
SEER.OQ,Health Care,303
GEL.N,Energy,304
SAH.N,Consumer Discretionary,305
TREE.OQ,Financials,306
SSRM.OQ,Basic Materials,307
HBI.N,Consumer Discretionary,308
COLL.OQ,Health Care,309
CHUY.OQ,Consumer Discretionary,310
DK.N,Energy,311
AMRX.N,Health Care,312
AMSC.OQ,Energy,313
SPLK.OQ,Technology,314
RIGL.OQ,Health Care,315
LILA.OQ,Telecommunications,316
JKS.N,Energy,317
PACB.OQ,Health Care,318
USFD.N,Consumer Staples,319
CSCO.OQ,Telecommunications,320
DNOW.N,Energy,321
PRTS.OQ,Consumer Discretionary,322
BBIO.OQ,Health Care,323
REPL.OQ,Health Care,324
XRX.OQ,Technology,325
NS.N,Energy,326
WOLF.N,Technology,327
SUM.N,Industrials,328
PASG.OQ,Health Care,329
UNVR.N,Basic Materials,330
ADPT.OQ,Health Care,331
APYX.OQ,Health Care,332
SE.N,Technology,333
ALK.N,Consumer Discretionary,334
OKTA.OQ,Technology,335
MNRO.OQ,Consumer Discretionary,336
TWOU.OQ,Consumer Discretionary,337
STLD.OQ,Basic Materials,338
TILE.OQ,Consumer Discretionary,339
PARR.N,Energy,340
BE.N,Industrials,341
KOP.N,Basic Materials,342
RAD.N,Consumer Staples,343
CERT.OQ,Health Care,344
EVC.N,Consumer Discretionary,345
AMZN.OQ,Consumer Discretionary,346
GCI.N,Consumer Discretionary,347
SCHN.OQ,Basic Materials,348
SSP.OQ,Consumer Discretionary,349
CIVI.N,Energy,350
HALO.OQ,Health Care,351
INT.N,Energy,352
TPR.N,Consumer Discretionary,353
VRA.OQ,Consumer Discretionary,354
JHG.N,Financials,355
LVS.N,Consumer Discretionary,356
WBA.OQ,Consumer Staples,357
CZR.OQ,Consumer Discretionary,358
PHR.N,Health Care,359
NAT.N,Industrials,360
PTSI.OQ,Industrials,361
CEIX.N,Energy,362
ATHM.N,Technology,363
EVER.OQ,Technology,364
HL.N,Basic Materials,365
KC.OQ,Technology,366
SPOT.N,Consumer Discretionary,367
EXPI.OQ,Real Estate,368
CBRL.OQ,Consumer Discretionary,369
LXFR.N,Industrials,370
CDE.N,Basic Materials,371
EVBG.OQ,Technology,372
RS.N,Basic Materials,373
KEX.N,Industrials,374
CONN.OQ,Consumer Discretionary,375
RTX.N,Industrials,376
RDFN.OQ,Real Estate,377
ENOV.N,Health Care,378
BBCP.OQ,Industrials,379
AMCX.OQ,Consumer Discretionary,380
EOG.N,Energy,381
SCSC.OQ,Technology,382
KWR.N,Basic Materials,383
ENVA.N,Financials,384
T.N,Telecommunications,385
SNOW.N,Technology,386
SP.OQ,Industrials,387
DHT.N,Industrials,388
MELI.OQ,Consumer Discretionary,389
BIIB.OQ,Health Care,390
VSEC.OQ,Industrials,391
AGIO.OQ,Health Care,392
HBIO.OQ,Health Care,393
SQ.N,Industrials,394
LOCO.OQ,Consumer Discretionary,395
USM.N,Telecommunications,396
BGS.N,Consumer Staples,397
PGNY.OQ,Health Care,398
GCO.N,Consumer Discretionary,399
YSG.N,Consumer Discretionary,400
LXRX.OQ,Health Care,401
COHU.OQ,Technology,402
FLL.OQ,Consumer Discretionary,403
BIDU.OQ,Technology,404
KNOP.N,Industrials,405
BSX.N,Health Care,406
OLLI.OQ,Consumer Discretionary,407
BPMC.OQ,Health Care,408
EVR.N,Financials,409
NVCR.OQ,Health Care,410
KMT.N,Industrials,411
DLX.N,Industrials,412
BLUE.OQ,Health Care,413
ANGI.OQ,Consumer Discretionary,414
MTX.N,Basic Materials,415
MDT.N,Health Care,416
DOW.N,Basic Materials,417
VITL.OQ,Consumer Staples,418
PLAY.OQ,Consumer Discretionary,419
CNMD.N,Health Care,420
ABCL.OQ,Health Care,421
ETRN.N,Energy,422
SGRY.OQ,Health Care,423
POWL.OQ,Industrials,424
GMED.N,Health Care,425
EMKR.OQ,Technology,426
SCS.N,Consumer Discretionary,427
SMG.N,Basic Materials,428
BRY.OQ,Energy,429
OLED.OQ,Technology,430
F.N,Consumer Discretionary,431
VRRM.OQ,Industrials,432
MAN.N,Industrials,433
NOVA.N,Utilities,434
RAMP.N,Technology,435
NGVT.N,Basic Materials,436
PVH.N,Consumer Discretionary,437
SHAK.N,Consumer Discretionary,438
LE.OQ,Consumer Discretionary,439
KOD.OQ,Health Care,440
PII.N,Consumer Discretionary,441
NSTG.OQ,Health Care,442
MRK.N,Health Care,443
AVT.OQ,Technology,444
DXC.N,Technology,445
TMDX.OQ,Health Care,446
CC.N,Basic Materials,447
CLPT.OQ,Health Care,448
AXGN.OQ,Health Care,449
WOR.N,Basic Materials,450
LAUR.OQ,Consumer Discretionary,451
CIR.N,Industrials,452
AVAV.OQ,Industrials,453
BJRI.OQ,Consumer Discretionary,454
UHS.N,Health Care,455
FSS.N,Industrials,456
SWK.N,Industrials,457
FOLD.OQ,Health Care,458
SCWX.OQ,Technology,459
LMAT.OQ,Health Care,460
TWNK.OQ,Consumer Staples,461
LZB.N,Consumer Discretionary,462
STOK.OQ,Health Care,463
BKNG.OQ,Consumer Discretionary,464
CRWD.OQ,Technology,465
GIII.OQ,Consumer Discretionary,466
ITRI.OQ,Industrials,467
TEX.N,Industrials,468
ARAY.OQ,Health Care,469
WCC.N,Industrials,470
JNJ.N,Health Care,471
TRUE.OQ,Technology,472
DBX.OQ,Technology,473
ADT.N,Industrials,474
TMUS.OQ,Telecommunications,475
DIS.N,Consumer Discretionary,476
PENN.OQ,Consumer Discretionary,477
SANM.OQ,Technology,478
MPLX.N,Energy,479
MSFT.OQ,Technology,480
VRCA.OQ,Health Care,481
MODG.N,Consumer Discretionary,482
VRNS.OQ,Technology,483
NEX.N,Energy,484
CVX.N,Energy,485
EDIT.OQ,Health Care,486
STKS.OQ,Consumer Discretionary,487
IOSP.OQ,Basic Materials,488
ATGE.N,Consumer Discretionary,489
RBBN.OQ,Telecommunications,490
GKOS.N,Health Care,491
HRI.N,Industrials,492
DINO.N,Energy,493
CCCC.OQ,Health Care,494
WWE.N,Consumer Discretionary,495
ZG.OQ,Real Estate,496
PLUG.OQ,Energy,497
MNST.OQ,Consumer Staples,498
SGC.OQ,Consumer Discretionary,499
CE.N,Basic Materials,500
ODP.OQ,Consumer Discretionary,501
ATRC.OQ,Health Care,502
CXW.N,Industrials,503
QTRX.OQ,Health Care,504
NCR.N,Technology,505
SPWR.OQ,Energy,506
FDX.N,Industrials,507
RETA.OQ,Health Care,508
FLEX.OQ,Technology,509
TSN.N,Consumer Staples,510
AVO.OQ,Consumer Staples,511
RDNT.OQ,Health Care,512
FULC.OQ,Health Care,513
ACCO.N,Consumer Staples,514
GOSS.OQ,Health Care,515
ENS.N,Industrials,516
CMI.N,Industrials,517
SIBN.OQ,Health Care,518
FSLR.OQ,Energy,519
OUT.N,Real Estate,520
ASTE.OQ,Industrials,521
PRIM.OQ,Industrials,522
HCAT.OQ,Health Care,523
MD.N,Health Care,524
CF.N,Basic Materials,525
CMCSA.OQ,Telecommunications,526
DXCM.OQ,Health Care,527
VSTO.N,Consumer Discretionary,528
ABG.N,Consumer Discretionary,529
TLS.OQ,Technology,530
BALY.N,Consumer Discretionary,531
PCG.N,Utilities,532
IRWD.OQ,Health Care,533
RH.N,Consumer Discretionary,534
WSM.N,Consumer Discretionary,535
BTU.N,Energy,536
FLS.N,Industrials,537
LCUT.OQ,Consumer Discretionary,538
TDC.N,Technology,539
EBAY.OQ,Consumer Discretionary,540
ULH.OQ,Industrials,541
KMI.N,Energy,542
ADM.N,Consumer Staples,543
DVA.N,Health Care,544
GTH.OQ,Health Care,545
ROLL.OQ,Basic Materials,546
OOMA.N,Telecommunications,547
HCSG.OQ,Health Care,548
UTHR.OQ,Health Care,549
FRPT.OQ,Consumer Staples,550
MGY.N,Energy,551
LNTH.OQ,Health Care,552
TX.N,Basic Materials,553
TECK.N,Basic Materials,554
JLL.N,Real Estate,555
OLMA.OQ,Health Care,556
CLB.N,Energy,557
INNV.OQ,Health Care,558
TALO.N,Energy,559
PAHC.OQ,Health Care,560
WHR.N,Consumer Discretionary,561
LUV.N,Consumer Discretionary,562
CMCO.OQ,Industrials,563
NTCT.OQ,Technology,564
URI.N,Industrials,565
NEM.N,Basic Materials,566
MGTA.OQ,Health Care,567
AVD.N,Basic Materials,568
ESE.N,Industrials,569
ESI.N,Basic Materials,570
HPE.N,Technology,571
FLR.N,Industrials,572
AVNS.N,Health Care,573
ZUMZ.OQ,Consumer Discretionary,574
QURE.OQ,Health Care,575
MTW.N,Industrials,576
BLMN.OQ,Consumer Discretionary,577
CRM.N,Technology,578
ZD.OQ,Technology,579
NMM.N,Industrials,580
POST.N,Consumer Staples,581
PUMP.N,Energy,582
MAT.OQ,Consumer Discretionary,583
PAG.N,Consumer Discretionary,584
PSN.N,Technology,585
AAPL.OQ,Technology,586
ATNI.OQ,Telecommunications,587
GSL.N,Industrials,588
PBH.N,Health Care,589
AROC.N,Energy,590
PTON.OQ,Consumer Discretionary,591
NEWR.N,Technology,592
PLUS.OQ,Technology,593
SLP.OQ,Technology,594
DT.N,Technology,595
INGN.OQ,Health Care,596
ATRO.OQ,Industrials,597
ANDE.OQ,Consumer Staples,598
VMW.N,Technology,599
CBT.N,Basic Materials,600
SONO.OQ,Consumer Discretionary,601
LEA.N,Consumer Discretionary,602
TMST.N,Basic Materials,603
ALEX.N,Real Estate,604
DAN.N,Consumer Discretionary,605
MPC.N,Energy,606
SPXC.N,Industrials,607
PRAX.OQ,Health Care,608
WNC.N,Industrials,609
PDSB.OQ,Health Care,610
EHC.N,Health Care,611
GME.N,Consumer Discretionary,612
ABM.N,Industrials,613
ZBH.N,Health Care,614
OSPN.OQ,Technology,615
SFL.N,Industrials,616
AMWD.OQ,Industrials,617
ALE.N,Utilities,618
ENLC.N,Energy,619
IRM.N,Real Estate,620
XRAY.OQ,Health Care,621
SXC.N,Energy,622
COP.N,Energy,623
ADNT.N,Consumer Discretionary,624
HAIN.OQ,Consumer Staples,625
ASH.N,Basic Materials,626
RMAX.N,Real Estate,627
WK.N,Technology,628
CASA.OQ,Telecommunications,629
CSTE.OQ,Industrials,630
CMC.N,Basic Materials,631
AAP.N,Consumer Discretionary,632
MMP.N,Energy,633
CLDX.OQ,Health Care,634
CUTR.OQ,Health Care,635
NWN.N,Utilities,636
LOPE.OQ,Consumer Discretionary,637
THC.N,Health Care,638
FNKO.OQ,Consumer Discretionary,639
REVG.N,Industrials,640
ZI.OQ,Technology,641
WETF.OQ,Financials,642
NWL.OQ,Consumer Discretionary,643
INSM.OQ,Health Care,644
JJSF.OQ,Consumer Staples,645
WMT.N,Consumer Discretionary,646
ROAD.OQ,Industrials,647
GPN.N,Industrials,648
EGIO.OQ,Technology,649
CORT.OQ,Health Care,650
LOOP.OQ,Utilities,651
MAXN.OQ,Energy,652
VZ.N,Telecommunications,653
GTLS.N,Industrials,654
KFY.N,Industrials,655
BG.N,Consumer Staples,656
ARKO.OQ,Consumer Discretionary,657
ACA.N,Energy,658
PRTA.OQ,Health Care,659
CTVA.N,Consumer Staples,660
CMRE.N,Industrials,661
KO.N,Consumer Staples,662
INFN.OQ,Telecommunications,663
WAB.N,Industrials,664
LEG.N,Consumer Discretionary,665
VPG.N,Industrials,666
CLVT.N,Technology,667
FUV.OQ,Consumer Discretionary,668
SYK.N,Health Care,669
PLAB.OQ,Technology,670
PETQ.OQ,Health Care,671
UEIC.OQ,Consumer Discretionary,672
OC.N,Industrials,673
WWD.OQ,Industrials,674
APTV.N,Consumer Discretionary,675
SRCL.OQ,Utilities,676
USPH.N,Health Care,677
TROX.N,Basic Materials,678
FISV.OQ,Industrials,679
ITGR.N,Health Care,680
DHX.N,Industrials,681
PLOW.N,Industrials,682
WMB.N,Energy,683
ALIT.N,Industrials,684
TRS.OQ,Industrials,685
HI.N,Industrials,686
HON.OQ,Industrials,687
SEDG.OQ,Energy,688
KLIC.OQ,Technology,689
KIDS.OQ,Health Care,690
SUPN.OQ,Health Care,691
III.OQ,Industrials,692
VFC.N,Consumer Discretionary,693
LYB.N,Basic Materials,694
KRUS.OQ,Consumer Discretionary,695
SMAR.N,Technology,696
QIWI.OQ,Industrials,697
BBSI.OQ,Industrials,698
AYI.N,Industrials,699
SR.N,Utilities,700
HES.N,Energy,701
AMAT.OQ,Technology,702
REAL.OQ,Consumer Discretionary,703
QNST.OQ,Consumer Discretionary,704
CBZ.N,Industrials,705
WTTR.N,Energy,706
VCEL.OQ,Health Care,707
HGEN.OQ,Health Care,708
LUNA.OQ,Industrials,709
MED.N,Consumer Staples,710
GFF.N,Industrials,711
ALKS.OQ,Health Care,712
VERX.OQ,Technology,713
RADA.OQ,Industrials,714
THO.N,Consumer Discretionary,715
IP.N,Basic Materials,716
EEFT.OQ,Industrials,717
BL.OQ,Technology,718
DAC.N,Industrials,719
NTES.OQ,Consumer Discretionary,720
BILL.N,Industrials,721
AVNT.N,Basic Materials,722
VRTS.OQ,Financials,723
SHOP.N,Technology,724
IGT.N,Consumer Discretionary,725
FIVN.OQ,Technology,726
HUBG.OQ,Industrials,727
NFE.OQ,Energy,728
BCO.N,Industrials,729
TFX.N,Health Care,730
HAYN.OQ,Basic Materials,731
PH.N,Industrials,732
AXL.N,Consumer Discretionary,733
ANIP.OQ,Health Care,734
IRDM.OQ,Telecommunications,735
UFI.N,Basic Materials,736
AMGN.OQ,Health Care,737
YUMC.N,Consumer Discretionary,738
JELD.N,Industrials,739
RL.N,Consumer Discretionary,740
JYNT.OQ,Health Care,741
WWW.N,Consumer Discretionary,742
LHX.N,Industrials,743
NI.N,Utilities,744
ALTO.OQ,Basic Materials,745
RXT.OQ,Technology,746
SCOR.OQ,Technology,747
OEC.N,Basic Materials,748
TEAM.OQ,Technology,749
APG.N,Industrials,750
DD.N,Industrials,751
ETD.N,Consumer Discretionary,752
PLXS.OQ,Technology,753
NUE.N,Basic Materials,754
ST.N,Industrials,755
MDLZ.OQ,Consumer Staples,756
MOD.N,Industrials,757
GPK.N,Industrials,758
MYTE.N,Consumer Discretionary,759
BC.N,Industrials,760
SLCA.N,Basic Materials,761
JBL.N,Technology,762
FSR.N,Consumer Discretionary,763
IPG.N,Consumer Discretionary,764
LANC.OQ,Consumer Staples,765
SCVL.OQ,Consumer Discretionary,766
CVS.N,Consumer Staples,767
DGII.OQ,Telecommunications,768
IBM.N,Technology,769
CAMP.OQ,Telecommunications,770
FUL.N,Industrials,771
ALT.OQ,Health Care,772
TXRH.OQ,Consumer Discretionary,773
HAL.N,Energy,774
INMD.OQ,Health Care,775
STAA.OQ,Health Care,776
NVT.N,Industrials,777
INO.OQ,Health Care,778
FLO.N,Consumer Staples,779
ASO.OQ,Consumer Discretionary,780
AIN.N,Industrials,781
SMPL.OQ,Consumer Staples,782
CAH.N,Health Care,783
SCL.N,Basic Materials,784
DOX.OQ,Technology,785
BCOR.OQ,Financials,786
PRDO.OQ,Consumer Discretionary,787
NGMS.OQ,Consumer Discretionary,788
MIDD.OQ,Industrials,789
LAD.N,Consumer Discretionary,790
STRL.OQ,Industrials,791
SCPL.OQ,Consumer Discretionary,792
OM.OQ,Health Care,793
AMPH.OQ,Health Care,794
HUYA.N,Technology,795
ICFI.OQ,Industrials,796
SNX.N,Technology,797
BRP.OQ,Financials,798
ITT.N,Industrials,799
RCKT.OQ,Health Care,800
NDLS.OQ,Consumer Discretionary,801
MMS.N,Industrials,802
AIT.N,Industrials,803
HZO.N,Consumer Discretionary,804
SHC.OQ,Health Care,805
MEC.N,Industrials,806
OGS.N,Utilities,807
BOX.N,Technology,808
INGR.N,Consumer Staples,809
ATSG.OQ,Industrials,810
PG.N,Consumer Staples,811
DSGR.OQ,Industrials,812
TGT.N,Consumer Discretionary,813
HSII.OQ,Industrials,814
EMR.N,Industrials,815
OII.N,Energy,816
ASIX.N,Basic Materials,817
LAMR.OQ,Real Estate,818
IOVA.OQ,Health Care,819
AY.OQ,Utilities,820
KNX.N,Industrials,821
GD.N,Industrials,822
MTRN.N,Basic Materials,823
ALEC.OQ,Health Care,824
TWLO.N,Technology,825
CBRE.N,Real Estate,826
AMRN.OQ,Health Care,827
BAND.OQ,Technology,828
ARVN.OQ,Health Care,829
SYY.N,Consumer Staples,830
IART.OQ,Health Care,831
NCNO.OQ,Technology,832
HVT.N,Consumer Discretionary,833
MMM.N,Industrials,834
MHK.N,Industrials,835
AM.N,Energy,836
AZZ.N,Industrials,837
CYBR.OQ,Technology,838
EMN.N,Basic Materials,839
LBTYA.OQ,Telecommunications,840
HUN.N,Basic Materials,841
VRT.N,Technology,842
ALG.N,Industrials,843
SWX.N,Utilities,844
RRX.N,Industrials,845
HSIC.OQ,Health Care,846
MODV.OQ,Health Care,847
NJR.N,Utilities,848
NXGN.OQ,Health Care,849
ARCB.OQ,Industrials,850
HOG.N,Consumer Discretionary,851
PCRX.OQ,Health Care,852
RYI.N,Basic Materials,853
PGTI.N,Industrials,854
EPAC.N,Industrials,855
DEN.N,Energy,856
CHEF.OQ,Consumer Staples,857
APOG.OQ,Industrials,858
MLKN.OQ,Consumer Discretionary,859
CNC.N,Health Care,860
NET.N,Technology,861
BKR.OQ,Energy,862
SPTN.OQ,Consumer Staples,863
ABNB.OQ,Consumer Discretionary,864
KTOS.OQ,Industrials,865
QRVO.OQ,Technology,866
CHPT.N,Energy,867
ABBV.N,Health Care,868
LFUS.OQ,Industrials,869
KDP.OQ,Consumer Staples,870
GNTX.OQ,Consumer Discretionary,871
ARCH.N,Energy,872
OPK.OQ,Health Care,873
ALGS.OQ,Health Care,874
FARO.OQ,Industrials,875
WEN.OQ,Consumer Discretionary,876
ARLP.OQ,Energy,877
GPRE.OQ,Energy,878
TRGP.N,Energy,879
BFAM.N,Consumer Discretionary,880
D.N,Utilities,881
LIN.N,Basic Materials,882
PFE.N,Health Care,883
COHR.OQ,Technology,884
KYMR.OQ,Health Care,885
HROW.OQ,Health Care,886
DZSI.OQ,Telecommunications,887
UGI.N,Utilities,888
ABT.N,Health Care,889
DVN.N,Energy,890
IFF.N,Basic Materials,891
OPCH.OQ,Health Care,892
BDC.N,Industrials,893
CAL.N,Consumer Discretionary,894
APD.N,Basic Materials,895
DTE.N,Utilities,896
CROX.OQ,Consumer Discretionary,897
HURN.OQ,Industrials,898
GLT.N,Basic Materials,899
SWKS.OQ,Technology,900
DRQ.N,Energy,901
XPO.N,Industrials,902
NSIT.OQ,Technology,903
VIAV.OQ,Telecommunications,904
KTB.N,Consumer Discretionary,905
ACN.N,Industrials,906
NPO.N,Industrials,907
FN.N,Technology,908
VCYT.OQ,Health Care,909
ATO.N,Utilities,910
BAX.N,Health Care,911
CTS.N,Technology,912
ROCK.OQ,Industrials,913
BEAM.OQ,Health Care,914
SNDR.N,Industrials,915
LRN.N,Consumer Discretionary,916
SNA.N,Industrials,917
VICR.OQ,Industrials,918
TTMI.OQ,Technology,919
PTC.OQ,Technology,920
ORA.N,Utilities,921
RCM.OQ,Health Care,922
PTGX.OQ,Health Care,923
CPRI.N,Consumer Discretionary,924
CENT.OQ,Consumer Discretionary,925
OKE.N,Energy,926
PAYC.N,Technology,927
CAT.N,Industrials,928
WDAY.OQ,Technology,929
CPRT.OQ,Consumer Discretionary,930
RGP.OQ,Industrials,931
SIG.N,Consumer Discretionary,932
PMVP.OQ,Health Care,933
REZI.N,Industrials,934
OVV.N,Energy,935
DRI.N,Consumer Discretionary,936
R.N,Industrials,937
TTWO.OQ,Consumer Discretionary,938
RMR.OQ,Real Estate,939
NETI.N,Industrials,940
CHTR.OQ,Telecommunications,941
CME.OQ,Financials,942
WHD.N,Energy,943
WLKP.N,Basic Materials,944
HCCI.OQ,Utilities,945
THR.N,Industrials,946
CACI.N,Technology,947
RPD.OQ,Technology,948
CNXC.OQ,Technology,949
EXC.OQ,Utilities,950
SHYF.OQ,Industrials,951
AMD.OQ,Technology,952
PXD.N,Energy,953
MATW.OQ,Consumer Discretionary,954
MO.N,Consumer Staples,955
CAG.N,Consumer Staples,956
AXTA.N,Industrials,957
ENV.N,Technology,958
EXPE.OQ,Consumer Discretionary,959
LDOS.N,Technology,960
DNLI.OQ,Health Care,961
AVA.N,Utilities,962
CSIQ.OQ,Energy,963
AGR.N,Utilities,964
NFG.N,Utilities,965
THS.N,Consumer Staples,966
GPI.N,Consumer Discretionary,967
VSH.N,Technology,968
GHC.N,Consumer Discretionary,969
MMSI.OQ,Health Care,970
DUK.N,Utilities,971
MDRX.OQ,Technology,972
LIVN.OQ,Health Care,973
MANH.OQ,Technology,974
HLIO.N,Industrials,975
BWXT.N,Industrials,976
CVNA.N,Consumer Discretionary,977
EW.N,Health Care,978
ATR.N,Industrials,979
LPG.N,Industrials,980
DRIO.OQ,Health Care,981
AN.N,Consumer Discretionary,982
CRDb.N,Financials,983
LNN.N,Industrials,984
CRI.N,Consumer Discretionary,985
AES.N,Utilities,986
OSUR.OQ,Health Care,987
NX.N,Industrials,988
SWAV.OQ,Health Care,989
IDCC.OQ,Telecommunications,990
MPLN.N,Health Care,991
AVGO.OQ,Technology,992
CSGP.OQ,Real Estate,993
QUOT.N,Consumer Discretionary,994
ROST.OQ,Consumer Discretionary,995
CTLP.OQ,Industrials,996
CTSH.OQ,Technology,997
BLKB.OQ,Technology,998
GLW.N,Technology,999
VVI.N,Consumer Discretionary,1000
WTW.OQ,Financials,1001
REGN.OQ,Health Care,1002
CPS.N,Consumer Discretionary,1003
FE.N,Utilities,1004
GRMN.N,Consumer Discretionary,1005
HCA.N,Health Care,1006
ICUI.OQ,Health Care,1007
TGNA.N,Consumer Discretionary,1008
CNNE.N,Financials,1009
ENSG.OQ,Health Care,1010
SAGE.OQ,Health Care,1011
KOS.N,Energy,1012
NTGR.OQ,Telecommunications,1013
TSLA.OQ,Consumer Discretionary,1014
FC.N,Industrials,1015
FIXX.OQ,Health Care,1016
FMC.N,Basic Materials,1017
CPSI.OQ,Health Care,1018
QSR.N,Consumer Discretionary,1019
DCI.N,Industrials,1020
CMTL.OQ,Telecommunications,1021
WDC.OQ,Technology,1022
SMP.N,Consumer Discretionary,1023
UPS.N,Industrials,1024
LASR.OQ,Technology,1025
WTS.N,Industrials,1026
TXT.N,Industrials,1027
AMR.N,Energy,1028
PSMT.OQ,Consumer Discretionary,1029
DSKE.OQ,Industrials,1030
WERN.OQ,Industrials,1031
APH.N,Technology,1032
ARW.N,Technology,1033
HCKT.OQ,Technology,1034
GTES.N,Industrials,1035
AGS.N,Consumer Discretionary,1036
CEVA.OQ,Technology,1037
GLDD.OQ,Industrials,1038
JCI.N,Industrials,1039
DOCU.OQ,Technology,1040
KR.N,Consumer Staples,1041
SPH.N,Consumer Discretionary,1042
ASND.OQ,Health Care,1043
LSCC.OQ,Technology,1044
SBH.N,Consumer Discretionary,1045
KAMN.N,Industrials,1046
SPB.N,Consumer Staples,1047
BYD.N,Consumer Discretionary,1048
VNOM.OQ,Energy,1049
CWK.N,Real Estate,1050
EXP.N,Industrials,1051
CCK.N,Industrials,1052
G.N,Industrials,1053
MWA.N,Industrials,1054
KMX.N,Consumer Discretionary,1055
CDAY.N,Technology,1056
LMT.N,Industrials,1057
RUSHA.OQ,Consumer Discretionary,1058
HSTM.OQ,Health Care,1059
FHI.N,Financials,1060
VST.N,Utilities,1061
USAC.N,Energy,1062
PFSW.OQ,Industrials,1063
SB.N,Industrials,1064
VVV.N,Basic Materials,1065
SAIC.N,Technology,1066
CTMX.OQ,Health Care,1067
TPX.N,Consumer Discretionary,1068
TEL.N,Technology,1069
SPGI.N,Financials,1070
ALGT.OQ,Consumer Discretionary,1071
EXAS.OQ,Health Care,1072
TNC.N,Industrials,1073
KAR.N,Consumer Discretionary,1074
PEP.OQ,Consumer Staples,1075
BSM.N,Energy,1076
OMI.N,Health Care,1077
MKSI.OQ,Industrials,1078
EME.N,Industrials,1079
HEAR.OQ,Consumer Discretionary,1080
JNPR.N,Telecommunications,1081
PWR.N,Industrials,1082
FBHS.N,Industrials,1083
ABC.N,Consumer Staples,1084
POR.N,Utilities,1085
NFLX.OQ,Consumer Discretionary,1086
DOOR.N,Industrials,1087
HRL.N,Consumer Staples,1088
SKX.N,Consumer Discretionary,1089
CHGG.N,Consumer Discretionary,1090
BRC.N,Industrials,1091
IPI.N,Basic Materials,1092
AEP.OQ,Utilities,1093
ACM.N,Industrials,1094
MCRI.OQ,Consumer Discretionary,1095
MU.OQ,Technology,1096
DDOG.OQ,Technology,1097
SRE.N,Utilities,1098
LAB.OQ,Health Care,1099
GDEN.OQ,Consumer Discretionary,1100
MSA.N,Industrials,1101
TRUP.OQ,Financials,1102
SHEN.OQ,Telecommunications,1103
AGYS.OQ,Technology,1104
LKQ.OQ,Consumer Discretionary,1105
ENR.N,Consumer Staples,1106
FVRR.N,Technology,1107
CDXS.OQ,Health Care,1108
FROG.OQ,Technology,1109
CSL.N,Industrials,1110
LEGH.OQ,Consumer Discretionary,1111
HCC.N,Energy,1112
COLM.OQ,Consumer Discretionary,1113
WSC.OQ,Industrials,1114
PI.OQ,Technology,1115
EGRX.OQ,Health Care,1116
K.N,Consumer Staples,1117
RARE.OQ,Health Care,1118
UCTT.OQ,Technology,1119
ORCL.N,Technology,1120
UNFI.N,Consumer Staples,1121
HII.N,Industrials,1122
MOH.N,Health Care,1123
SSTK.N,Technology,1124
LITE.OQ,Telecommunications,1125
ECL.N,Basic Materials,1126
ANET.N,Telecommunications,1127
EYE.OQ,Consumer Discretionary,1128
MAR.OQ,Consumer Discretionary,1129
SYNH.OQ,Health Care,1130
WLY.N,Consumer Discretionary,1131
QCOM.OQ,Technology,1132
OXM.N,Consumer Discretionary,1133
PDFS.OQ,Technology,1134
CHKP.OQ,Technology,1135
CTRA.N,Energy,1136
ALSN.N,Industrials,1137
CD.OQ,Technology,1138
CL.N,Consumer Staples,1139
NSC.N,Industrials,1140
ICLR.OQ,Health Care,1141
PODD.OQ,Health Care,1142
WH.N,Consumer Discretionary,1143
NVDA.OQ,Technology,1144
DHR.N,Health Care,1145
SEIC.OQ,Financials,1146
UFPI.OQ,Basic Materials,1147
CW.N,Industrials,1148
SXT.N,Basic Materials,1149
TNDM.OQ,Health Care,1150
NWSA.OQ,Consumer Discretionary,1151
CALX.N,Telecommunications,1152
GPC.N,Consumer Discretionary,1153
SPNS.OQ,Technology,1154
FTV.N,Industrials,1155
LECO.OQ,Industrials,1156
TNET.N,Industrials,1157
FELE.OQ,Industrials,1158
FWRD.OQ,Industrials,1159
DLTR.OQ,Consumer Discretionary,1160
WGO.N,Consumer Discretionary,1161
AME.N,Industrials,1162
EPC.N,Consumer Staples,1163
LEVI.N,Consumer Discretionary,1164
ICE.N,Financials,1165
CNP.N,Utilities,1166
BKI.N,Technology,1167
CHRS.OQ,Health Care,1168
IR.N,Industrials,1169
CRL.N,Health Care,1170
AVY.N,Basic Materials,1171
BBW.N,Consumer Discretionary,1172
AFYA.OQ,Consumer Discretionary,1173
ICLK.OQ,Consumer Discretionary,1174
WMG.OQ,Consumer Discretionary,1175
QTWO.N,Technology,1176
FOXF.OQ,Consumer Discretionary,1177
CSX.OQ,Industrials,1178
DFIN.N,Industrials,1179
NWE.OQ,Utilities,1180
VEEV.N,Health Care,1181
MASI.OQ,Health Care,1182
LH.N,Health Care,1183
PDCO.OQ,Health Care,1184
CPB.N,Consumer Staples,1185
COO.N,Health Care,1186
NDAQ.OQ,Financials,1187
DELL.N,Technology,1188
PXLW.OQ,Technology,1189
XYL.N,Industrials,1190
AJRD.N,Industrials,1191
BAH.N,Industrials,1192
STX.OQ,Technology,1193
HD.N,Consumer Discretionary,1194
SON.N,Industrials,1195
JBT.N,Industrials,1196
NOC.N,Industrials,1197
NVRO.N,Health Care,1198
SCCO.N,Basic Materials,1199
ALRM.OQ,Technology,1200
SGH.OQ,Technology,1201
LTHM.N,Basic Materials,1202
PPG.N,Industrials,1203
BIP.N,Utilities,1204
HUBB.N,Industrials,1205
AZEK.N,Industrials,1206
ROL.N,Consumer Discretionary,1207
LW.N,Consumer Staples,1208
CDMO.OQ,Health Care,1209
HLIT.OQ,Telecommunications,1210
CLH.N,Utilities,1211
DNB.N,Technology,1212
GMS.N,Industrials,1213
VMC.N,Industrials,1214
KRO.N,Industrials,1215
BMI.N,Industrials,1216
STZ.N,Consumer Staples,1217
OFIX.OQ,Health Care,1218
HZNP.OQ,Health Care,1219
TXN.OQ,Technology,1220
CALM.OQ,Consumer Staples,1221
GGG.N,Industrials,1222
GIS.N,Consumer Staples,1223
HSC.N,Utilities,1224
AMK.N,Financials,1225
ASGN.N,Industrials,1226
ON.OQ,Technology,1227
KMB.N,Consumer Staples,1228
NMRK.OQ,Real Estate,1229
MRVL.OQ,Technology,1230
ACI.N,Consumer Staples,1231
SWBI.OQ,Consumer Discretionary,1232
LLY.N,Health Care,1233
BALL.N,Industrials,1234
VMI.N,Industrials,1235
RVNC.OQ,Health Care,1236
SSNC.OQ,Technology,1237
ALLE.N,Industrials,1238
UNP.N,Industrials,1239
CDNA.OQ,Health Care,1240
IPAR.OQ,Consumer Discretionary,1241
EIX.N,Utilities,1242
KN.N,Consumer Discretionary,1243
PTCT.OQ,Health Care,1244
SJM.N,Consumer Staples,1245
ACAD.OQ,Health Care,1246
AEE.N,Utilities,1247
DORM.OQ,Consumer Discretionary,1248
SEE.N,Industrials,1249
SO.N,Utilities,1250
NOMD.N,Consumer Staples,1251
PAYX.OQ,Industrials,1252
KRTX.OQ,Health Care,1253
SLGN.N,Industrials,1254
TRU.N,Industrials,1255
FAST.OQ,Basic Materials,1256
JBHT.OQ,Industrials,1257
MTZ.N,Industrials,1258
SRPT.OQ,Health Care,1259
DG.N,Consumer Discretionary,1260
ELF.N,Consumer Discretionary,1261
PEG.N,Utilities,1262
VNT.N,Industrials,1263
DAVA.N,Technology,1264
WEC.N,Utilities,1265
SMCI.OQ,Technology,1266
ALLO.OQ,Health Care,1267
PGEN.OQ,Health Care,1268
ED.N,Utilities,1269
NEE.N,Utilities,1270
XAIR.OQ,Health Care,1271
GLP.N,Energy,1272
EL.N,Consumer Discretionary,1273
GWRE.N,Technology,1274
WM.N,Utilities,1275
CHE.N,Health Care,1276
A.N,Health Care,1277
SFM.OQ,Consumer Staples,1278
XEL.OQ,Utilities,1279
MIRM.OQ,Health Care,1280
AYX.N,Technology,1281
MX.N,Technology,1282
CIEN.N,Telecommunications,1283
ANGO.OQ,Health Care,1284
DSX.N,Industrials,1285
OMC.N,Consumer Discretionary,1286
NWPX.OQ,Basic Materials,1287
CMS.N,Utilities,1288
MERC.OQ,Basic Materials,1289
NRG.N,Utilities,1290
PKI.N,Health Care,1291
ITW.N,Industrials,1292
ALGM.OQ,Technology,1293
APPF.OQ,Technology,1294
MRNA.OQ,Health Care,1295
DOV.N,Industrials,1296
EVH.N,Health Care,1297
UTL.N,Utilities,1298
WY.N,Real Estate,1299
PNR.N,Industrials,1300
RPRX.OQ,Health Care,1301
LGND.OQ,Health Care,1302
AMRC.N,Energy,1303
OSIS.OQ,Industrials,1304
NOW.N,Technology,1305
HAS.OQ,Consumer Discretionary,1306
ES.N,Utilities,1307
AVTR.N,Health Care,1308
DLB.N,Technology,1309
SBLK.OQ,Industrials,1310
J.N,Industrials,1311
WDFC.OQ,Consumer Staples,1312
EFX.N,Industrials,1313
CVGW.OQ,Consumer Staples,1314
TJX.N,Consumer Discretionary,1315
GILD.OQ,Health Care,1316
BDX.N,Health Care,1317
ALLK.OQ,Health Care,1318
OGE.N,Utilities,1319
EXPO.OQ,Industrials,1320
NEP.N,Utilities,1321
CLX.N,Consumer Staples,1322
METC.OQ,Energy,1323
RYN.N,Real Estate,1324
EGLE.OQ,Industrials,1325
FORM.OQ,Technology,1326
RPM.N,Industrials,1327
MLM.N,Industrials,1328
PATK.OQ,Industrials,1329
SAIA.OQ,Industrials,1330
QLYS.OQ,Technology,1331
MSM.N,Industrials,1332
GNK.N,Industrials,1333
SUN.N,Energy,1334
MTN.N,Consumer Discretionary,1335
ERII.OQ,Industrials,1336
FFIV.OQ,Technology,1337
FIX.N,Industrials,1338
MMC.N,Financials,1339
STE.N,Health Care,1340
H.N,Consumer Discretionary,1341
VRTX.OQ,Health Care,1342
COMM.OQ,Telecommunications,1343
FORR.OQ,Industrials,1344
CGNT.OQ,Technology,1345
MEDP.OQ,Health Care,1346
KBR.N,Technology,1347
CHRW.OQ,Industrials,1348
MCHP.OQ,Technology,1349
GOGL.OQ,Industrials,1350
TECH.OQ,Health Care,1351
LNT.OQ,Utilities,1352
TMO.N,Health Care,1353
PCH.OQ,Real Estate,1354
PKG.N,Industrials,1355
LPX.N,Industrials,1356
MCFT.OQ,Consumer Discretionary,1357
AMT.N,Real Estate,1358
KLAC.OQ,Technology,1359
VTNR.OQ,Utilities,1360
DECK.N,Consumer Discretionary,1361
MRCY.OQ,Industrials,1362
TT.N,Industrials,1363
BLDR.N,Industrials,1364
QGEN.N,Health Care,1365
AEIS.OQ,Technology,1366
DGX.N,Health Care,1367
ALB.N,Basic Materials,1368
WAT.N,Industrials,1369
SLAB.OQ,Technology,1370
MUSA.N,Consumer Discretionary,1371
VREX.OQ,Health Care,1372
NDSN.OQ,Industrials,1373
NYT.N,Consumer Discretionary,1374
AKAM.OQ,Technology,1375
DIOD.OQ,Technology,1376
CODI.N,Financials,1377
NTAP.OQ,Technology,1378
PSTG.N,Technology,1379
LCII.N,Consumer Discretionary,1380
OCUL.OQ,Health Care,1381
BR.N,Financials,1382
HTLD.OQ,Industrials,1383
CARR.N,Industrials,1384
AMN.N,Industrials,1385
KRP.N,Energy,1386
QDEL.OQ,Health Care,1387
GO.OQ,Consumer Staples,1388
KDNY.OQ,Health Care,1389
EXLS.OQ,Industrials,1390
REYN.OQ,Consumer Staples,1391
APLS.OQ,Health Care,1392
CHDN.OQ,Consumer Discretionary,1393
SMTC.OQ,Technology,1394
B.N,Industrials,1395
BJ.N,Consumer Discretionary,1396
ILMN.OQ,Health Care,1397
HOLX.OQ,Health Care,1398
CVEO.N,Energy,1399
GWRS.OQ,Utilities,1400
LSTR.OQ,Industrials,1401
AOS.N,Industrials,1402
TDY.N,Industrials,1403
MCO.N,Financials,1404
RSG.N,Utilities,1405
SHW.N,Industrials,1406
IT.N,Technology,1407
WIRE.OQ,Industrials,1408
NKE.N,Consumer Discretionary,1409
AWK.N,Utilities,1410
NSSC.OQ,Industrials,1411
FCN.N,Industrials,1412
ALTR.OQ,Technology,1413
LRCX.OQ,Technology,1414
DCPH.OQ,Health Care,1415
FGEN.OQ,Health Care,1416
MGPI.OQ,Consumer Staples,1417
GES.N,Consumer Discretionary,1418
THRM.OQ,Consumer Discretionary,1419
DTIL.OQ,Health Care,1420
ANIK.OQ,Health Care,1421
ORLY.OQ,Consumer Discretionary,1422
BCC.N,Basic Materials,1423
CWH.N,Consumer Discretionary,1424
EVTC.N,Industrials,1425
EQIX.OQ,Real Estate,1426
OTTR.OQ,Industrials,1427
PANW.OQ,Technology,1428
PRFT.OQ,Technology,1429
ITRN.OQ,Industrials,1430
ROG.N,Technology,1431
FTNT.OQ,Technology,1432
CRAI.OQ,Industrials,1433
RMBS.OQ,Technology,1434
TVTX.OQ,Health Care,1435
COST.OQ,Consumer Discretionary,1436
WSO.N,Industrials,1437
CCI.N,Real Estate,1438
RMD.N,Health Care,1439
VRNT.OQ,Technology,1440
NOTV.OQ,Health Care,1441
PCTY.OQ,Industrials,1442
PRO.N,Technology,1443
ANSS.OQ,Technology,1444
SSD.N,Industrials,1445
ADP.OQ,Industrials,1446
CHD.N,Consumer Staples,1447
NVGS.N,Industrials,1448
ADBE.OQ,Technology,1449
FIVE.OQ,Consumer Discretionary,1450
PLBY.OQ,Consumer Staples,1451
IIIN.N,Industrials,1452
AON.N,Financials,1453
CDNS.OQ,Technology,1454
AVNW.OQ,Telecommunications,1455
XPEL.OQ,Consumer Discretionary,1456
FATE.OQ,Health Care,1457
FTHM.OQ,Real Estate,1458
TGLS.N,Industrials,1459
JKHY.OQ,Industrials,1460
BLD.N,Industrials,1461
BIO.N,Health Care,1462
SIMO.OQ,Technology,1463
CRUS.OQ,Technology,1464
TTEC.OQ,Industrials,1465
TER.OQ,Technology,1466
TREX.N,Industrials,1467
HELE.OQ,Consumer Discretionary,1468
IQV.N,Health Care,1469
ARWR.OQ,Health Care,1470
LOW.N,Consumer Discretionary,1471
ATKR.N,Industrials,1472
SITE.N,Consumer Discretionary,1473
CWENa.N,Utilities,1474
BRO.N,Financials,1475
USNA.N,Consumer Staples,1476
ARLO.N,Consumer Discretionary,1477
WFRD.OQ,Energy,1478
BERY.N,Industrials,1479
LULU.OQ,Consumer Discretionary,1480
CAMT.OQ,Technology,1481
MYRG.OQ,Industrials,1482
CPLP.OQ,Industrials,1483
AJG.N,Financials,1484
NXPI.OQ,Technology,1485
FND.N,Consumer Discretionary,1486
TYL.N,Technology,1487
NARI.OQ,Health Care,1488
PACK.N,Industrials,1489
OMCL.OQ,Health Care,1490
CTAS.OQ,Industrials,1491
ETSY.OQ,Consumer Discretionary,1492
WTRG.N,Utilities,1493
INTU.OQ,Technology,1494
ITCI.OQ,Health Care,1495
CYTK.OQ,Health Care,1496
BOOT.N,Consumer Discretionary,1497
RRR.OQ,Consumer Discretionary,1498
CASY.OQ,Consumer Staples,1499
CVLT.OQ,Technology,1500
TRMB.OQ,Industrials,1501
CTLT.N,Health Care,1502
AFMD.OQ,Health Care,1503
PCT.OQ,Industrials,1504
TTC.N,Industrials,1505
IPGP.OQ,Technology,1506
EVA.N,Energy,1507
ASPN.N,Industrials,1508
SYNA.OQ,Technology,1509
SRI.N,Consumer Discretionary,1510
MXL.OQ,Technology,1511
ODFL.OQ,Industrials,1512
MTSI.OQ,Technology,1513
VRSK.OQ,Industrials,1514
FRG.OQ,Consumer Discretionary,1515
PPC.OQ,Consumer Staples,1516
IBP.N,Industrials,1517
AZPN.OQ,Technology,1518
CVCO.OQ,Consumer Discretionary,1519
BFb.N,Consumer Staples,1520
HEI.N,Industrials,1521
KAI.N,Industrials,1522
POOL.OQ,Consumer Discretionary,1523
GWW.N,Industrials,1524
ROK.N,Industrials,1525
CDW.OQ,Technology,1526
TSCO.OQ,Consumer Discretionary,1527
PNW.N,Utilities,1528
MLAB.OQ,Industrials,1529
CAAP.N,Industrials,1530
PEN.N,Health Care,1531
NOVT.OQ,Technology,1532
GH.OQ,Health Care,1533
NBIX.OQ,Health Care,1534
HSY.N,Consumer Staples,1535
AWI.N,Industrials,1536
BURL.N,Consumer Discretionary,1537
BMRN.OQ,Health Care,1538
XNCR.OQ,Health Care,1539
ARCO.N,Consumer Discretionary,1540
ZTS.N,Health Care,1541
CWST.OQ,Utilities,1542
ULTA.OQ,Consumer Discretionary,1543
EXPD.OQ,Industrials,1544
GDYN.OQ,Technology,1545
CTRN.OQ,Consumer Discretionary,1546
CABO.N,Telecommunications,1547
RHI.N,Industrials,1548
BCPC.OQ,Basic Materials,1549
IEX.N,Industrials,1550
ENPH.OQ,Energy,1551
CLFD.OQ,Telecommunications,1552
KEYS.N,Industrials,1553
NSP.N,Industrials,1554
TTEK.OQ,Industrials,1555
MITK.OQ,Technology,1556
KFRC.OQ,Industrials,1557
MKC.N,Consumer Staples,1558
NVAX.OQ,Health Care,1559
WNS.N,Industrials,1560
IDXX.OQ,Health Care,1561
ZBRA.OQ,Industrials,1562
MTLS.OQ,Technology,1563
FANG.OQ,Energy,1564
BIOX.OQ,Basic Materials,1565
JAMF.OQ,Technology,1566
INVE.OQ,Technology,1567
CAPL.N,Energy,1568
ANAB.OQ,Health Care,1569
SKY.N,Consumer Discretionary,1570
AXON.OQ,Industrials,1571
ZS.OQ,Technology,1572
ALV.N,Consumer Discretionary,1573
GNRC.N,Industrials,1574
UTI.N,Consumer Discretionary,1575
EBS.N,Health Care,1576
HUBS.N,Technology,1577
XPEV.N,Consumer Discretionary,1578
SAM.N,Consumer Staples,1579
CSGS.OQ,Technology,1580
EGAN.OQ,Technology,1581
VAPO.N,Health Care,1582
WLDN.OQ,Industrials,1583
ATEX.OQ,Telecommunications,1584
DY.N,Industrials,1585
FDS.N,Financials,1586
CARS.N,Consumer Discretionary,1587
IAC.OQ,Technology,1588
AMOT.OQ,Industrials,1589
ALNY.OQ,Health Care,1590
TXG.OQ,Health Care,1591
HEP.N,Energy,1592
ITOS.OQ,Health Care,1593
IRTC.OQ,Health Care,1594
SSTI.OQ,Industrials,1595
MTD.N,Industrials,1596
ACLS.OQ,Technology,1597
RGEN.OQ,Health Care,1598
AZTA.OQ,Health Care,1599
PEGA.OQ,Technology,1600
CSV.N,Consumer Discretionary,1601
INCY.OQ,Health Care,1602
REX.N,Energy,1603
BRKR.OQ,Health Care,1604
AAON.OQ,Industrials,1605
KRNT.OQ,Industrials,1606
AOSL.OQ,Technology,1607
ANNX.OQ,Health Care,1608
ENTG.OQ,Technology,1609
HESM.N,Energy,1610
MANU.N,Consumer Discretionary,1611
KMDA.OQ,Health Care,1612
SITM.OQ,Technology,1613
WST.N,Health Care,1614
CCRN.OQ,Industrials,1615
BWMX.OQ,Consumer Staples,1616
FWONA.OQ,Consumer Discretionary,1617
IMGN.OQ,Health Care,1618
NVEE.OQ,Industrials,1619
KRYS.OQ,Health Care,1620
