Instrument,ICB Industry name,Rank
BTU.N,Energy,1
AMD.OQ,Technology,2
TEAM.OQ,Technology,3
SIMO.OQ,Technology,4
X.N,Basic Materials,5
CLF.N,Basic Materials,6
CEVA.OQ,Technology,7
INT.N,Energy,8
ARVN.OQ,Health Care,9
CEIX.N,Energy,10
DXCM.OQ,Health Care,11
TPX.N,Consumer Discretionary,12
ARLP.OQ,Energy,13
SXC.N,Energy,14
MXL.OQ,Technology,15
IPG.N,Consumer Discretionary,16
FIVN.OQ,Technology,17
CPRI.N,Consumer Discretionary,18
NUE.N,Basic Materials,19
MARA.OQ,Financials,20
EXPO.OQ,Industrials,21
IIIN.N,Industrials,22
WIRE.OQ,Industrials,23
JLL.N,Real Estate,24
SWI.N,Technology,25
LAB.OQ,Health Care,26
NR.N,Energy,27
ASIX.N,Basic Materials,28
MMSI.OQ,Health Care,29
PKI.N,Health Care,30
RIOT.OQ,Financials,31
CBRE.N,Real Estate,32
HZO.N,Consumer Discretionary,33
FCX.N,Basic Materials,34
AMR.N,Energy,35
ALB.N,Basic Materials,36
INGN.OQ,Health Care,37
RDNT.OQ,Health Care,38
HCA.N,Health Care,39
MPLN.N,Health Care,40
AA.N,Basic Materials,41
GCI.N,Consumer Discretionary,42
CARR.N,Industrials,43
PRFT.OQ,Technology,44
TWI.N,Industrials,45
AN.N,Consumer Discretionary,46
CYTK.OQ,Health Care,47
GPRE.OQ,Energy,48
FLEX.OQ,Technology,49
CLPT.OQ,Health Care,50
F.N,Consumer Discretionary,51
LFUS.OQ,Industrials,52
MAT.OQ,Consumer Discretionary,53
DSX.N,Industrials,54
CENX.OQ,Basic Materials,55
TX.N,Basic Materials,56
SAH.N,Consumer Discretionary,57
WST.N,Health Care,58
THRM.OQ,Consumer Discretionary,59
VRNA.OQ,Health Care,60
ACCO.N,Consumer Staples,61
APG.N,Industrials,62
HLIT.OQ,Telecommunications,63
OSUR.OQ,Health Care,64
IRDM.OQ,Telecommunications,65
UPWK.OQ,Technology,66
ASPN.N,Industrials,67
METC.OQ,Energy,68
GLP.N,Energy,69
AON.N,Financials,70
ARCH.N,Energy,71
MUR.N,Energy,72
LIVN.OQ,Health Care,73
PAG.N,Consumer Discretionary,74
BC.N,Industrials,75
LPSN.OQ,Technology,76
VAPO.N,Health Care,77
EGLE.OQ,Industrials,78
RGP.OQ,Industrials,79
HRI.N,Industrials,80
QSR.N,Consumer Discretionary,81
ACI.N,Consumer Staples,82
NOVA.N,Utilities,83
TGH.N,Industrials,84
ON.OQ,Technology,85
SBLK.OQ,Industrials,86
EEFT.OQ,Industrials,87
CNXN.OQ,Technology,88
WGO.N,Consumer Discretionary,89
CVLG.OQ,Industrials,90
GNK.N,Industrials,91
DISH.OQ,Telecommunications,92
LEGH.OQ,Consumer Discretionary,93
SKX.N,Consumer Discretionary,94
RHI.N,Industrials,95
SABR.OQ,Consumer Discretionary,96
TPC.N,Industrials,97
ENPH.OQ,Energy,98
OLN.N,Basic Materials,99
PACB.OQ,Health Care,100
KLAC.OQ,Technology,101
REZI.N,Industrials,102
DKNG.OQ,Consumer Discretionary,103
FVRR.N,Technology,104
GM.N,Consumer Discretionary,105
CVEO.N,Energy,106
BIO.N,Health Care,107
ACMR.OQ,Technology,108
PI.OQ,Technology,109
RRX.N,Industrials,110
DIOD.OQ,Technology,111
MANH.OQ,Technology,112
DAC.N,Industrials,113
VERI.OQ,Technology,114
BSX.N,Health Care,115
MRNA.OQ,Health Care,116
OLED.OQ,Technology,117
HCC.N,Energy,118
NATI.OQ,Technology,119
NET.N,Technology,120
AMEH.OQ,Health Care,121
DT.N,Technology,122
LTHM.N,Basic Materials,123
SCSC.OQ,Technology,124
GEO.N,Real Estate,125
SB.N,Industrials,126
RAD.N,Consumer Staples,127
CLFD.OQ,Telecommunications,128
ARNC.N,Basic Materials,129
DKS.N,Consumer Discretionary,130
KWR.N,Basic Materials,131
MTW.N,Industrials,132
TEL.N,Technology,133
UCTT.OQ,Technology,134
MRVL.OQ,Technology,135
WTTR.N,Energy,136
NMRK.OQ,Real Estate,137
HBI.N,Consumer Discretionary,138
CALX.N,Telecommunications,139
SPH.N,Consumer Discretionary,140
QCOM.OQ,Technology,141
TPR.N,Consumer Discretionary,142
ICLR.OQ,Health Care,143
RGEN.OQ,Health Care,144
FUV.OQ,Consumer Discretionary,145
LCII.N,Consumer Discretionary,146
ALGM.OQ,Technology,147
ROLL.OQ,Basic Materials,148
FFIV.OQ,Technology,149
TSLA.OQ,Consumer Discretionary,150
CXW.N,Industrials,151
APTV.N,Consumer Discretionary,152
AMAT.OQ,Technology,153
XRX.OQ,Technology,154
CTSH.OQ,Technology,155
CROX.OQ,Consumer Discretionary,156
INFN.OQ,Telecommunications,157
CMTL.OQ,Telecommunications,158
CVNA.N,Consumer Discretionary,159
TNET.N,Industrials,160
PARR.N,Energy,161
ADSK.OQ,Technology,162
LAD.N,Consumer Discretionary,163
ENOV.N,Health Care,164
QDEL.OQ,Health Care,165
CHGG.N,Consumer Discretionary,166
JBL.N,Technology,167
FND.N,Consumer Discretionary,168
HZNP.OQ,Health Care,169
TRS.OQ,Industrials,170
GDYN.OQ,Technology,171
DOV.N,Industrials,172
CWK.N,Real Estate,173
DDD.N,Technology,174
HAS.OQ,Consumer Discretionary,175
LBTYA.OQ,Telecommunications,176
TH.OQ,Industrials,177
FORM.OQ,Technology,178
ST.N,Industrials,179
THO.N,Consumer Discretionary,180
GE.N,Industrials,181
IART.OQ,Health Care,182
AMRX.N,Health Care,183
WWW.N,Consumer Discretionary,184
GEVO.OQ,Energy,185
IPAR.OQ,Consumer Discretionary,186
SMCI.OQ,Technology,187
CFMS.OQ,Health Care,188
TECK.N,Basic Materials,189
VCYT.OQ,Health Care,190
BIOX.OQ,Basic Materials,191
AVNS.N,Health Care,192
HPE.N,Technology,193
WOLF.N,Technology,194
CTLT.N,Health Care,195
FLR.N,Industrials,196
TNDM.OQ,Health Care,197
JAMF.OQ,Technology,198
CRK.N,Energy,199
LUNA.OQ,Industrials,200
KYMR.OQ,Health Care,201
LSCC.OQ,Technology,202
CAPL.N,Energy,203
NRIX.OQ,Health Care,204
ARW.N,Technology,205
TWST.OQ,Health Care,206
ITGR.N,Health Care,207
PSTG.N,Technology,208
JELD.N,Industrials,209
ALEX.N,Real Estate,210
ATKR.N,Industrials,211
RCL.N,Consumer Discretionary,212
CAH.N,Health Care,213
WCC.N,Industrials,214
CVCO.OQ,Consumer Discretionary,215
WLY.N,Consumer Discretionary,216
THC.N,Health Care,217
WFRD.OQ,Energy,218
SAIA.OQ,Industrials,219
COHU.OQ,Technology,220
BOOT.N,Consumer Discretionary,221
LIN.N,Basic Materials,222
ABG.N,Consumer Discretionary,223
GOSS.OQ,Health Care,224
QURE.OQ,Health Care,225
BIGC.OQ,Technology,226
CIDM.OQ,Consumer Discretionary,227
EYE.OQ,Consumer Discretionary,228
SILK.OQ,Health Care,229
XPEL.OQ,Consumer Discretionary,230
CMC.N,Basic Materials,231
ADNT.N,Consumer Discretionary,232
BJ.N,Consumer Discretionary,233
BILL.N,Industrials,234
XPRO.N,Energy,235
INVE.OQ,Technology,236
RPD.OQ,Technology,237
BE.N,Industrials,238
SITM.OQ,Technology,239
PERI.OQ,Technology,240
LRCX.OQ,Technology,241
BRC.N,Industrials,242
PNR.N,Industrials,243
CUTR.OQ,Health Care,244
ALKS.OQ,Health Care,245
AMWL.N,Health Care,246
CRDb.N,Financials,247
CNNE.N,Financials,248
GPK.N,Industrials,249
QGEN.N,Health Care,250
STLD.OQ,Basic Materials,251
META.OQ,Technology,252
SP.OQ,Industrials,253
PDSB.OQ,Health Care,254
JBT.N,Industrials,255
ACLS.OQ,Technology,256
EGIO.OQ,Technology,257
KRNT.OQ,Industrials,258
HEAR.OQ,Consumer Discretionary,259
URI.N,Industrials,260
TLRY.OQ,Health Care,261
SPWR.OQ,Energy,262
FSR.N,Consumer Discretionary,263
CYRX.OQ,Industrials,264
DELL.N,Technology,265
FCN.N,Industrials,266
PTON.OQ,Consumer Discretionary,267
WIX.OQ,Technology,268
CSV.N,Consumer Discretionary,269
AFIB.OQ,Health Care,270
CVX.N,Energy,271
FOXF.OQ,Consumer Discretionary,272
MOH.N,Health Care,273
UHS.N,Health Care,274
XRAY.OQ,Health Care,275
JHG.N,Financials,276
BBCP.OQ,Industrials,277
MAR.OQ,Consumer Discretionary,278
GSL.N,Industrials,279
NVDA.OQ,Technology,280
EMKR.OQ,Technology,281
TDC.N,Technology,282
TEX.N,Industrials,283
DDOG.OQ,Technology,284
LASR.OQ,Technology,285
NXPI.OQ,Technology,286
SKY.N,Consumer Discretionary,287
ODP.OQ,Consumer Discretionary,288
EB.N,Technology,289
CHTR.OQ,Telecommunications,290
PATK.OQ,Industrials,291
GLW.N,Technology,292
CERT.OQ,Health Care,293
TRIP.OQ,Consumer Discretionary,294
ALV.N,Consumer Discretionary,295
LIND.OQ,Consumer Discretionary,296
GMS.N,Industrials,297
APOG.OQ,Industrials,298
CCL.N,Consumer Discretionary,299
DECK.N,Consumer Discretionary,300
MG.N,Industrials,301
MCHP.OQ,Technology,302
KR.N,Consumer Staples,303
NVT.N,Industrials,304
NIO.N,Consumer Discretionary,305
GLT.N,Basic Materials,306
EXPI.OQ,Real Estate,307
PFE.N,Health Care,308
RDFN.OQ,Real Estate,309
AORT.N,Health Care,310
NGVT.N,Basic Materials,311
TRUP.OQ,Financials,312
AY.OQ,Utilities,313
VC.OQ,Consumer Discretionary,314
AYI.N,Industrials,315
MYRG.OQ,Industrials,316
CMCSA.OQ,Telecommunications,317
PTGX.OQ,Health Care,318
HAYN.OQ,Basic Materials,319
CNTG.OQ,Health Care,320
DAN.N,Consumer Discretionary,321
AMRC.N,Energy,322
CSIQ.OQ,Energy,323
IRWD.OQ,Health Care,324
VICR.OQ,Industrials,325
BKR.OQ,Energy,326
IBM.N,Technology,327
AXL.N,Consumer Discretionary,328
CAMT.OQ,Technology,329
ELF.N,Consumer Discretionary,330
PAYC.N,Technology,331
PLUG.OQ,Energy,332
NCLH.N,Consumer Discretionary,333
TREE.OQ,Financials,334
PCRX.OQ,Health Care,335
BLD.N,Industrials,336
DGII.OQ,Telecommunications,337
HESM.N,Energy,338
FTV.N,Industrials,339
BG.N,Consumer Staples,340
AGCO.N,Industrials,341
WSC.OQ,Industrials,342
HSIC.OQ,Health Care,343
RYI.N,Basic Materials,344
CEQP.N,Energy,345
INMD.OQ,Health Care,346
MOS.N,Basic Materials,347
CDNS.OQ,Technology,348
KMT.N,Industrials,349
STX.OQ,Technology,350
SEDG.OQ,Energy,351
FIVE.OQ,Consumer Discretionary,352
AVT.OQ,Technology,353
GPI.N,Consumer Discretionary,354
TTEK.OQ,Industrials,355
AGS.N,Consumer Discretionary,356
MTSI.OQ,Technology,357
ZI.OQ,Technology,358
VREX.OQ,Health Care,359
ZEUS.OQ,Basic Materials,360
TMST.N,Basic Materials,361
RIG.N,Energy,362
SQ.N,Industrials,363
LLY.N,Health Care,364
RTX.N,Industrials,365
UNVR.N,Basic Materials,366
SSNC.OQ,Technology,367
AVAV.OQ,Industrials,368
BLDR.N,Industrials,369
NEO.OQ,Health Care,370
ATRC.OQ,Health Care,371
SXT.N,Basic Materials,372
LEA.N,Consumer Discretionary,373
HOUS.N,Real Estate,374
WLDN.OQ,Industrials,375
R.N,Industrials,376
IRM.N,Real Estate,377
ITRI.OQ,Industrials,378
NVST.N,Health Care,379
VTRS.OQ,Health Care,380
SNX.N,Technology,381
SCCO.N,Basic Materials,382
AVIR.OQ,Health Care,383
MDT.N,Health Care,384
HURN.OQ,Industrials,385
VRNS.OQ,Technology,386
OUT.N,Real Estate,387
SSTK.N,Technology,388
HOLX.OQ,Health Care,389
CDXS.OQ,Health Care,390
KLIC.OQ,Technology,391
ELAN.N,Health Care,392
VRRM.OQ,Industrials,393
VSH.N,Technology,394
NEWR.N,Technology,395
KIDS.OQ,Health Care,396
RYAM.N,Basic Materials,397
VFC.N,Consumer Discretionary,398
SYY.N,Consumer Staples,399
JNJ.N,Health Care,400
UFPI.OQ,Basic Materials,401
WOOF.OQ,Consumer Discretionary,402
DZSI.OQ,Telecommunications,403
CWH.N,Consumer Discretionary,404
EVBG.OQ,Technology,405
ALTO.OQ,Basic Materials,406
NFG.N,Utilities,407
DHR.N,Health Care,408
SHAK.N,Consumer Discretionary,409
MTX.N,Basic Materials,410
MCFT.OQ,Consumer Discretionary,411
DOOR.N,Industrials,412
T.N,Telecommunications,413
EXLS.OQ,Industrials,414
MU.OQ,Technology,415
EBS.N,Health Care,416
CPS.N,Consumer Discretionary,417
DDS.N,Consumer Discretionary,418
PRGO.N,Health Care,419
PCTY.OQ,Industrials,420
SLP.OQ,Technology,421
MOD.N,Industrials,422
TRMB.OQ,Industrials,423
MODG.N,Consumer Discretionary,424
PRPL.OQ,Consumer Discretionary,425
COST.OQ,Consumer Discretionary,426
RRC.N,Energy,427
MHK.N,Industrials,428
CAL.N,Consumer Discretionary,429
GNTX.OQ,Consumer Discretionary,430
PACK.N,Industrials,431
OLLI.OQ,Consumer Discretionary,432
MPC.N,Energy,433
AVTR.N,Health Care,434
LCUT.OQ,Consumer Discretionary,435
ROL.N,Consumer Discretionary,436
GDEN.OQ,Consumer Discretionary,437
LUMN.N,Telecommunications,438
ALTR.OQ,Technology,439
WBD.OQ,Consumer Discretionary,440
SLAB.OQ,Technology,441
CCCC.OQ,Health Care,442
ENTG.OQ,Technology,443
CSL.N,Industrials,444
ARCO.N,Consumer Discretionary,445
NSP.N,Industrials,446
PHR.N,Health Care,447
HSC.N,Utilities,448
TDS.N,Telecommunications,449
FTNT.OQ,Technology,450
ATSG.OQ,Industrials,451
MCRI.OQ,Consumer Discretionary,452
DNOW.N,Energy,453
HUBS.N,Technology,454
BSM.N,Energy,455
AMK.N,Financials,456
MSFT.OQ,Technology,457
LITE.OQ,Telecommunications,458
CAAP.N,Industrials,459
LECO.OQ,Industrials,460
FE.N,Utilities,461
HLIO.N,Industrials,462
NEXA.N,Basic Materials,463
TMO.N,Health Care,464
BYD.N,Consumer Discretionary,465
MGNI.OQ,Technology,466
ZBH.N,Health Care,467
AVGO.OQ,Technology,468
LH.N,Health Care,469
CCRN.OQ,Industrials,470
RS.N,Basic Materials,471
COTY.N,Consumer Discretionary,472
LE.OQ,Consumer Discretionary,473
CGNT.OQ,Technology,474
MED.N,Consumer Staples,475
WBA.OQ,Consumer Staples,476
HSII.OQ,Industrials,477
AMPH.OQ,Health Care,478
AEIS.OQ,Technology,479
FISV.OQ,Industrials,480
VZ.N,Telecommunications,481
LULU.OQ,Consumer Discretionary,482
VNOM.OQ,Energy,483
PLAB.OQ,Technology,484
CC.N,Basic Materials,485
SNOW.N,Technology,486
RMD.N,Health Care,487
SPGI.N,Financials,488
VLO.N,Energy,489
FDS.N,Financials,490
BMI.N,Industrials,491
PVH.N,Consumer Discretionary,492
WKHS.OQ,Industrials,493
MPLX.N,Energy,494
ASGN.N,Industrials,495
CWENa.N,Utilities,496
TWOU.OQ,Consumer Discretionary,497
CDW.OQ,Technology,498
ECVT.N,Basic Materials,499
SNDR.N,Industrials,500
MIDD.OQ,Industrials,501
TKR.N,Basic Materials,502
MANU.N,Consumer Discretionary,503
ET.N,Energy,504
CWST.OQ,Utilities,505
BLFS.OQ,Health Care,506
CSTL.OQ,Health Care,507
PLXS.OQ,Technology,508
VSAT.OQ,Telecommunications,509
NMM.N,Industrials,510
IBP.N,Industrials,511
TXG.OQ,Health Care,512
ZM.OQ,Technology,513
MAN.N,Industrials,514
BPMC.OQ,Health Care,515
GLDD.OQ,Industrials,516
CLDX.OQ,Health Care,517
ZBRA.OQ,Industrials,518
PFMT.OQ,Industrials,519
PRTS.OQ,Consumer Discretionary,520
GATO.N,Basic Materials,521
GIII.OQ,Consumer Discretionary,522
NYT.N,Consumer Discretionary,523
SANM.OQ,Technology,524
SYK.N,Health Care,525
CHEF.OQ,Consumer Staples,526
TNK.N,Industrials,527
ABNB.OQ,Consumer Discretionary,528
PD.N,Technology,529
DGX.N,Health Care,530
PARA.OQ,Consumer Discretionary,531
NVRO.N,Health Care,532
RL.N,Consumer Discretionary,533
BV.N,Industrials,534
DXC.N,Technology,535
AVNT.N,Basic Materials,536
IFF.N,Basic Materials,537
BNGO.OQ,Health Care,538
XOM.N,Energy,539
NSTG.OQ,Health Care,540
FUL.N,Industrials,541
NOW.N,Technology,542
INTU.OQ,Technology,543
GOOGL.OQ,Technology,544
BALY.N,Consumer Discretionary,545
NX.N,Industrials,546
NKE.N,Consumer Discretionary,547
DOW.N,Basic Materials,548
ILMN.OQ,Health Care,549
WOR.N,Basic Materials,550
TDY.N,Industrials,551
TT.N,Industrials,552
RMBS.OQ,Technology,553
PPC.OQ,Consumer Staples,554
XYL.N,Industrials,555
EXC.OQ,Utilities,556
AXON.OQ,Industrials,557
WK.N,Technology,558
HUBB.N,Industrials,559
FATE.OQ,Health Care,560
GTLS.N,Industrials,561
DASH.N,Technology,562
JNPR.N,Telecommunications,563
HYLN.N,Industrials,564
SWAV.OQ,Health Care,565
DK.N,Energy,566
PII.N,Consumer Discretionary,567
FC.N,Industrials,568
MATV.N,Basic Materials,569
CIEN.N,Telecommunications,570
LPX.N,Industrials,571
ADT.N,Industrials,572
EVC.N,Consumer Discretionary,573
AROC.N,Energy,574
VMI.N,Industrials,575
CSCO.OQ,Telecommunications,576
FLWS.OQ,Consumer Discretionary,577
HD.N,Consumer Discretionary,578
MATW.OQ,Consumer Discretionary,579
CNMD.N,Health Care,580
SPTN.OQ,Consumer Staples,581
WEN.OQ,Consumer Discretionary,582
OC.N,Industrials,583
WAB.N,Industrials,584
MMC.N,Financials,585
ZS.OQ,Technology,586
NDAQ.OQ,Financials,587
G.N,Industrials,588
B.N,Industrials,589
QUOT.N,Consumer Discretionary,590
ALK.N,Consumer Discretionary,591
AIN.N,Industrials,592
M.N,Consumer Discretionary,593
VRTS.OQ,Financials,594
WH.N,Consumer Discretionary,595
RPAY.OQ,Industrials,596
ACM.N,Industrials,597
GEF.N,Industrials,598
DSKE.OQ,Industrials,599
H.N,Consumer Discretionary,600
BDX.N,Health Care,601
TGT.N,Consumer Discretionary,602
CHX.OQ,Energy,603
CDNA.OQ,Health Care,604
ARCE.OQ,Consumer Discretionary,605
FREQ.OQ,Health Care,606
SPXC.N,Industrials,607
ADM.N,Consumer Staples,608
SE.N,Technology,609
VRT.N,Technology,610
DBX.OQ,Technology,611
WNC.N,Industrials,612
WAT.N,Industrials,613
KSS.N,Consumer Discretionary,614
TER.OQ,Technology,615
CDAY.N,Technology,616
ABT.N,Health Care,617
LYFT.OQ,Consumer Discretionary,618
USPH.N,Health Care,619
AAPL.OQ,Technology,620
ORCL.N,Technology,621
PG.N,Consumer Staples,622
OFIX.OQ,Health Care,623
INO.OQ,Health Care,624
GPC.N,Consumer Discretionary,625
ANET.N,Telecommunications,626
APH.N,Technology,627
KN.N,Consumer Discretionary,628
PGTI.N,Industrials,629
REPL.OQ,Health Care,630
NSIT.OQ,Technology,631
CRL.N,Health Care,632
XPEV.N,Consumer Discretionary,633
NEP.N,Utilities,634
DOCU.OQ,Technology,635
SHOP.N,Technology,636
XL.N,Consumer Discretionary,637
ENS.N,Industrials,638
IPGP.OQ,Technology,639
MD.N,Health Care,640
STE.N,Health Care,641
JWN.N,Consumer Discretionary,642
QNCX.OQ,Health Care,643
KTOS.OQ,Industrials,644
KEYS.N,Industrials,645
CVS.N,Consumer Staples,646
IHRT.OQ,Consumer Discretionary,647
DY.N,Industrials,648
LEG.N,Consumer Discretionary,649
SO.N,Utilities,650
ACHC.OQ,Health Care,651
VEEV.N,Health Care,652
ZEPP.N,Consumer Discretionary,653
COO.N,Health Care,654
SHYF.OQ,Industrials,655
BMY.N,Health Care,656
FNKO.OQ,Consumer Discretionary,657
III.OQ,Industrials,658
BCC.N,Basic Materials,659
IT.N,Technology,660
SPLK.OQ,Technology,661
LYB.N,Basic Materials,662
ASO.OQ,Consumer Discretionary,663
NXST.OQ,Consumer Discretionary,664
SRRK.OQ,Health Care,665
GD.N,Industrials,666
SOL.N,Energy,667
SCL.N,Basic Materials,668
CRI.N,Consumer Discretionary,669
RSG.N,Utilities,670
SNDL.OQ,Health Care,671
CIR.N,Industrials,672
PEN.N,Health Care,673
UNFI.N,Consumer Staples,674
YNDX.OQ,Technology,675
OSPN.OQ,Technology,676
GRMN.N,Consumer Discretionary,677
WTS.N,Industrials,678
ENR.N,Consumer Staples,679
NSSC.OQ,Industrials,680
CRS.N,Basic Materials,681
MTRX.OQ,Energy,682
HAL.N,Energy,683
PLTR.N,Technology,684
TXT.N,Industrials,685
GPS.N,Consumer Discretionary,686
QTWO.N,Technology,687
NJR.N,Utilities,688
WWD.OQ,Industrials,689
FCFS.OQ,Financials,690
DBI.N,Consumer Discretionary,691
SUN.N,Energy,692
PKG.N,Industrials,693
FSLR.OQ,Energy,694
INSW.N,Industrials,695
BABA.N,Consumer Discretionary,696
TSE.N,Industrials,697
PENN.OQ,Consumer Discretionary,698
WMT.N,Consumer Discretionary,699
ODFL.OQ,Industrials,700
CPRT.OQ,Consumer Discretionary,701
KO.N,Consumer Staples,702
OKTA.OQ,Technology,703
BGFV.OQ,Consumer Discretionary,704
NOVT.OQ,Technology,705
EBAY.OQ,Consumer Discretionary,706
AMN.N,Industrials,707
HBIO.OQ,Health Care,708
VMW.N,Technology,709
CMCO.OQ,Industrials,710
SXI.N,Industrials,711
DCI.N,Industrials,712
HCAT.OQ,Health Care,713
QRTEA.OQ,Consumer Discretionary,714
KOP.N,Basic Materials,715
BRKR.OQ,Health Care,716
POR.N,Utilities,717
RCM.OQ,Health Care,718
DAR.N,Consumer Staples,719
KMX.N,Consumer Discretionary,720
OMI.N,Health Care,721
SUM.N,Industrials,722
DAVA.N,Technology,723
JCI.N,Industrials,724
CBZ.N,Industrials,725
BL.OQ,Technology,726
TGLS.N,Industrials,727
ANSS.OQ,Technology,728
PXD.N,Energy,729
VST.N,Utilities,730
TTEC.OQ,Industrials,731
ROK.N,Industrials,732
CRAI.OQ,Industrials,733
RMAX.N,Real Estate,734
IPI.N,Basic Materials,735
CORT.OQ,Health Care,736
CSX.OQ,Industrials,737
VERX.OQ,Technology,738
EVA.N,Energy,739
AXTA.N,Industrials,740
REX.N,Energy,741
WMB.N,Energy,742
LKQ.OQ,Consumer Discretionary,743
SITE.N,Consumer Discretionary,744
SHW.N,Industrials,745
KAI.N,Industrials,746
UAL.OQ,Consumer Discretionary,747
VNT.N,Industrials,748
MELI.OQ,Consumer Discretionary,749
ABM.N,Industrials,750
HI.N,Industrials,751
RUSHA.OQ,Consumer Discretionary,752
YEXT.N,Technology,753
AEP.OQ,Utilities,754
TXN.OQ,Technology,755
PDFS.OQ,Technology,756
SLCA.N,Basic Materials,757
ATGE.N,Consumer Discretionary,758
GMED.N,Health Care,759
SRI.N,Consumer Discretionary,760
OPEN.OQ,Real Estate,761
ITT.N,Industrials,762
EVH.N,Health Care,763
ABBV.N,Health Care,764
FLS.N,Industrials,765
EXP.N,Industrials,766
DUK.N,Utilities,767
BDC.N,Industrials,768
CYBR.OQ,Technology,769
ACA.N,Energy,770
EMR.N,Industrials,771
BCOR.OQ,Financials,772
TDOC.N,Health Care,773
MLM.N,Industrials,774
CTVA.N,Consumer Staples,775
CMRE.N,Industrials,776
HON.OQ,Industrials,777
ERII.OQ,Industrials,778
ICE.N,Financials,779
ARCB.OQ,Industrials,780
PDCO.OQ,Health Care,781
DINO.N,Energy,782
PEG.N,Utilities,783
VCEL.OQ,Health Care,784
KE.OQ,Technology,785
NARI.OQ,Health Care,786
K.N,Consumer Staples,787
GCO.N,Consumer Discretionary,788
PRDO.OQ,Consumer Discretionary,789
CASY.OQ,Consumer Staples,790
SKYW.OQ,Consumer Discretionary,791
ASTE.OQ,Industrials,792
GWRE.N,Technology,793
BURL.N,Consumer Discretionary,794
UGI.N,Utilities,795
GTES.N,Industrials,796
AKAM.OQ,Technology,797
PH.N,Industrials,798
FAST.OQ,Basic Materials,799
ANIP.OQ,Health Care,800
INTC.OQ,Technology,801
NOV.N,Energy,802
HSTM.OQ,Health Care,803
GILD.OQ,Health Care,804
COP.N,Energy,805
PEP.OQ,Consumer Staples,806
EHC.N,Health Care,807
APPF.OQ,Technology,808
VRAY.OQ,Health Care,809
PANW.OQ,Technology,810
DRI.N,Consumer Discretionary,811
MUSA.N,Consumer Discretionary,812
GHC.N,Consumer Discretionary,813
SPR.N,Industrials,814
EW.N,Health Care,815
CTLP.OQ,Industrials,816
NEM.N,Basic Materials,817
GOGL.OQ,Industrials,818
OXY.N,Energy,819
CHKP.OQ,Technology,820
LNTH.OQ,Health Care,821
POOL.OQ,Consumer Discretionary,822
RMR.OQ,Real Estate,823
BKI.N,Technology,824
PRIM.OQ,Industrials,825
WTRG.N,Utilities,826
HUN.N,Basic Materials,827
PBH.N,Health Care,828
SHC.OQ,Health Care,829
SAVE.N,Consumer Discretionary,830
DG.N,Consumer Discretionary,831
AAP.N,Consumer Discretionary,832
SEE.N,Industrials,833
NWSA.OQ,Consumer Discretionary,834
TECH.OQ,Health Care,835
PODD.OQ,Health Care,836
AIT.N,Industrials,837
NEE.N,Utilities,838
NTAP.OQ,Technology,839
ROCK.OQ,Industrials,840
BEAM.OQ,Health Care,841
MRO.N,Energy,842
DFIN.N,Industrials,843
COLL.OQ,Health Care,844
ARMK.N,Consumer Discretionary,845
MLAB.OQ,Industrials,846
BRP.OQ,Financials,847
KFRC.OQ,Industrials,848
SFIX.OQ,Consumer Discretionary,849
KFY.N,Industrials,850
NVGS.N,Industrials,851
EMN.N,Basic Materials,852
INGR.N,Consumer Staples,853
CF.N,Basic Materials,854
KMI.N,Energy,855
ENVA.N,Financials,856
VSTO.N,Consumer Discretionary,857
TTMI.OQ,Technology,858
RADA.OQ,Industrials,859
AVY.N,Basic Materials,860
CTRA.N,Energy,861
OPK.OQ,Health Care,862
BCPC.OQ,Basic Materials,863
ADBE.OQ,Technology,864
STNE.OQ,Industrials,865
NI.N,Utilities,866
PDCE.OQ,Energy,867
MO.N,Consumer Staples,868
ONDS.OQ,Consumer Discretionary,869
NRG.N,Utilities,870
KAR.N,Consumer Discretionary,871
V.N,Industrials,872
VTNR.OQ,Utilities,873
FOXA.OQ,Consumer Discretionary,874
PLUS.OQ,Technology,875
ICUI.OQ,Health Care,876
FELE.OQ,Industrials,877
CRM.N,Technology,878
ALGT.OQ,Consumer Discretionary,879
CERS.OQ,Health Care,880
BRO.N,Financials,881
SGC.OQ,Consumer Discretionary,882
ETRN.N,Energy,883
FOLD.OQ,Health Care,884
TWNK.OQ,Consumer Staples,885
TMDX.OQ,Health Care,886
LAUR.OQ,Consumer Discretionary,887
ALRM.OQ,Technology,888
PWR.N,Industrials,889
CLH.N,Utilities,890
MTZ.N,Industrials,891
HWM.N,Industrials,892
ENV.N,Technology,893
MMP.N,Energy,894
EBIX.OQ,Technology,895
SONO.OQ,Consumer Discretionary,896
WM.N,Utilities,897
NBR.N,Energy,898
MESA.OQ,Consumer Discretionary,899
ZD.OQ,Technology,900
TDW.N,Energy,901
ALT.OQ,Health Care,902
STRL.OQ,Industrials,903
CHE.N,Health Care,904
HII.N,Industrials,905
CACI.N,Technology,906
EXPR.N,Consumer Discretionary,907
WES.N,Energy,908
ESI.N,Basic Materials,909
NPO.N,Industrials,910
SOLO.OQ,Consumer Discretionary,911
OPCH.OQ,Health Care,912
CHDN.OQ,Consumer Discretionary,913
TGNA.N,Consumer Discretionary,914
GWRS.OQ,Utilities,915
TYL.N,Technology,916
FIS.N,Industrials,917
LUV.N,Consumer Discretionary,918
AZZ.N,Industrials,919
SCHN.OQ,Basic Materials,920
CNP.N,Utilities,921
AZTA.OQ,Health Care,922
SHO.N,Real Estate,923
CODI.N,Financials,924
GPRO.OQ,Consumer Discretionary,925
MRK.N,Health Care,926
BOX.N,Technology,927
WHR.N,Consumer Discretionary,928
KNX.N,Industrials,929
LAMR.OQ,Real Estate,930
EVTC.N,Industrials,931
PSMT.OQ,Consumer Discretionary,932
TRU.N,Industrials,933
VMC.N,Industrials,934
CNDT.OQ,Industrials,935
APLS.OQ,Health Care,936
VRCA.OQ,Health Care,937
DRQ.N,Energy,938
COHR.OQ,Technology,939
DHT.N,Industrials,940
FL.N,Consumer Discretionary,941
MASI.OQ,Health Care,942
AMZN.OQ,Consumer Discretionary,943
HP.N,Energy,944
GT.OQ,Consumer Discretionary,945
BKNG.OQ,Consumer Discretionary,946
EME.N,Industrials,947
EVER.OQ,Technology,948
WDC.OQ,Technology,949
ALG.N,Industrials,950
FSS.N,Industrials,951
ED.N,Utilities,952
DLTR.OQ,Consumer Discretionary,953
CDLX.OQ,Consumer Discretionary,954
IAC.OQ,Technology,955
ETSY.OQ,Consumer Discretionary,956
LOPE.OQ,Consumer Discretionary,957
NCR.N,Technology,958
MSA.N,Industrials,959
SMAR.N,Technology,960
WNS.N,Industrials,961
IDEX.OQ,Industrials,962
TTWO.OQ,Consumer Discretionary,963
TJX.N,Consumer Discretionary,964
CAT.N,Industrials,965
UFI.N,Basic Materials,966
IR.N,Industrials,967
DIS.N,Consumer Discretionary,968
WDAY.OQ,Technology,969
PGNY.OQ,Health Care,970
PINC.OQ,Health Care,971
PAA.OQ,Energy,972
MSM.N,Industrials,973
SJM.N,Consumer Staples,974
OSIS.OQ,Industrials,975
BBY.N,Consumer Discretionary,976
KOS.N,Energy,977
AAON.OQ,Industrials,978
DCO.N,Industrials,979
COMM.OQ,Telecommunications,980
MTEM.OQ,Health Care,981
SIBN.OQ,Health Care,982
LAZR.OQ,Consumer Discretionary,983
SCVL.OQ,Consumer Discretionary,984
SEM.N,Health Care,985
KBR.N,Technology,986
AFMD.OQ,Health Care,987
CNXC.OQ,Technology,988
J.N,Industrials,989
HELE.OQ,Consumer Discretionary,990
CSGP.OQ,Real Estate,991
MGY.N,Energy,992
FCEL.OQ,Energy,993
CSWI.OQ,Industrials,994
HIBB.OQ,Consumer Discretionary,995
FIX.N,Industrials,996
STKS.OQ,Consumer Discretionary,997
NVTA.N,Health Care,998
ARAY.OQ,Health Care,999
INSP.N,Health Care,1000
CPK.N,Utilities,1001
OII.N,Energy,1002
SYNH.OQ,Health Care,1003
CME.OQ,Financials,1004
WETF.OQ,Financials,1005
EXPE.OQ,Consumer Discretionary,1006
ECL.N,Basic Materials,1007
TSN.N,Consumer Staples,1008
SATS.OQ,Telecommunications,1009
AXGN.OQ,Health Care,1010
GGG.N,Industrials,1011
EL.N,Consumer Discretionary,1012
KHC.OQ,Consumer Staples,1013
KURA.OQ,Health Care,1014
MODV.OQ,Health Care,1015
BSY.OQ,Technology,1016
EVR.N,Financials,1017
DNB.N,Technology,1018
PCG.N,Utilities,1019
IIIV.OQ,Industrials,1020
QNST.OQ,Consumer Discretionary,1021
SPB.N,Consumer Staples,1022
UBER.N,Consumer Discretionary,1023
SM.N,Energy,1024
IDXX.OQ,Health Care,1025
WERN.OQ,Industrials,1026
FMC.N,Basic Materials,1027
HUBG.OQ,Industrials,1028
WRK.N,Industrials,1029
MMM.N,Industrials,1030
EPC.N,Consumer Staples,1031
LNN.N,Industrials,1032
A.N,Health Care,1033
DTE.N,Utilities,1034
KRTX.OQ,Health Care,1035
TNC.N,Industrials,1036
LHX.N,Industrials,1037
PPL.N,Utilities,1038
VRNT.OQ,Technology,1039
OSW.OQ,Consumer Discretionary,1040
TRGP.N,Energy,1041
QIWI.OQ,Industrials,1042
SHEN.OQ,Telecommunications,1043
SMPL.OQ,Consumer Staples,1044
FBHS.N,Industrials,1045
SDGR.OQ,Technology,1046
MTRN.N,Basic Materials,1047
RRR.OQ,Consumer Discretionary,1048
UNP.N,Industrials,1049
NDSN.OQ,Industrials,1050
DVN.N,Energy,1051
EQT.N,Energy,1052
ENTA.OQ,Health Care,1053
ANGO.OQ,Health Care,1054
LZB.N,Consumer Discretionary,1055
EAR.OQ,Health Care,1056
SLGN.N,Industrials,1057
ARLO.N,Consumer Discretionary,1058
AMT.N,Real Estate,1059
VPG.N,Industrials,1060
DVA.N,Health Care,1061
SUPN.OQ,Health Care,1062
DLX.N,Industrials,1063
CNK.N,Consumer Discretionary,1064
DAL.N,Consumer Discretionary,1065
AJG.N,Financials,1066
TTC.N,Industrials,1067
SEER.OQ,Health Care,1068
AMOT.OQ,Industrials,1069
SPCE.N,Industrials,1070
CE.N,Basic Materials,1071
GIS.N,Consumer Staples,1072
VFF.OQ,Consumer Staples,1073
ADP.OQ,Industrials,1074
ANDE.OQ,Consumer Staples,1075
DEN.N,Energy,1076
AWK.N,Utilities,1077
GPN.N,Industrials,1078
AZPN.OQ,Technology,1079
STZ.N,Consumer Staples,1080
MMS.N,Industrials,1081
CBT.N,Basic Materials,1082
LILA.OQ,Telecommunications,1083
TREX.N,Industrials,1084
MDLZ.OQ,Consumer Staples,1085
THR.N,Industrials,1086
FLT.N,Industrials,1087
SSD.N,Industrials,1088
JBLU.OQ,Consumer Discretionary,1089
LXFR.N,Industrials,1090
TMUS.OQ,Telecommunications,1091
REAL.OQ,Consumer Discretionary,1092
ULH.OQ,Industrials,1093
WY.N,Real Estate,1094
ICFI.OQ,Industrials,1095
ES.N,Utilities,1096
BKH.N,Utilities,1097
NUVA.OQ,Health Care,1098
QTRX.OQ,Health Care,1099
SMLP.N,Energy,1100
ROST.OQ,Consumer Discretionary,1101
SSP.OQ,Consumer Discretionary,1102
AWI.N,Industrials,1103
CRWD.OQ,Technology,1104
KDP.OQ,Consumer Staples,1105
SFT.OQ,Consumer Discretionary,1106
MGM.N,Consumer Discretionary,1107
MTD.N,Industrials,1108
UEIC.OQ,Consumer Discretionary,1109
SCOR.OQ,Technology,1110
USM.N,Telecommunications,1111
EFX.N,Industrials,1112
RPM.N,Industrials,1113
MATX.N,Industrials,1114
LOCO.OQ,Consumer Discretionary,1115
EPAC.N,Industrials,1116
AOS.N,Industrials,1117
SSRM.OQ,Basic Materials,1118
PSX.N,Energy,1119
PAGP.OQ,Energy,1120
CHD.N,Consumer Staples,1121
PRO.N,Technology,1122
CDMO.OQ,Health Care,1123
CW.N,Industrials,1124
QRVO.OQ,Technology,1125
VRA.OQ,Consumer Discretionary,1126
TWLO.N,Technology,1127
APD.N,Basic Materials,1128
MRCY.OQ,Industrials,1129
PTEN.OQ,Energy,1130
IQV.N,Health Care,1131
CNX.N,Energy,1132
TILE.OQ,Consumer Discretionary,1133
CASA.OQ,Telecommunications,1134
ZUMZ.OQ,Consumer Discretionary,1135
ASH.N,Basic Materials,1136
BIIB.OQ,Health Care,1137
IOSP.OQ,Basic Materials,1138
COLM.OQ,Consumer Discretionary,1139
BR.N,Financials,1140
ITRN.OQ,Industrials,1141
MWA.N,Industrials,1142
VIAV.OQ,Telecommunications,1143
XPO.N,Industrials,1144
HL.N,Basic Materials,1145
LNT.OQ,Utilities,1146
PAYX.OQ,Industrials,1147
ACN.N,Industrials,1148
HYFM.OQ,Industrials,1149
CTAS.OQ,Industrials,1150
EOG.N,Energy,1151
URBN.OQ,Consumer Discretionary,1152
AVA.N,Utilities,1153
FRG.OQ,Consumer Discretionary,1154
WEC.N,Utilities,1155
ITI.OQ,Industrials,1156
RIGL.OQ,Health Care,1157
MA.N,Industrials,1158
CSTE.OQ,Industrials,1159
BLI.OQ,Health Care,1160
ZTS.N,Health Care,1161
MERC.OQ,Basic Materials,1162
NOC.N,Industrials,1163
NTRA.OQ,Health Care,1164
SRCL.OQ,Utilities,1165
CABO.N,Telecommunications,1166
KEX.N,Industrials,1167
MBIO.OQ,Health Care,1168
TROX.N,Basic Materials,1169
PGEN.OQ,Health Care,1170
NDLS.OQ,Consumer Discretionary,1171
HA.OQ,Consumer Discretionary,1172
ENLC.N,Energy,1173
CECE.OQ,Industrials,1174
MDRX.OQ,Technology,1175
HES.N,Energy,1176
IOVA.OQ,Health Care,1177
XEL.OQ,Utilities,1178
TAP.N,Consumer Staples,1179
IONS.OQ,Health Care,1180
TRVG.OQ,Consumer Discretionary,1181
MNST.OQ,Consumer Staples,1182
AMGN.OQ,Health Care,1183
DLB.N,Technology,1184
ATO.N,Utilities,1185
FANG.OQ,Energy,1186
OVV.N,Energy,1187
ORLY.OQ,Consumer Discretionary,1188
TXRH.OQ,Consumer Discretionary,1189
HCCI.OQ,Utilities,1190
ROG.N,Technology,1191
LDOS.N,Technology,1192
NXGN.OQ,Health Care,1193
IMGN.OQ,Health Care,1194
LGND.OQ,Health Care,1195
RVNC.OQ,Health Care,1196
LOW.N,Consumer Discretionary,1197
BLMN.OQ,Consumer Discretionary,1198
GDOT.N,Industrials,1199
REVG.N,Industrials,1200
OEC.N,Basic Materials,1201
CAG.N,Consumer Staples,1202
CMS.N,Utilities,1203
BCO.N,Industrials,1204
CHRS.OQ,Health Care,1205
RES.N,Energy,1206
ULTA.OQ,Consumer Discretionary,1207
WSO.N,Industrials,1208
AEE.N,Utilities,1209
HTLD.OQ,Industrials,1210
CIVI.N,Energy,1211
SMTC.OQ,Technology,1212
ENSG.OQ,Health Care,1213
CPB.N,Consumer Staples,1214
D.N,Utilities,1215
CPSI.OQ,Health Care,1216
YUMC.N,Consumer Discretionary,1217
RYN.N,Real Estate,1218
TFX.N,Health Care,1219
JBHT.OQ,Industrials,1220
CTS.N,Technology,1221
EXPD.OQ,Industrials,1222
KIRK.OQ,Consumer Discretionary,1223
NTCT.OQ,Technology,1224
CAMP.OQ,Telecommunications,1225
DM.N,Industrials,1226
AME.N,Industrials,1227
PLOW.N,Industrials,1228
FWRD.OQ,Industrials,1229
SFM.OQ,Consumer Staples,1230
PUMP.N,Energy,1231
ITW.N,Industrials,1232
QLYS.OQ,Technology,1233
SR.N,Utilities,1234
CRUS.OQ,Technology,1235
NWN.N,Utilities,1236
FORR.OQ,Industrials,1237
OGE.N,Utilities,1238
SEIC.OQ,Financials,1239
AMSC.OQ,Energy,1240
DD.N,Industrials,1241
KMB.N,Consumer Staples,1242
USFD.N,Consumer Staples,1243
HCKT.OQ,Technology,1244
TVTX.OQ,Health Care,1245
RBBN.OQ,Telecommunications,1246
FDP.N,Consumer Staples,1247
SNA.N,Industrials,1248
AZEK.N,Industrials,1249
OKE.N,Energy,1250
CZR.OQ,Consumer Discretionary,1251
ATEX.OQ,Telecommunications,1252
ATR.N,Industrials,1253
STR.N,Energy,1254
AMED.OQ,Health Care,1255
ALE.N,Utilities,1256
BIP.N,Utilities,1257
EQIX.OQ,Real Estate,1258
AGR.N,Utilities,1259
SLQT.N,Consumer Discretionary,1260
VRSK.OQ,Industrials,1261
OTTR.OQ,Industrials,1262
IP.N,Basic Materials,1263
PMVP.OQ,Health Care,1264
GME.N,Consumer Discretionary,1265
SRPT.OQ,Health Care,1266
GAN.OQ,Technology,1267
SRE.N,Utilities,1268
BLKB.OQ,Technology,1269
NWPX.OQ,Basic Materials,1270
AVD.N,Basic Materials,1271
RGS.N,Consumer Discretionary,1272
ZG.OQ,Real Estate,1273
APPN.OQ,Technology,1274
GLNG.OQ,Energy,1275
SPNS.OQ,Technology,1276
NEX.N,Energy,1277
REGN.OQ,Health Care,1278
JJSF.OQ,Consumer Staples,1279
OOMA.N,Telecommunications,1280
TRUE.OQ,Technology,1281
DMTK.OQ,Health Care,1282
LMT.N,Industrials,1283
GWW.N,Industrials,1284
DAKT.OQ,Technology,1285
CVI.N,Energy,1286
BAX.N,Health Care,1287
FARO.OQ,Industrials,1288
LOOP.OQ,Utilities,1289
WLK.N,Basic Materials,1290
SWK.N,Industrials,1291
ORA.N,Utilities,1292
MAXN.OQ,Energy,1293
OPRA.OQ,Technology,1294
BAND.OQ,Technology,1295
JKHY.OQ,Industrials,1296
ALSN.N,Industrials,1297
RNG.N,Technology,1298
GES.N,Consumer Discretionary,1299
IDCC.OQ,Telecommunications,1300
AIR.N,Industrials,1301
LPG.N,Industrials,1302
AMRN.OQ,Health Care,1303
WTW.OQ,Financials,1304
WHD.N,Energy,1305
POST.N,Consumer Staples,1306
RH.N,Consumer Discretionary,1307
SWX.N,Utilities,1308
NVEE.OQ,Industrials,1309
MKSI.OQ,Industrials,1310
BBSI.OQ,Industrials,1311
NFLX.OQ,Consumer Discretionary,1312
AMWD.OQ,Industrials,1313
TALO.N,Energy,1314
QD.N,Financials,1315
ALNY.OQ,Health Care,1316
AVO.OQ,Consumer Staples,1317
UTL.N,Utilities,1318
DOX.OQ,Technology,1319
FBIO.OQ,Health Care,1320
OGS.N,Utilities,1321
BERY.N,Industrials,1322
HRL.N,Consumer Staples,1323
MCO.N,Financials,1324
AM.N,Energy,1325
TIGO.OQ,Telecommunications,1326
MKC.N,Consumer Staples,1327
CLNE.OQ,Consumer Discretionary,1328
NAT.N,Industrials,1329
FLO.N,Consumer Staples,1330
BRY.OQ,Energy,1331
BGS.N,Consumer Staples,1332
VRTX.OQ,Health Care,1333
NWE.OQ,Utilities,1334
MCS.N,Consumer Discretionary,1335
PTVE.OQ,Industrials,1336
EIX.N,Utilities,1337
PBF.N,Energy,1338
SCS.N,Consumer Discretionary,1339
EA.OQ,Consumer Discretionary,1340
CMI.N,Industrials,1341
GFF.N,Industrials,1342
KRO.N,Industrials,1343
BMRN.OQ,Health Care,1344
CNC.N,Health Care,1345
PEGA.OQ,Technology,1346
ARKO.OQ,Consumer Discretionary,1347
LOVE.OQ,Consumer Discretionary,1348
PLCE.OQ,Consumer Discretionary,1349
KTB.N,Consumer Discretionary,1350
UTZ.N,Consumer Staples,1351
VVI.N,Consumer Discretionary,1352
RAMP.N,Technology,1353
FICO.N,Industrials,1354
VRM.OQ,Technology,1355
FROG.OQ,Technology,1356
CVLT.OQ,Technology,1357
BWXT.N,Industrials,1358
HGEN.OQ,Health Care,1359
LSTR.OQ,Industrials,1360
OMCL.OQ,Health Care,1361
AES.N,Utilities,1362
SON.N,Industrials,1363
NKTR.OQ,Health Care,1364
PCH.OQ,Real Estate,1365
NBIX.OQ,Health Care,1366
AYX.N,Technology,1367
CCI.N,Real Estate,1368
CRNC.OQ,Technology,1369
BIDU.OQ,Technology,1370
HEI.N,Industrials,1371
OIS.N,Energy,1372
PNW.N,Utilities,1373
HLX.N,Energy,1374
WSM.N,Consumer Discretionary,1375
DSGR.OQ,Industrials,1376
POWL.OQ,Industrials,1377
NSC.N,Industrials,1378
CLVT.N,Technology,1379
FDX.N,Industrials,1380
KC.OQ,Technology,1381
SRT.N,Industrials,1382
CLX.N,Consumer Staples,1383
ESE.N,Industrials,1384
FSLY.N,Technology,1385
PINS.N,Technology,1386
OMC.N,Consumer Discretionary,1387
PBI.N,Industrials,1388
KAMN.N,Industrials,1389
MGPI.OQ,Consumer Staples,1390
UPLD.OQ,Technology,1391
SFL.N,Industrials,1392
PYPL.OQ,Industrials,1393
HQY.OQ,Health Care,1394
BAH.N,Industrials,1395
ASND.OQ,Health Care,1396
THS.N,Consumer Staples,1397
REYN.OQ,Consumer Staples,1398
BFAM.N,Consumer Discretionary,1399
MOGa.N,Industrials,1400
FIXX.OQ,Health Care,1401
HXL.N,Basic Materials,1402
ETD.N,Consumer Discretionary,1403
MLKN.OQ,Consumer Discretionary,1404
GO.OQ,Consumer Staples,1405
CPE.N,Energy,1406
PSN.N,Technology,1407
ATNI.OQ,Telecommunications,1408
NWL.OQ,Consumer Discretionary,1409
ATRA.OQ,Health Care,1410
FTI.N,Energy,1411
CDE.N,Basic Materials,1412
HOG.N,Consumer Discretionary,1413
AGYS.OQ,Technology,1414
NTES.OQ,Consumer Discretionary,1415
BWMX.OQ,Consumer Staples,1416
CTSO.OQ,Health Care,1417
MODN.N,Technology,1418
CAKE.OQ,Consumer Discretionary,1419
JKS.N,Energy,1420
FHI.N,Financials,1421
BKD.N,Health Care,1422
FLL.OQ,Consumer Discretionary,1423
ORTX.OQ,Health Care,1424
KNOP.N,Industrials,1425
AQB.OQ,Consumer Staples,1426
ADPT.OQ,Health Care,1427
PTC.OQ,Technology,1428
VSEC.OQ,Industrials,1429
BIG.N,Consumer Discretionary,1430
EGRX.OQ,Health Care,1431
HSY.N,Consumer Staples,1432
PCT.OQ,Industrials,1433
BJRI.OQ,Consumer Discretionary,1434
CNSL.OQ,Telecommunications,1435
OCX.OQ,Health Care,1436
HVT.N,Consumer Discretionary,1437
ANIK.OQ,Health Care,1438
LMAT.OQ,Health Care,1439
EDIT.OQ,Health Care,1440
OI.N,Industrials,1441
HEP.N,Energy,1442
CONN.OQ,Consumer Discretionary,1443
MGTA.OQ,Health Care,1444
RETA.OQ,Health Care,1445
ACIW.OQ,Industrials,1446
LEVI.N,Consumer Discretionary,1447
UTHR.OQ,Health Care,1448
CLB.N,Energy,1449
BFb.N,Consumer Staples,1450
PAR.N,Technology,1451
BYND.OQ,Consumer Staples,1452
SMP.N,Consumer Discretionary,1453
FRPT.OQ,Consumer Staples,1454
CSGS.OQ,Technology,1455
STIM.OQ,Health Care,1456
MNRO.OQ,Consumer Discretionary,1457
JMIA.N,Technology,1458
NVCR.OQ,Health Care,1459
RVMD.OQ,Health Care,1460
ATHM.N,Technology,1461
BILI.OQ,Technology,1462
OLMA.OQ,Health Care,1463
IEX.N,Industrials,1464
MLCO.OQ,Consumer Discretionary,1465
ALLO.OQ,Health Care,1466
RPRX.OQ,Health Care,1467
EDU.N,Consumer Discretionary,1468
BNED.N,Consumer Discretionary,1469
MRSN.OQ,Health Care,1470
CHUY.OQ,Consumer Discretionary,1471
NOMD.N,Consumer Staples,1472
ITOS.OQ,Health Care,1473
BDSX.OQ,Health Care,1474
PLBY.OQ,Consumer Staples,1475
PSNL.OQ,Health Care,1476
MTN.N,Consumer Discretionary,1477
PKOH.OQ,Industrials,1478
AJRD.N,Industrials,1479
CTRN.OQ,Consumer Discretionary,1480
KRP.N,Energy,1481
ANF.N,Consumer Discretionary,1482
LXRX.OQ,Health Care,1483
GEL.N,Energy,1484
INZY.OQ,Health Care,1485
RYTM.OQ,Health Care,1486
TME.N,Consumer Discretionary,1487
MEC.N,Industrials,1488
SAIC.N,Technology,1489
AMCX.OQ,Consumer Discretionary,1490
SMG.N,Basic Materials,1491
INCY.OQ,Health Care,1492
AGIO.OQ,Health Care,1493
AFYA.OQ,Consumer Discretionary,1494
RLAY.OQ,Health Care,1495
LRN.N,Consumer Discretionary,1496
PPG.N,Industrials,1497
WLKP.N,Basic Materials,1498
TAL.N,Consumer Discretionary,1499
VIPS.N,Consumer Discretionary,1500
FWONA.OQ,Consumer Discretionary,1501
CVGW.OQ,Consumer Staples,1502
SBH.N,Consumer Discretionary,1503
VIAO.N,Technology,1504
NOTV.OQ,Health Care,1505
LGFa.N,Consumer Discretionary,1506
BEST.N,Industrials,1507
ANGI.OQ,Consumer Discretionary,1508
LVS.N,Consumer Discretionary,1509
ALLK.OQ,Health Care,1510
PETQ.OQ,Health Care,1511
LBRT.N,Energy,1512
PRTA.OQ,Health Care,1513
RCKT.OQ,Health Care,1514
UPS.N,Industrials,1515
CRTO.OQ,Technology,1516
HALO.OQ,Health Care,1517
ATVI.OQ,Consumer Discretionary,1518
BLUE.OQ,Health Care,1519
ALLE.N,Industrials,1520
AKRO.OQ,Health Care,1521
CCK.N,Industrials,1522
WWE.N,Consumer Discretionary,1523
STAA.OQ,Health Care,1524
WDFC.OQ,Consumer Staples,1525
NS.N,Energy,1526
ANAB.OQ,Health Care,1527
FTHM.OQ,Real Estate,1528
LPRO.OQ,Financials,1529
GNRC.N,Industrials,1530
PDD.OQ,Technology,1531
CHRW.OQ,Industrials,1532
MX.N,Technology,1533
CALM.OQ,Consumer Staples,1534
HCSG.OQ,Health Care,1535
GTHX.OQ,Health Care,1536
SWBI.OQ,Consumer Discretionary,1537
DYN.OQ,Health Care,1538
SAGE.OQ,Health Care,1539
TSCO.OQ,Consumer Discretionary,1540
DORM.OQ,Consumer Discretionary,1541
ALEC.OQ,Health Care,1542
LNDC.OQ,Consumer Staples,1543
TGTX.OQ,Health Care,1544
GRPN.OQ,Technology,1545
CNTY.OQ,Consumer Discretionary,1546
SIG.N,Consumer Discretionary,1547
USNA.N,Consumer Staples,1548
OXM.N,Consumer Discretionary,1549
CARA.OQ,Health Care,1550
KDNY.OQ,Health Care,1551
KOD.OQ,Health Care,1552
CL.N,Consumer Staples,1553
ANNX.OQ,Health Care,1554
PTCT.OQ,Health Care,1555
MTLS.OQ,Technology,1556
MASS.OQ,Health Care,1557
NFE.OQ,Energy,1558
SSTI.OQ,Industrials,1559
APYX.OQ,Health Care,1560
IGT.N,Consumer Discretionary,1561
SAM.N,Consumer Staples,1562
RXT.OQ,Technology,1563
MPAA.OQ,Consumer Discretionary,1564
PASG.OQ,Health Care,1565
CENT.OQ,Consumer Discretionary,1566
USAC.N,Energy,1567
BDTX.OQ,Health Care,1568
MEDP.OQ,Health Care,1569
SKLZ.N,Technology,1570
CLSD.OQ,Health Care,1571
PAHC.OQ,Health Care,1572
TPIC.OQ,Energy,1573
OTRK.OQ,Health Care,1574
LW.N,Consumer Staples,1575
EXAS.OQ,Health Care,1576
NCNO.OQ,Technology,1577
LVO.OQ,Consumer Discretionary,1578
OSTK.OQ,Consumer Discretionary,1579
VITL.OQ,Consumer Staples,1580
ITCI.OQ,Health Care,1581
KRUS.OQ,Consumer Discretionary,1582
XNCR.OQ,Health Care,1583
KPTI.OQ,Health Care,1584
NLTX.OQ,Health Care,1585
SPOT.N,Consumer Discretionary,1586
ASLE.OQ,Industrials,1587
DTIL.OQ,Health Care,1588
NVAX.OQ,Health Care,1589
DNMR.N,Industrials,1590
BBIO.OQ,Health Care,1591
CBRL.OQ,Consumer Discretionary,1592
IRTC.OQ,Health Care,1593
DNLI.OQ,Health Care,1594
INSM.OQ,Health Care,1595
OM.OQ,Health Care,1596
NGMS.OQ,Consumer Discretionary,1597
BALL.N,Industrials,1598
BQ.N,Consumer Discretionary,1599
ALGS.OQ,Health Care,1600
TLS.OQ,Technology,1601
RRGB.OQ,Consumer Discretionary,1602
REKR.OQ,Industrials,1603
CARS.N,Consumer Discretionary,1604
ATRO.OQ,Industrials,1605
OCUL.OQ,Health Care,1606
PLAY.OQ,Consumer Discretionary,1607
KRYS.OQ,Health Care,1608
SGH.OQ,Technology,1609
DCPH.OQ,Health Care,1610
API.OQ,Technology,1611
SCWX.OQ,Technology,1612
ICAD.OQ,Health Care,1613
GH.OQ,Health Care,1614
SCPL.OQ,Consumer Discretionary,1615
BOOM.OQ,Energy,1616
BTAI.OQ,Health Care,1617
ADCT.N,Health Care,1618
ACAD.OQ,Health Care,1619
SGRY.OQ,Health Care,1620
JYNT.OQ,Health Care,1621
DOYU.OQ,Technology,1622
ABCL.OQ,Health Care,1623
PRAX.OQ,Health Care,1624
DQ.N,Basic Materials,1625
RARE.OQ,Health Care,1626
STOK.OQ,Health Care,1627
GTH.OQ,Health Care,1628
FGEN.OQ,Health Care,1629
ORIC.OQ,Health Care,1630
YSG.N,Consumer Discretionary,1631
GKOS.N,Health Care,1632
DADA.OQ,Technology,1633
GOCO.OQ,Financials,1634
GHG.N,Consumer Discretionary,1635
YALA.N,Technology,1636
ICLK.OQ,Consumer Discretionary,1637
