Instrument,ICB Industry name,Rank
VRNA.OQ,Health Care,1
BQ.N,Consumer Discretionary,2
DADA.OQ,Technology,3
MLCO.OQ,Consumer Discretionary,4
BDSX.OQ,Health Care,5
YSG.N,Consumer Discretionary,6
KC.OQ,Technology,7
ABNB.OQ,Consumer Discretionary,8
CLB.N,Energy,9
HESM.N,Energy,10
ICAD.OQ,Health Care,11
ASND.OQ,Health Care,12
MANU.N,Consumer Discretionary,13
GTH.OQ,Health Care,14
DAL.N,Consumer Discretionary,15
FTHM.OQ,Real Estate,16
PRAX.OQ,Health Care,17
MTEM.OQ,Health Care,18
NOTV.OQ,Health Care,19
ALNY.OQ,Health Care,20
EXPE.OQ,Consumer Discretionary,21
QTRX.OQ,Health Care,22
VVI.N,Consumer Discretionary,23
KRTX.OQ,Health Care,24
SILK.OQ,Health Care,25
AGS.N,Consumer Discretionary,26
ALGS.OQ,Health Care,27
RCL.N,Consumer Discretionary,28
XPEV.N,Consumer Discretionary,29
CLPT.OQ,Health Care,30
VRCA.OQ,Health Care,31
TXG.OQ,Health Care,32
STOK.OQ,Health Care,33
SPOT.N,Consumer Discretionary,34
NIO.N,Consumer Discretionary,35
LIND.OQ,Consumer Discretionary,36
SWAV.OQ,Health Care,37
STIM.OQ,Health Care,38
VERI.OQ,Technology,39
ANGI.OQ,Consumer Discretionary,40
SE.N,Technology,41
SOL.N,Energy,42
PRO.N,Technology,43
FRPT.OQ,Consumer Staples,44
AGIO.OQ,Health Care,45
INTZ.OQ,Technology,46
EYPT.OQ,Health Care,47
UBER.N,Consumer Discretionary,48
BWXT.N,Industrials,49
NFE.OQ,Energy,50
RRR.OQ,Consumer Discretionary,51
NCNO.OQ,Technology,52
CIR.N,Industrials,53
VCEL.OQ,Health Care,54
JBT.N,Industrials,55
SPR.N,Industrials,56
BLI.OQ,Health Care,57
SIBN.OQ,Health Care,58
PTCT.OQ,Health Care,59
SRPT.OQ,Health Care,60
SCPL.OQ,Consumer Discretionary,61
XPEL.OQ,Consumer Discretionary,62
ALLK.OQ,Health Care,63
GOCO.OQ,Financials,64
ACAD.OQ,Health Care,65
DZSI.OQ,Telecommunications,66
BTAI.OQ,Health Care,67
CRMD.OQ,Health Care,68
RARE.OQ,Health Care,69
MASS.OQ,Health Care,70
OTRK.OQ,Health Care,71
VIAO.N,Technology,72
ARCO.N,Consumer Discretionary,73
ONDS.OQ,Consumer Discretionary,74
SRRK.OQ,Health Care,75
NGMS.OQ,Consumer Discretionary,76
TECH.OQ,Health Care,77
EVER.OQ,Technology,78
AMRX.N,Health Care,79
ARVN.OQ,Health Care,80
KTB.N,Consumer Discretionary,81
EVTC.N,Industrials,82
CYTK.OQ,Health Care,83
AVAV.OQ,Industrials,84
QUOT.N,Consumer Discretionary,85
INSP.N,Health Care,86
GRPN.OQ,Technology,87
SPRB.OQ,Health Care,88
SPNS.OQ,Technology,89
REKR.OQ,Industrials,90
CTLP.OQ,Industrials,91
RYI.N,Basic Materials,92
DSKE.OQ,Industrials,93
USAC.N,Energy,94
HGEN.OQ,Health Care,95
TRVN.OQ,Health Care,96
RETA.OQ,Health Care,97
RYTM.OQ,Health Care,98
PDD.OQ,Technology,99
OLN.N,Basic Materials,100
MCFT.OQ,Consumer Discretionary,101
KYMR.OQ,Health Care,102
WWW.N,Consumer Discretionary,103
NSP.N,Industrials,104
QURE.OQ,Health Care,105
NEWR.N,Technology,106
OOMA.N,Telecommunications,107
AFYA.OQ,Consumer Discretionary,108
MTN.N,Consumer Discretionary,109
LVS.N,Consumer Discretionary,110
UAL.OQ,Consumer Discretionary,111
PLOW.N,Industrials,112
RVNC.OQ,Health Care,113
BBIO.OQ,Health Care,114
LVO.OQ,Consumer Discretionary,115
OEC.N,Basic Materials,116
HEI.N,Industrials,117
XNCR.OQ,Health Care,118
LSTR.OQ,Industrials,119
SHC.OQ,Health Care,120
PTVE.OQ,Industrials,121
ARKO.OQ,Consumer Discretionary,122
SRI.N,Consumer Discretionary,123
SKLZ.N,Technology,124
CAPL.N,Energy,125
ARCE.OQ,Consumer Discretionary,126
OLMA.OQ,Health Care,127
BRP.OQ,Financials,128
DSGR.OQ,Industrials,129
VITL.OQ,Consumer Staples,130
NRIX.OQ,Health Care,131
NS.N,Energy,132
PEGA.OQ,Technology,133
PGNY.OQ,Health Care,134
SP.OQ,Industrials,135
MGTA.OQ,Health Care,136
DCPH.OQ,Health Care,137
WHD.N,Energy,138
ENTG.OQ,Technology,139
CTSO.OQ,Health Care,140
CHDN.OQ,Consumer Discretionary,141
GAN.OQ,Technology,142
WST.N,Health Care,143
RDNT.OQ,Health Care,144
MTLS.OQ,Technology,145
LUV.N,Consumer Discretionary,146
AAON.OQ,Industrials,147
MED.N,Consumer Staples,148
LFUS.OQ,Industrials,149
HAL.N,Energy,150
TLS.OQ,Technology,151
OXM.N,Consumer Discretionary,152
AKRO.OQ,Health Care,153
NLTX.OQ,Health Care,154
INVE.OQ,Technology,155
CLSD.OQ,Health Care,156
CVLT.OQ,Technology,157
INSM.OQ,Health Care,158
WIX.OQ,Technology,159
IRTC.OQ,Health Care,160
CAMP.OQ,Telecommunications,161
PI.OQ,Technology,162
VAPO.N,Health Care,163
ARLO.N,Consumer Discretionary,164
ITCI.OQ,Health Care,165
LXRX.OQ,Health Care,166
BRKR.OQ,Health Care,167
EAR.OQ,Health Care,168
RADA.OQ,Industrials,169
ITRN.OQ,Industrials,170
MRSN.OQ,Health Care,171
ODFL.OQ,Industrials,172
AZTA.OQ,Health Care,173
PARR.N,Energy,174
HEAR.OQ,Consumer Discretionary,175
ENSG.OQ,Health Care,176
PODD.OQ,Health Care,177
OXY.N,Energy,178
ALGM.OQ,Technology,179
PWFL.OQ,Telecommunications,180
APLS.OQ,Health Care,181
CWST.OQ,Utilities,182
EXPO.OQ,Industrials,183
PASG.OQ,Health Care,184
NDLS.OQ,Consumer Discretionary,185
WH.N,Consumer Discretionary,186
CASA.OQ,Telecommunications,187
PMVP.OQ,Health Care,188
ITOS.OQ,Health Care,189
CSTL.OQ,Health Care,190
CDE.N,Basic Materials,191
GDYN.OQ,Technology,192
PATK.OQ,Industrials,193
ADT.N,Industrials,194
LNN.N,Industrials,195
HEP.N,Energy,196
TME.N,Consumer Discretionary,197
BCOR.OQ,Financials,198
OLED.OQ,Technology,199
AMOT.OQ,Industrials,200
IIIV.OQ,Industrials,201
AZPN.OQ,Technology,202
VRNS.OQ,Technology,203
CBRL.OQ,Consumer Discretionary,204
DQ.N,Basic Materials,205
AYX.N,Technology,206
ABCL.OQ,Health Care,207
FWONA.OQ,Consumer Discretionary,208
LOOP.OQ,Utilities,209
MNST.OQ,Consumer Staples,210
FUV.OQ,Consumer Discretionary,211
FRG.OQ,Consumer Discretionary,212
PHR.N,Health Care,213
CCL.N,Consumer Discretionary,214
GGG.N,Industrials,215
CAH.N,Health Care,216
RMR.OQ,Real Estate,217
TTEK.OQ,Industrials,218
TSE.N,Industrials,219
MBIO.OQ,Health Care,220
POOL.OQ,Consumer Discretionary,221
WK.N,Technology,222
TIGO.OQ,Telecommunications,223
SCL.N,Basic Materials,224
FWRD.OQ,Industrials,225
TVTX.OQ,Health Care,226
BWMX.OQ,Consumer Staples,227
PAHC.OQ,Health Care,228
NVRO.N,Health Care,229
DAVA.N,Technology,230
H.N,Consumer Discretionary,231
CSGP.OQ,Real Estate,232
MANH.OQ,Technology,233
AQB.OQ,Consumer Staples,234
APYX.OQ,Health Care,235
KFRC.OQ,Industrials,236
STKS.OQ,Consumer Discretionary,237
AWI.N,Industrials,238
ADPT.OQ,Health Care,239
FIX.N,Industrials,240
CBT.N,Basic Materials,241
RCKT.OQ,Health Care,242
LAZR.OQ,Consumer Discretionary,243
TNDM.OQ,Health Care,244
FDS.N,Financials,245
NMRK.OQ,Real Estate,246
SLQT.N,Consumer Discretionary,247
CASY.OQ,Consumer Staples,248
TRU.N,Industrials,249
SGRY.OQ,Health Care,250
SAIC.N,Technology,251
PLCE.OQ,Consumer Discretionary,252
OMI.N,Health Care,253
SPLK.OQ,Technology,254
GDEN.OQ,Consumer Discretionary,255
BFb.N,Consumer Staples,256
BBSI.OQ,Industrials,257
BMI.N,Industrials,258
CCCC.OQ,Health Care,259
PRTA.OQ,Health Care,260
TRS.OQ,Industrials,261
FBIO.OQ,Health Care,262
FARO.OQ,Industrials,263
USPH.N,Health Care,264
NDSN.OQ,Industrials,265
VNT.N,Industrials,266
OSPN.OQ,Technology,267
MCRI.OQ,Consumer Discretionary,268
UPLD.OQ,Technology,269
EXAS.OQ,Health Care,270
INGN.OQ,Health Care,271
SCWX.OQ,Technology,272
ALEC.OQ,Health Care,273
ELF.N,Consumer Discretionary,274
TRGP.N,Energy,275
ALLE.N,Industrials,276
ANNX.OQ,Health Care,277
CCRN.OQ,Industrials,278
SDGR.OQ,Technology,279
TREE.OQ,Financials,280
CYBR.OQ,Technology,281
SMAR.N,Technology,282
KDNY.OQ,Health Care,283
ASPN.N,Industrials,284
WDFC.OQ,Consumer Staples,285
STAA.OQ,Health Care,286
BAH.N,Industrials,287
AVIR.OQ,Health Care,288
ALK.N,Consumer Discretionary,289
ALGT.OQ,Consumer Discretionary,290
OSW.OQ,Consumer Discretionary,291
UPWK.OQ,Technology,292
FELE.OQ,Industrials,293
OI.N,Industrials,294
LEVI.N,Consumer Discretionary,295
DRIO.OQ,Health Care,296
OCUL.OQ,Health Care,297
WEN.OQ,Consumer Discretionary,298
CGNT.OQ,Technology,299
NOVT.OQ,Technology,300
OM.OQ,Health Care,301
TMDX.OQ,Health Care,302
BDTX.OQ,Health Care,303
API.OQ,Technology,304
QLYS.OQ,Technology,305
GH.OQ,Health Care,306
ORIC.OQ,Health Care,307
AMRC.N,Energy,308
DMTK.OQ,Health Care,309
DTIL.OQ,Health Care,310
ATRC.OQ,Health Care,311
RPRX.OQ,Health Care,312
PLAY.OQ,Consumer Discretionary,313
NVDA.OQ,Technology,314
AGYS.OQ,Technology,315
OVV.N,Energy,316
FMC.N,Basic Materials,317
LOVE.OQ,Consumer Discretionary,318
AXGN.OQ,Health Care,319
ENR.N,Consumer Staples,320
RVMD.OQ,Health Care,321
PSNL.OQ,Health Care,322
COLM.OQ,Consumer Discretionary,323
LW.N,Consumer Staples,324
SEIC.OQ,Financials,325
IDCC.OQ,Telecommunications,326
DNB.N,Technology,327
WWE.N,Consumer Discretionary,328
CW.N,Industrials,329
TWST.OQ,Health Care,330
WLDN.OQ,Industrials,331
TJX.N,Consumer Discretionary,332
ALSN.N,Industrials,333
ITI.OQ,Industrials,334
CSWI.OQ,Industrials,335
NXGN.OQ,Health Care,336
SMG.N,Basic Materials,337
WIRE.OQ,Industrials,338
LXFR.N,Industrials,339
ENV.N,Technology,340
NTRA.OQ,Health Care,341
MODN.N,Technology,342
FICO.N,Industrials,343
LAMR.OQ,Real Estate,344
COHU.OQ,Technology,345
HES.N,Energy,346
IOSP.OQ,Basic Materials,347
TER.OQ,Technology,348
TNET.N,Industrials,349
TNC.N,Industrials,350
DCI.N,Industrials,351
SLP.OQ,Technology,352
GNTX.OQ,Consumer Discretionary,353
RPM.N,Industrials,354
CVI.N,Energy,355
NSTG.OQ,Health Care,356
INCY.OQ,Health Care,357
CDLX.OQ,Consumer Discretionary,358
GOOGL.OQ,Technology,359
LECO.OQ,Industrials,360
BFAM.N,Consumer Discretionary,361
SEER.OQ,Health Care,362
CAL.N,Consumer Discretionary,363
YEXT.N,Technology,364
KAMN.N,Industrials,365
EHC.N,Health Care,366
CARS.N,Consumer Discretionary,367
NVAX.OQ,Health Care,368
BLFS.OQ,Health Care,369
SAIA.OQ,Industrials,370
PETQ.OQ,Health Care,371
KRO.N,Industrials,372
VERX.OQ,Technology,373
EVBG.OQ,Technology,374
KIRK.OQ,Consumer Discretionary,375
AFIB.OQ,Health Care,376
AIN.N,Industrials,377
CVGW.OQ,Consumer Staples,378
ROL.N,Consumer Discretionary,379
KOD.OQ,Health Care,380
BSX.N,Health Care,381
EXPR.N,Consumer Discretionary,382
MEDP.OQ,Health Care,383
SPH.N,Consumer Discretionary,384
BDC.N,Industrials,385
BKNG.OQ,Consumer Discretionary,386
MAT.OQ,Consumer Discretionary,387
UCTT.OQ,Technology,388
CMCO.OQ,Industrials,389
SIMO.OQ,Technology,390
PAGP.OQ,Energy,391
XPRO.N,Energy,392
AMED.OQ,Health Care,393
HURN.OQ,Industrials,394
PLUS.OQ,Technology,395
VRTS.OQ,Financials,396
TRUP.OQ,Financials,397
LCUT.OQ,Consumer Discretionary,398
AMK.N,Financials,399
BYD.N,Consumer Discretionary,400
TFX.N,Health Care,401
CRDb.N,Financials,402
ATRO.OQ,Industrials,403
BRC.N,Industrials,404
SMTC.OQ,Technology,405
MUSA.N,Consumer Discretionary,406
CWK.N,Real Estate,407
SNOW.N,Technology,408
WSO.N,Industrials,409
GKOS.N,Health Care,410
SUN.N,Energy,411
JBHT.OQ,Industrials,412
TPX.N,Consumer Discretionary,413
EVA.N,Energy,414
WLKP.N,Basic Materials,415
ENTA.OQ,Health Care,416
QTWO.N,Technology,417
BEAM.OQ,Health Care,418
SFT.OQ,Consumer Discretionary,419
SAM.N,Consumer Staples,420
CC.N,Basic Materials,421
BCPC.OQ,Basic Materials,422
JKHY.OQ,Industrials,423
PDFS.OQ,Technology,424
SEE.N,Industrials,425
OKTA.OQ,Technology,426
ATKR.N,Industrials,427
HTLD.OQ,Industrials,428
SHAK.N,Consumer Discretionary,429
TRVG.OQ,Consumer Discretionary,430
HL.N,Basic Materials,431
HCAT.OQ,Health Care,432
PEN.N,Health Care,433
AMN.N,Industrials,434
CNMD.N,Health Care,435
FIVN.OQ,Technology,436
EPAC.N,Industrials,437
EXP.N,Industrials,438
ATR.N,Industrials,439
APTV.N,Consumer Discretionary,440
CAMT.OQ,Technology,441
TPIC.OQ,Energy,442
PAR.N,Technology,443
ZS.OQ,Technology,444
TTEC.OQ,Industrials,445
FTNT.OQ,Technology,446
SGC.OQ,Consumer Discretionary,447
RCM.OQ,Health Care,448
MXL.OQ,Technology,449
LUNA.OQ,Industrials,450
TEAM.OQ,Technology,451
GATO.N,Basic Materials,452
APPN.OQ,Technology,453
GWW.N,Industrials,454
CERT.OQ,Health Care,455
MMS.N,Industrials,456
NEO.OQ,Health Care,457
KIDS.OQ,Health Care,458
CAKE.OQ,Consumer Discretionary,459
BIOX.OQ,Basic Materials,460
MD.N,Health Care,461
CSCO.OQ,Telecommunications,462
VNOM.OQ,Energy,463
TSLA.OQ,Consumer Discretionary,464
GWRS.OQ,Utilities,465
USNA.N,Consumer Staples,466
BCO.N,Industrials,467
NARI.OQ,Health Care,468
CUTR.OQ,Health Care,469
SHYF.OQ,Industrials,470
NBIX.OQ,Health Care,471
CSV.N,Consumer Discretionary,472
APH.N,Technology,473
HOOK.OQ,Health Care,474
TDW.N,Energy,475
CPRT.OQ,Consumer Discretionary,476
DNLI.OQ,Health Care,477
KURA.OQ,Health Care,478
KRYS.OQ,Health Care,479
CHE.N,Health Care,480
TXRH.OQ,Consumer Discretionary,481
BLKB.OQ,Technology,482
BOOM.OQ,Energy,483
UTZ.N,Consumer Staples,484
VC.OQ,Consumer Discretionary,485
AIT.N,Industrials,486
DYN.OQ,Health Care,487
AXTA.N,Industrials,488
ECL.N,Basic Materials,489
CTS.N,Technology,490
FGEN.OQ,Health Care,491
SSD.N,Industrials,492
APPF.OQ,Technology,493
WAT.N,Industrials,494
CALX.N,Telecommunications,495
WNS.N,Industrials,496
PRIM.OQ,Industrials,497
WTS.N,Industrials,498
CWENa.N,Utilities,499
CDMO.OQ,Health Care,500
RXT.OQ,Technology,501
BIGC.OQ,Technology,502
IBP.N,Industrials,503
OCX.OQ,Health Care,504
HLIO.N,Industrials,505
TILE.OQ,Consumer Discretionary,506
CYRX.OQ,Industrials,507
BR.N,Financials,508
TTC.N,Industrials,509
STR.N,Energy,510
PDCO.OQ,Health Care,511
MTSI.OQ,Technology,512
FC.N,Industrials,513
WES.N,Energy,514
SXT.N,Basic Materials,515
FREQ.OQ,Health Care,516
AMWL.N,Health Care,517
NVCR.OQ,Health Care,518
AZZ.N,Industrials,519
LEGH.OQ,Consumer Discretionary,520
CARA.OQ,Health Care,521
BURL.N,Consumer Discretionary,522
DKNG.OQ,Consumer Discretionary,523
IEX.N,Industrials,524
EB.N,Technology,525
A.N,Health Care,526
AZEK.N,Industrials,527
DNOW.N,Energy,528
QNCX.OQ,Health Care,529
EEX.N,Consumer Discretionary,530
ATEX.OQ,Telecommunications,531
DY.N,Industrials,532
AORT.N,Health Care,533
SONO.OQ,Consumer Discretionary,534
FSS.N,Industrials,535
HUBS.N,Technology,536
SITM.OQ,Technology,537
NEP.N,Utilities,538
AJRD.N,Industrials,539
DBI.N,Consumer Discretionary,540
AVY.N,Basic Materials,541
YALA.N,Technology,542
TGTX.OQ,Health Care,543
EW.N,Health Care,544
HCKT.OQ,Technology,545
KWR.N,Basic Materials,546
HYFM.OQ,Industrials,547
MTD.N,Industrials,548
DOOR.N,Industrials,549
BNED.N,Consumer Discretionary,550
EEFT.OQ,Industrials,551
CTLT.N,Health Care,552
MMP.N,Energy,553
HSII.OQ,Industrials,554
AVO.OQ,Consumer Staples,555
MRCY.OQ,Industrials,556
CRI.N,Consumer Discretionary,557
ULH.OQ,Industrials,558
MKSI.OQ,Industrials,559
PBI.N,Industrials,560
ORTX.OQ,Health Care,561
ALRM.OQ,Technology,562
REX.N,Energy,563
MSA.N,Industrials,564
AMSC.OQ,Energy,565
FCFS.OQ,Financials,566
ADCT.N,Health Care,567
IONS.OQ,Health Care,568
ITT.N,Industrials,569
VICR.OQ,Industrials,570
IPAR.OQ,Consumer Discretionary,571
BSY.OQ,Technology,572
JYNT.OQ,Health Care,573
CABO.N,Telecommunications,574
FULC.OQ,Health Care,575
FUL.N,Industrials,576
HA.OQ,Consumer Discretionary,577
RHI.N,Industrials,578
CDNA.OQ,Health Care,579
BCC.N,Basic Materials,580
ROLL.OQ,Basic Materials,581
AME.N,Industrials,582
PCTY.OQ,Industrials,583
LILA.OQ,Telecommunications,584
FIVE.OQ,Consumer Discretionary,585
CPS.N,Consumer Discretionary,586
CVLG.OQ,Industrials,587
NBR.N,Energy,588
FLS.N,Industrials,589
LPRO.OQ,Financials,590
RPD.OQ,Technology,591
EGRX.OQ,Health Care,592
MTRX.OQ,Energy,593
SHEN.OQ,Telecommunications,594
TWLO.N,Technology,595
THRM.OQ,Consumer Discretionary,596
ROST.OQ,Consumer Discretionary,597
ACIW.OQ,Industrials,598
VCYT.OQ,Health Care,599
DM.N,Industrials,600
JMIA.N,Technology,601
BLMN.OQ,Consumer Discretionary,602
ANET.N,Telecommunications,603
TWI.N,Industrials,604
NGVT.N,Basic Materials,605
MOD.N,Industrials,606
OTTR.OQ,Industrials,607
AXL.N,Consumer Discretionary,608
ICFI.OQ,Industrials,609
SITE.N,Consumer Discretionary,610
TALO.N,Energy,611
STX.OQ,Technology,612
DASH.N,Technology,613
FLWS.OQ,Consumer Discretionary,614
MG.N,Industrials,615
MODV.OQ,Health Care,616
EXLS.OQ,Industrials,617
MWA.N,Industrials,618
RMD.N,Health Care,619
UEIC.OQ,Consumer Discretionary,620
HALO.OQ,Health Care,621
PTC.OQ,Technology,622
FLL.OQ,Consumer Discretionary,623
FORM.OQ,Technology,624
AMRN.OQ,Health Care,625
EME.N,Industrials,626
CERS.OQ,Health Care,627
NWN.N,Utilities,628
CHEF.OQ,Consumer Staples,629
SHO.N,Real Estate,630
ALT.OQ,Health Care,631
DT.N,Technology,632
XRAY.OQ,Health Care,633
REYN.OQ,Consumer Staples,634
CDNS.OQ,Technology,635
CNXN.OQ,Technology,636
LDOS.N,Technology,637
CECE.OQ,Industrials,638
WTTR.N,Energy,639
B.N,Industrials,640
FORR.OQ,Industrials,641
INZY.OQ,Health Care,642
CHUY.OQ,Consumer Discretionary,643
NET.N,Technology,644
BOX.N,Technology,645
HBI.N,Consumer Discretionary,646
SSTK.N,Technology,647
FTI.N,Energy,648
EDU.N,Consumer Discretionary,649
BL.OQ,Technology,650
BRO.N,Financials,651
RH.N,Consumer Discretionary,652
DORM.OQ,Consumer Discretionary,653
KAI.N,Industrials,654
MTX.N,Basic Materials,655
SMP.N,Consumer Discretionary,656
CRWD.OQ,Technology,657
ALV.N,Consumer Discretionary,658
NR.N,Energy,659
SFL.N,Industrials,660
NCR.N,Technology,661
CROX.OQ,Consumer Discretionary,662
ITRI.OQ,Industrials,663
MGY.N,Energy,664
ASGN.N,Industrials,665
OUT.N,Real Estate,666
CHRS.OQ,Health Care,667
ST.N,Industrials,668
VRSK.OQ,Industrials,669
PANW.OQ,Technology,670
HSC.N,Utilities,671
SBOW.N,Energy,672
CWH.N,Consumer Discretionary,673
BKR.OQ,Energy,674
PRPL.OQ,Consumer Discretionary,675
DK.N,Energy,676
FATE.OQ,Health Care,677
FIXX.OQ,Health Care,678
PAYC.N,Technology,679
BSM.N,Energy,680
VRRM.OQ,Industrials,681
FOLD.OQ,Health Care,682
ROCK.OQ,Industrials,683
BJRI.OQ,Consumer Discretionary,684
LNDC.OQ,Consumer Staples,685
HWM.N,Industrials,686
GSL.N,Industrials,687
DVN.N,Energy,688
BALY.N,Consumer Discretionary,689
PGTI.N,Industrials,690
VMI.N,Industrials,691
DRQ.N,Energy,692
IRDM.OQ,Telecommunications,693
NSSC.OQ,Industrials,694
ZEUS.OQ,Basic Materials,695
QRVO.OQ,Technology,696
ZI.OQ,Technology,697
BILI.OQ,Technology,698
ATVI.OQ,Consumer Discretionary,699
EMKR.OQ,Technology,700
IGT.N,Consumer Discretionary,701
ACA.N,Energy,702
VEEV.N,Health Care,703
OFIX.OQ,Health Care,704
LSAK.OQ,Industrials,705
IMGN.OQ,Health Care,706
NJR.N,Utilities,707
PKOH.OQ,Industrials,708
JBLU.OQ,Consumer Discretionary,709
CPK.N,Utilities,710
REAL.OQ,Consumer Discretionary,711
KRUS.OQ,Consumer Discretionary,712
KRNT.OQ,Industrials,713
CORT.OQ,Health Care,714
BILL.N,Industrials,715
CSX.OQ,Industrials,716
FAST.OQ,Basic Materials,717
BRY.OQ,Energy,718
WFRD.OQ,Energy,719
PD.N,Technology,720
LCII.N,Consumer Discretionary,721
EXPI.OQ,Real Estate,722
ICLR.OQ,Health Care,723
GNK.N,Industrials,724
IT.N,Technology,725
IDXX.OQ,Health Care,726
LMAT.OQ,Health Care,727
FCN.N,Industrials,728
AMWD.OQ,Industrials,729
FVRR.N,Technology,730
GLDD.OQ,Industrials,731
MAR.OQ,Consumer Discretionary,732
PRTS.OQ,Consumer Discretionary,733
AVNS.N,Health Care,734
VRT.N,Technology,735
NATI.OQ,Technology,736
MASI.OQ,Health Care,737
SKY.N,Consumer Discretionary,738
XPO.N,Industrials,739
SNDR.N,Industrials,740
NX.N,Industrials,741
VPG.N,Industrials,742
RNG.N,Technology,743
ACHC.OQ,Health Care,744
KBR.N,Technology,745
MTRN.N,Basic Materials,746
TYL.N,Technology,747
SNCR.OQ,Technology,748
MPAA.OQ,Consumer Discretionary,749
FLT.N,Industrials,750
JJSF.OQ,Consumer Staples,751
G.N,Industrials,752
STRL.OQ,Industrials,753
PKI.N,Health Care,754
NOMD.N,Consumer Staples,755
ACMR.OQ,Technology,756
BLUE.OQ,Health Care,757
PAA.OQ,Energy,758
LAUR.OQ,Consumer Discretionary,759
AM.N,Energy,760
ROK.N,Industrials,761
GTHX.OQ,Health Care,762
PNR.N,Industrials,763
SPXC.N,Industrials,764
OGE.N,Utilities,765
DECK.N,Consumer Discretionary,766
QGEN.N,Health Care,767
UNVR.N,Basic Materials,768
TRIP.OQ,Consumer Discretionary,769
BYND.OQ,Consumer Staples,770
RGEN.OQ,Health Care,771
AVNT.N,Basic Materials,772
CHX.OQ,Energy,773
PAYX.OQ,Industrials,774
CLNE.OQ,Consumer Discretionary,775
CPSI.OQ,Health Care,776
NWL.OQ,Consumer Discretionary,777
CLFD.OQ,Telecommunications,778
SRT.N,Industrials,779
GWRE.N,Technology,780
ICUI.OQ,Health Care,781
SRCL.OQ,Utilities,782
PGEN.OQ,Health Care,783
LSCC.OQ,Technology,784
SCSC.OQ,Technology,785
MELI.OQ,Consumer Discretionary,786
CHRW.OQ,Industrials,787
ARMK.N,Consumer Discretionary,788
CF.N,Basic Materials,789
MYRG.OQ,Industrials,790
ROG.N,Technology,791
MRVL.OQ,Technology,792
HSY.N,Consumer Staples,793
OIS.N,Energy,794
RGS.N,Consumer Discretionary,795
REPL.OQ,Health Care,796
SON.N,Industrials,797
CTSH.OQ,Technology,798
CVNA.N,Consumer Discretionary,799
ACLS.OQ,Technology,800
NEX.N,Energy,801
DAKT.OQ,Technology,802
TRMB.OQ,Industrials,803
DFIN.N,Industrials,804
DOCU.OQ,Technology,805
WOOF.OQ,Consumer Discretionary,806
FOXF.OQ,Consumer Discretionary,807
MSM.N,Industrials,808
EA.OQ,Consumer Discretionary,809
PUMP.N,Energy,810
RAMP.N,Technology,811
CDXS.OQ,Health Care,812
HII.N,Industrials,813
FROG.OQ,Technology,814
NTAP.OQ,Technology,815
GES.N,Consumer Discretionary,816
MERC.OQ,Basic Materials,817
VSEC.OQ,Industrials,818
CODI.N,Financials,819
NCLH.N,Consumer Discretionary,820
ANIP.OQ,Health Care,821
MPC.N,Energy,822
ALTR.OQ,Technology,823
PCH.OQ,Real Estate,824
KPTI.OQ,Health Care,825
TREX.N,Industrials,826
CL.N,Consumer Staples,827
AXON.OQ,Industrials,828
EXPD.OQ,Industrials,829
CAAP.N,Industrials,830
ENS.N,Industrials,831
GME.N,Consumer Discretionary,832
DAN.N,Consumer Discretionary,833
SCHN.OQ,Basic Materials,834
VTNR.OQ,Utilities,835
SSTI.OQ,Industrials,836
HVT.N,Consumer Discretionary,837
HAYN.OQ,Basic Materials,838
BCEL.OQ,Health Care,839
RBBN.OQ,Telecommunications,840
SEDG.OQ,Energy,841
CHD.N,Consumer Staples,842
INMD.OQ,Health Care,843
CVEO.N,Energy,844
DCO.N,Industrials,845
CVCO.OQ,Consumer Discretionary,846
BAND.OQ,Technology,847
PSX.N,Energy,848
GMED.N,Health Care,849
ENLC.N,Energy,850
DD.N,Industrials,851
XOM.N,Energy,852
CSGS.OQ,Technology,853
EFX.N,Industrials,854
GOSS.OQ,Health Care,855
LPSN.OQ,Technology,856
PPG.N,Industrials,857
RMAX.N,Real Estate,858
LZB.N,Consumer Discretionary,859
BPMC.OQ,Health Care,860
WETF.OQ,Financials,861
SLGN.N,Industrials,862
COMM.OQ,Telecommunications,863
ANIK.OQ,Health Care,864
MATW.OQ,Consumer Discretionary,865
DLB.N,Technology,866
NWPX.OQ,Basic Materials,867
QSR.N,Consumer Discretionary,868
ASH.N,Basic Materials,869
EGIO.OQ,Technology,870
SSNC.OQ,Technology,871
PENN.OQ,Consumer Discretionary,872
ARCB.OQ,Industrials,873
FND.N,Consumer Discretionary,874
MATV.N,Basic Materials,875
CLDX.OQ,Health Care,876
ALG.N,Industrials,877
CHKP.OQ,Technology,878
ABM.N,Industrials,879
CDW.OQ,Technology,880
PRFT.OQ,Technology,881
EGLE.OQ,Industrials,882
AYI.N,Industrials,883
SEM.N,Health Care,884
APG.N,Industrials,885
BAX.N,Health Care,886
COLL.OQ,Health Care,887
KOP.N,Basic Materials,888
IART.OQ,Health Care,889
MKC.N,Consumer Staples,890
BE.N,Industrials,891
CENT.OQ,Consumer Discretionary,892
ATGE.N,Consumer Discretionary,893
PLAB.OQ,Technology,894
HRL.N,Consumer Staples,895
RL.N,Consumer Discretionary,896
AEIS.OQ,Technology,897
NVGS.N,Industrials,898
MNRO.OQ,Consumer Discretionary,899
IRM.N,Real Estate,900
ARAY.OQ,Health Care,901
INSW.N,Industrials,902
PWR.N,Industrials,903
SFIX.OQ,Consumer Discretionary,904
TDY.N,Industrials,905
DOV.N,Industrials,906
AIR.N,Industrials,907
LULU.OQ,Consumer Discretionary,908
NOV.N,Energy,909
ABG.N,Consumer Discretionary,910
SAH.N,Consumer Discretionary,911
WERN.OQ,Industrials,912
SABR.OQ,Consumer Discretionary,913
PLTR.N,Technology,914
RDFN.OQ,Real Estate,915
LIVN.OQ,Health Care,916
PKG.N,Industrials,917
NEXA.N,Basic Materials,918
ALEX.N,Real Estate,919
ERII.OQ,Industrials,920
DNMR.N,Industrials,921
UFPI.OQ,Basic Materials,922
NAT.N,Industrials,923
HZNP.OQ,Health Care,924
SHOP.N,Technology,925
NVEE.OQ,Industrials,926
DIOD.OQ,Technology,927
NEM.N,Basic Materials,928
CRL.N,Health Care,929
SXI.N,Industrials,930
GLP.N,Energy,931
PSTG.N,Technology,932
IPG.N,Consumer Discretionary,933
PSMT.OQ,Consumer Discretionary,934
MCHP.OQ,Technology,935
TH.OQ,Industrials,936
HCCI.OQ,Utilities,937
ARNC.N,Basic Materials,938
LBRT.N,Energy,939
HSTM.OQ,Health Care,940
CRAI.OQ,Industrials,941
SBH.N,Consumer Discretionary,942
ENPH.OQ,Energy,943
DAR.N,Consumer Staples,944
OSTK.OQ,Consumer Discretionary,945
LAB.OQ,Health Care,946
RES.N,Energy,947
UTL.N,Utilities,948
CBZ.N,Industrials,949
BTU.N,Energy,950
CRNC.OQ,Technology,951
ZBRA.OQ,Industrials,952
SLCA.N,Basic Materials,953
IPGP.OQ,Technology,954
ALLO.OQ,Health Care,955
TEX.N,Industrials,956
HCC.N,Energy,957
PACB.OQ,Health Care,958
MMSI.OQ,Health Care,959
RGP.OQ,Industrials,960
FANG.OQ,Energy,961
ESI.N,Basic Materials,962
VRNT.OQ,Technology,963
CRS.N,Basic Materials,964
DXC.N,Technology,965
LASR.OQ,Technology,966
TT.N,Industrials,967
BJ.N,Consumer Discretionary,968
ADSK.OQ,Technology,969
GPRO.OQ,Consumer Discretionary,970
CENX.OQ,Basic Materials,971
MOGa.N,Industrials,972
BLDR.N,Industrials,973
PTGX.OQ,Health Care,974
CTAS.OQ,Industrials,975
XL.N,Consumer Discretionary,976
RPAY.OQ,Industrials,977
CNTY.OQ,Consumer Discretionary,978
WDAY.OQ,Technology,979
EVR.N,Financials,980
KRP.N,Energy,981
NFG.N,Utilities,982
OLLI.OQ,Consumer Discretionary,983
HUBB.N,Industrials,984
BC.N,Industrials,985
ACN.N,Industrials,986
AOS.N,Industrials,987
DDOG.OQ,Technology,988
NVT.N,Industrials,989
WWD.OQ,Industrials,990
ATSG.OQ,Industrials,991
BBW.N,Consumer Discretionary,992
OII.N,Energy,993
ZTS.N,Health Care,994
CLH.N,Utilities,995
EDIT.OQ,Health Care,996
PVH.N,Consumer Discretionary,997
OSIS.OQ,Industrials,998
NI.N,Utilities,999
CTRN.OQ,Consumer Discretionary,1000
LOPE.OQ,Consumer Discretionary,1001
IIIN.N,Industrials,1002
ETD.N,Consumer Discretionary,1003
SYY.N,Consumer Staples,1004
GOGL.OQ,Industrials,1005
CONN.OQ,Consumer Discretionary,1006
XYL.N,Industrials,1007
AMZN.OQ,Consumer Discretionary,1008
ICLK.OQ,Consumer Discretionary,1009
FLO.N,Consumer Staples,1010
OPCH.OQ,Health Care,1011
DRI.N,Consumer Discretionary,1012
SLAB.OQ,Technology,1013
MATX.N,Industrials,1014
SBLK.OQ,Industrials,1015
LEG.N,Consumer Discretionary,1016
BKI.N,Technology,1017
BLD.N,Industrials,1018
HQY.OQ,Health Care,1019
GNRC.N,Industrials,1020
BOOT.N,Consumer Discretionary,1021
ASTE.OQ,Industrials,1022
WY.N,Real Estate,1023
RUSHA.OQ,Consumer Discretionary,1024
CMRE.N,Industrials,1025
HAS.OQ,Consumer Discretionary,1026
MA.N,Industrials,1027
RLAY.OQ,Health Care,1028
WSM.N,Consumer Discretionary,1029
CEVA.OQ,Technology,1030
WGO.N,Consumer Discretionary,1031
SMCI.OQ,Technology,1032
GLT.N,Basic Materials,1033
FCX.N,Basic Materials,1034
GTES.N,Industrials,1035
JELD.N,Industrials,1036
NDAQ.OQ,Financials,1037
RTX.N,Industrials,1038
AMPH.OQ,Health Care,1039
TKR.N,Basic Materials,1040
ANSS.OQ,Technology,1041
KO.N,Consumer Staples,1042
FOXA.OQ,Consumer Discretionary,1043
AVTR.N,Health Care,1044
CNP.N,Utilities,1045
EMR.N,Industrials,1046
SR.N,Utilities,1047
VRM.OQ,Technology,1048
GEF.N,Industrials,1049
LPG.N,Industrials,1050
POR.N,Utilities,1051
PFE.N,Health Care,1052
CAG.N,Consumer Staples,1053
CLX.N,Consumer Staples,1054
LYFT.OQ,Consumer Discretionary,1055
BV.N,Industrials,1056
OMCL.OQ,Health Care,1057
LNT.OQ,Utilities,1058
SSRM.OQ,Basic Materials,1059
CRM.N,Technology,1060
HSIC.OQ,Health Care,1061
PCRX.OQ,Health Care,1062
NWE.OQ,Utilities,1063
LEA.N,Consumer Discretionary,1064
TNK.N,Industrials,1065
ZG.OQ,Real Estate,1066
HUBG.OQ,Industrials,1067
AWK.N,Utilities,1068
MGM.N,Consumer Discretionary,1069
MOH.N,Health Care,1070
FBHS.N,Industrials,1071
ADP.OQ,Industrials,1072
SKYW.OQ,Consumer Discretionary,1073
POST.N,Consumer Staples,1074
LBTYA.OQ,Telecommunications,1075
ECVT.N,Basic Materials,1076
MLKN.OQ,Consumer Discretionary,1077
APD.N,Basic Materials,1078
INTU.OQ,Technology,1079
GPK.N,Industrials,1080
AAPL.OQ,Technology,1081
BALL.N,Industrials,1082
VIAV.OQ,Telecommunications,1083
KEYS.N,Industrials,1084
FLEX.OQ,Technology,1085
RYAM.N,Basic Materials,1086
OGS.N,Utilities,1087
ULTA.OQ,Consumer Discretionary,1088
BNGO.OQ,Health Care,1089
PII.N,Consumer Discretionary,1090
AEE.N,Utilities,1091
DXCM.OQ,Health Care,1092
TDC.N,Technology,1093
CEQP.N,Energy,1094
GPC.N,Consumer Discretionary,1095
ACI.N,Consumer Staples,1096
THR.N,Industrials,1097
VRAY.OQ,Health Care,1098
ITGR.N,Health Care,1099
VMC.N,Industrials,1100
ITW.N,Industrials,1101
GPS.N,Consumer Discretionary,1102
STE.N,Health Care,1103
TXT.N,Industrials,1104
ESE.N,Industrials,1105
IAC.OQ,Technology,1106
CCK.N,Industrials,1107
KLAC.OQ,Technology,1108
MCS.N,Consumer Discretionary,1109
BABA.N,Consumer Discretionary,1110
NOVA.N,Utilities,1111
WTRG.N,Utilities,1112
AVD.N,Basic Materials,1113
TGLS.N,Industrials,1114
WMT.N,Consumer Discretionary,1115
HELE.OQ,Consumer Discretionary,1116
PPC.OQ,Consumer Staples,1117
V.N,Industrials,1118
DBX.OQ,Technology,1119
NOW.N,Technology,1120
GFF.N,Industrials,1121
MEC.N,Industrials,1122
RIGL.OQ,Health Care,1123
REVG.N,Industrials,1124
CSL.N,Industrials,1125
HYLN.N,Industrials,1126
GEVO.OQ,Energy,1127
ANDE.OQ,Consumer Staples,1128
CHGG.N,Consumer Discretionary,1129
LAD.N,Consumer Discretionary,1130
FDP.N,Consumer Staples,1131
CPRI.N,Consumer Discretionary,1132
SGH.OQ,Technology,1133
OKE.N,Energy,1134
ZEPP.N,Consumer Discretionary,1135
NMM.N,Industrials,1136
NKTR.OQ,Health Care,1137
SPB.N,Consumer Staples,1138
OMC.N,Consumer Discretionary,1139
VFC.N,Consumer Discretionary,1140
IDEX.OQ,Industrials,1141
TEL.N,Technology,1142
SAVE.N,Consumer Discretionary,1143
III.OQ,Industrials,1144
AY.OQ,Utilities,1145
DELL.N,Technology,1146
FNKO.OQ,Consumer Discretionary,1147
VRA.OQ,Consumer Discretionary,1148
SCCO.N,Basic Materials,1149
PRDO.OQ,Consumer Discretionary,1150
GO.OQ,Consumer Staples,1151
HRI.N,Industrials,1152
DOX.OQ,Technology,1153
EBIX.OQ,Technology,1154
DVA.N,Health Care,1155
CSTE.OQ,Industrials,1156
FHI.N,Financials,1157
LOCO.OQ,Consumer Discretionary,1158
KFY.N,Industrials,1159
GDOT.N,Industrials,1160
HCSG.OQ,Health Care,1161
HRTX.OQ,Health Care,1162
RRX.N,Industrials,1163
ILMN.OQ,Health Care,1164
YUMC.N,Consumer Discretionary,1165
KE.OQ,Technology,1166
DEN.N,Energy,1167
IP.N,Basic Materials,1168
ZM.OQ,Technology,1169
MPLX.N,Energy,1170
IOVA.OQ,Health Care,1171
DOW.N,Basic Materials,1172
CRUS.OQ,Technology,1173
FLR.N,Industrials,1174
ACM.N,Industrials,1175
MAXN.OQ,Energy,1176
ALKS.OQ,Health Care,1177
EMN.N,Basic Materials,1178
SCS.N,Consumer Discretionary,1179
NUVA.OQ,Health Care,1180
TPR.N,Consumer Discretionary,1181
ATRA.OQ,Health Care,1182
FFIV.OQ,Technology,1183
PG.N,Consumer Staples,1184
CARR.N,Industrials,1185
JWN.N,Consumer Discretionary,1186
GRMN.N,Consumer Discretionary,1187
REZI.N,Industrials,1188
QNST.OQ,Consumer Discretionary,1189
GE.N,Industrials,1190
TX.N,Basic Materials,1191
HOLX.OQ,Health Care,1192
J.N,Industrials,1193
HON.OQ,Industrials,1194
PDSB.OQ,Health Care,1195
BMY.N,Health Care,1196
BIIB.OQ,Health Care,1197
NPO.N,Industrials,1198
AROC.N,Energy,1199
AMR.N,Energy,1200
OC.N,Industrials,1201
ELAN.N,Health Care,1202
HI.N,Industrials,1203
VSH.N,Technology,1204
COST.OQ,Consumer Discretionary,1205
RSG.N,Utilities,1206
HBIO.OQ,Health Care,1207
GLW.N,Technology,1208
CMS.N,Utilities,1209
ETSY.OQ,Consumer Discretionary,1210
ARCH.N,Energy,1211
PTEN.OQ,Energy,1212
COP.N,Energy,1213
JAMF.OQ,Technology,1214
WLK.N,Basic Materials,1215
TTWO.OQ,Consumer Discretionary,1216
PINS.N,Technology,1217
ON.OQ,Technology,1218
K.N,Consumer Staples,1219
EBS.N,Health Care,1220
NXPI.OQ,Technology,1221
CNC.N,Health Care,1222
POWL.OQ,Industrials,1223
MRK.N,Health Care,1224
EQIX.OQ,Real Estate,1225
KTOS.OQ,Industrials,1226
KMT.N,Industrials,1227
CNDT.OQ,Industrials,1228
AMAT.OQ,Technology,1229
ASIX.N,Basic Materials,1230
CPB.N,Consumer Staples,1231
BKD.N,Health Care,1232
HP.N,Energy,1233
TSCO.OQ,Consumer Discretionary,1234
UFI.N,Basic Materials,1235
MGPI.OQ,Consumer Staples,1236
CBRE.N,Real Estate,1237
CVX.N,Energy,1238
INT.N,Energy,1239
AVA.N,Utilities,1240
ALE.N,Utilities,1241
PINC.OQ,Health Care,1242
CACI.N,Technology,1243
SKX.N,Consumer Discretionary,1244
CIVI.N,Energy,1245
BKH.N,Utilities,1246
SWBI.OQ,Consumer Discretionary,1247
APOG.OQ,Industrials,1248
KMI.N,Energy,1249
ORA.N,Utilities,1250
ANGO.OQ,Health Care,1251
JBL.N,Technology,1252
HLIT.OQ,Telecommunications,1253
EL.N,Consumer Discretionary,1254
CNK.N,Consumer Discretionary,1255
WEC.N,Utilities,1256
SB.N,Industrials,1257
PBF.N,Energy,1258
ASLE.OQ,Industrials,1259
COO.N,Health Care,1260
IHRT.OQ,Consumer Discretionary,1261
WOR.N,Basic Materials,1262
SMPL.OQ,Consumer Staples,1263
IQV.N,Health Care,1264
DLX.N,Industrials,1265
ACCO.N,Consumer Staples,1266
BEST.N,Industrials,1267
QDEL.OQ,Health Care,1268
WBA.OQ,Consumer Staples,1269
PLXS.OQ,Technology,1270
MDLZ.OQ,Consumer Staples,1271
VFF.OQ,Consumer Staples,1272
WNC.N,Industrials,1273
MTZ.N,Industrials,1274
NTCT.OQ,Technology,1275
CALM.OQ,Consumer Staples,1276
SFM.OQ,Consumer Staples,1277
SOLO.OQ,Consumer Discretionary,1278
CIEN.N,Telecommunications,1279
IRWD.OQ,Health Care,1280
VLO.N,Energy,1281
KNOP.N,Industrials,1282
ARLP.OQ,Energy,1283
HXL.N,Basic Materials,1284
AGCO.N,Industrials,1285
KOS.N,Energy,1286
ALB.N,Basic Materials,1287
WSC.OQ,Industrials,1288
SUNW.OQ,Energy,1289
GMS.N,Industrials,1290
ZD.OQ,Technology,1291
GPN.N,Industrials,1292
EVH.N,Health Care,1293
BMRN.OQ,Health Care,1294
BERY.N,Industrials,1295
WMB.N,Energy,1296
INTC.OQ,Technology,1297
ENVA.N,Financials,1298
SPGI.N,Financials,1299
USFD.N,Consumer Staples,1300
EYE.OQ,Consumer Discretionary,1301
FSLY.N,Technology,1302
TPC.N,Industrials,1303
AJG.N,Financials,1304
CDAY.N,Technology,1305
INFN.OQ,Telecommunications,1306
GPI.N,Consumer Discretionary,1307
HLX.N,Energy,1308
GIS.N,Consumer Staples,1309
MCO.N,Financials,1310
WDC.OQ,Technology,1311
CE.N,Basic Materials,1312
ADNT.N,Consumer Discretionary,1313
CEIX.N,Energy,1314
PSN.N,Technology,1315
SRE.N,Utilities,1316
INGR.N,Consumer Staples,1317
DLTR.OQ,Consumer Discretionary,1318
SCVL.OQ,Consumer Discretionary,1319
ORLY.OQ,Consumer Discretionary,1320
TXN.OQ,Technology,1321
MMC.N,Financials,1322
PDCE.OQ,Energy,1323
SHW.N,Industrials,1324
MLM.N,Industrials,1325
AES.N,Utilities,1326
EPC.N,Consumer Staples,1327
MGNI.OQ,Technology,1328
LRCX.OQ,Technology,1329
NSC.N,Industrials,1330
UGI.N,Utilities,1331
MODG.N,Consumer Discretionary,1332
VRTX.OQ,Health Care,1333
AKAM.OQ,Technology,1334
GCI.N,Consumer Discretionary,1335
LYB.N,Basic Materials,1336
ED.N,Utilities,1337
AVT.OQ,Technology,1338
KEX.N,Industrials,1339
RRGB.OQ,Consumer Discretionary,1340
THC.N,Health Care,1341
CMTL.OQ,Telecommunications,1342
OPEN.OQ,Real Estate,1343
NOC.N,Industrials,1344
PTON.OQ,Consumer Discretionary,1345
GLNG.OQ,Energy,1346
EOG.N,Energy,1347
XEL.OQ,Utilities,1348
BBCP.OQ,Industrials,1349
MPLN.N,Health Care,1350
SANM.OQ,Technology,1351
LUMN.N,Telecommunications,1352
RS.N,Basic Materials,1353
BBY.N,Consumer Discretionary,1354
THO.N,Consumer Discretionary,1355
MAN.N,Industrials,1356
LPX.N,Industrials,1357
PBH.N,Health Care,1358
THS.N,Consumer Staples,1359
NYT.N,Consumer Discretionary,1360
LITE.OQ,Telecommunications,1361
LGND.OQ,Health Care,1362
PACK.N,Industrials,1363
ZUMZ.OQ,Consumer Discretionary,1364
MLAB.OQ,Industrials,1365
PLBY.OQ,Consumer Staples,1366
JCI.N,Industrials,1367
IR.N,Industrials,1368
MTW.N,Industrials,1369
ABT.N,Health Care,1370
ETRN.N,Energy,1371
CNNE.N,Financials,1372
ZBH.N,Health Care,1373
BGFV.OQ,Consumer Discretionary,1374
NSIT.OQ,Technology,1375
SPWR.OQ,Energy,1376
URI.N,Industrials,1377
PERI.OQ,Technology,1378
AON.N,Financials,1379
ANAB.OQ,Health Care,1380
MESA.OQ,Consumer Discretionary,1381
CZR.OQ,Consumer Discretionary,1382
FTV.N,Industrials,1383
DG.N,Consumer Discretionary,1384
DIS.N,Consumer Discretionary,1385
CMC.N,Basic Materials,1386
RYN.N,Real Estate,1387
STZ.N,Consumer Staples,1388
WM.N,Utilities,1389
VMW.N,Technology,1390
SXC.N,Energy,1391
SPTN.OQ,Consumer Staples,1392
GCO.N,Consumer Discretionary,1393
COTY.N,Consumer Discretionary,1394
PEG.N,Utilities,1395
GD.N,Industrials,1396
HIBB.OQ,Consumer Discretionary,1397
LMT.N,Industrials,1398
KMB.N,Consumer Staples,1399
ATO.N,Utilities,1400
EIX.N,Utilities,1401
DSX.N,Industrials,1402
DTE.N,Utilities,1403
KDP.OQ,Consumer Staples,1404
FCEL.OQ,Energy,1405
MIDD.OQ,Industrials,1406
VSTO.N,Consumer Discretionary,1407
LE.OQ,Consumer Discretionary,1408
MO.N,Consumer Staples,1409
SAGE.OQ,Health Care,1410
ATNI.OQ,Telecommunications,1411
KHC.OQ,Consumer Staples,1412
DGII.OQ,Telecommunications,1413
CMI.N,Industrials,1414
MX.N,Technology,1415
SQ.N,Industrials,1416
PCG.N,Utilities,1417
ES.N,Utilities,1418
UHS.N,Health Care,1419
VREX.OQ,Health Care,1420
TMST.N,Basic Materials,1421
TWOU.OQ,Consumer Discretionary,1422
EBAY.OQ,Consumer Discretionary,1423
DINO.N,Energy,1424
RAD.N,Consumer Staples,1425
NKE.N,Consumer Discretionary,1426
SUPN.OQ,Health Care,1427
OPRA.OQ,Technology,1428
STNE.OQ,Industrials,1429
UTHR.OQ,Health Care,1430
FE.N,Utilities,1431
USM.N,Telecommunications,1432
WLY.N,Consumer Discretionary,1433
SPCE.N,Industrials,1434
CCI.N,Real Estate,1435
TGNA.N,Consumer Discretionary,1436
GHC.N,Consumer Discretionary,1437
STLD.OQ,Basic Materials,1438
KNX.N,Industrials,1439
SNX.N,Technology,1440
SWX.N,Utilities,1441
PLUG.OQ,Energy,1442
WOLF.N,Technology,1443
DDS.N,Consumer Discretionary,1444
MSFT.OQ,Technology,1445
PH.N,Industrials,1446
PRGO.N,Health Care,1447
CME.OQ,Financials,1448
NRG.N,Utilities,1449
CPE.N,Energy,1450
R.N,Industrials,1451
ADBE.OQ,Technology,1452
SYK.N,Health Care,1453
QCOM.OQ,Technology,1454
ODP.OQ,Consumer Discretionary,1455
CNSL.OQ,Telecommunications,1456
DHT.N,Industrials,1457
NVST.N,Health Care,1458
TROX.N,Basic Materials,1459
WCC.N,Industrials,1460
FISV.OQ,Industrials,1461
NTES.OQ,Consumer Discretionary,1462
CXW.N,Industrials,1463
ET.N,Energy,1464
SWK.N,Industrials,1465
KLIC.OQ,Technology,1466
D.N,Utilities,1467
KN.N,Consumer Discretionary,1468
FIS.N,Industrials,1469
MDT.N,Health Care,1470
VST.N,Utilities,1471
UPS.N,Industrials,1472
CLF.N,Basic Materials,1473
BIDU.OQ,Technology,1474
SWI.N,Technology,1475
NGL.N,Energy,1476
TSN.N,Consumer Staples,1477
MMM.N,Industrials,1478
GTLS.N,Industrials,1479
WTW.OQ,Financials,1480
LIN.N,Basic Materials,1481
PNW.N,Utilities,1482
CTRA.N,Energy,1483
GT.OQ,Consumer Discretionary,1484
AN.N,Consumer Discretionary,1485
JLL.N,Real Estate,1486
GEL.N,Energy,1487
ADM.N,Consumer Staples,1488
LLY.N,Health Care,1489
IPI.N,Basic Materials,1490
NXST.OQ,Consumer Discretionary,1491
ORCL.N,Technology,1492
BIP.N,Utilities,1493
LHX.N,Industrials,1494
SNA.N,Industrials,1495
VTRS.OQ,Health Care,1496
JHG.N,Financials,1497
VIPS.N,Consumer Discretionary,1498
DAC.N,Industrials,1499
PAG.N,Consumer Discretionary,1500
X.N,Basic Materials,1501
CAT.N,Industrials,1502
AMEH.OQ,Health Care,1503
AMCX.OQ,Consumer Discretionary,1504
HUN.N,Basic Materials,1505
TGT.N,Consumer Discretionary,1506
SUM.N,Industrials,1507
JNJ.N,Health Care,1508
LKQ.OQ,Consumer Discretionary,1509
WHR.N,Consumer Discretionary,1510
AAP.N,Consumer Discretionary,1511
JNPR.N,Telecommunications,1512
EXC.OQ,Utilities,1513
SSP.OQ,Consumer Discretionary,1514
HZO.N,Consumer Discretionary,1515
BDX.N,Health Care,1516
ALTO.OQ,Basic Materials,1517
FDX.N,Industrials,1518
NFLX.OQ,Consumer Discretionary,1519
NWSA.OQ,Consumer Discretionary,1520
PYPL.OQ,Industrials,1521
MRNA.OQ,Health Care,1522
QRTEA.OQ,Consumer Discretionary,1523
KR.N,Consumer Staples,1524
CNXC.OQ,Technology,1525
TGH.N,Industrials,1526
PEP.OQ,Consumer Staples,1527
GILD.OQ,Health Care,1528
UNP.N,Industrials,1529
WKHS.OQ,Industrials,1530
TTMI.OQ,Technology,1531
BG.N,Consumer Staples,1532
FL.N,Consumer Discretionary,1533
EVC.N,Consumer Discretionary,1534
LRN.N,Consumer Discretionary,1535
AMT.N,Real Estate,1536
FSR.N,Consumer Discretionary,1537
TDS.N,Telecommunications,1538
SATS.OQ,Telecommunications,1539
URBN.OQ,Consumer Discretionary,1540
LOW.N,Consumer Discretionary,1541
SCOR.OQ,Technology,1542
GM.N,Consumer Discretionary,1543
WBD.OQ,Consumer Discretionary,1544
NEE.N,Utilities,1545
CVS.N,Consumer Staples,1546
KAR.N,Consumer Discretionary,1547
ARW.N,Technology,1548
SO.N,Utilities,1549
MOS.N,Basic Materials,1550
HCA.N,Health Care,1551
XRX.OQ,Technology,1552
UNFI.N,Consumer Staples,1553
AEP.OQ,Utilities,1554
RMBS.OQ,Technology,1555
IBM.N,Technology,1556
MUR.N,Energy,1557
HPE.N,Technology,1558
NUE.N,Basic Materials,1559
CTVA.N,Consumer Staples,1560
SM.N,Energy,1561
MU.OQ,Technology,1562
SYNH.OQ,Health Care,1563
LTHM.N,Basic Materials,1564
AMGN.OQ,Health Care,1565
M.N,Consumer Discretionary,1566
LGFa.N,Consumer Discretionary,1567
F.N,Consumer Discretionary,1568
BGS.N,Consumer Staples,1569
CLVT.N,Technology,1570
WRK.N,Industrials,1571
BIG.N,Consumer Discretionary,1572
TMO.N,Health Care,1573
HOG.N,Consumer Discretionary,1574
AVGO.OQ,Technology,1575
DHR.N,Health Care,1576
SNDL.OQ,Health Care,1577
HOUS.N,Real Estate,1578
DUK.N,Utilities,1579
GPRE.OQ,Energy,1580
PARA.OQ,Consumer Discretionary,1581
SJM.N,Consumer Staples,1582
NVTA.N,Health Care,1583
CNX.N,Energy,1584
TAP.N,Consumer Staples,1585
HD.N,Consumer Discretionary,1586
AMD.OQ,Technology,1587
TMUS.OQ,Telecommunications,1588
TRUE.OQ,Technology,1589
AGR.N,Utilities,1590
ICE.N,Financials,1591
CSIQ.OQ,Energy,1592
CMCSA.OQ,Telecommunications,1593
ABBV.N,Health Care,1594
ANF.N,Consumer Discretionary,1595
DKS.N,Consumer Discretionary,1596
CRK.N,Energy,1597
OSUR.OQ,Health Care,1598
LNTH.OQ,Health Care,1599
CHTR.OQ,Telecommunications,1600
T.N,Telecommunications,1601
VZ.N,Telecommunications,1602
PCT.OQ,Industrials,1603
DGX.N,Health Care,1604
PXD.N,Energy,1605
GIII.OQ,Consumer Discretionary,1606
SIG.N,Consumer Discretionary,1607
RIOT.OQ,Financials,1608
CRTO.OQ,Technology,1609
COHR.OQ,Technology,1610
INO.OQ,Health Care,1611
DDD.N,Technology,1612
IFF.N,Basic Materials,1613
KSS.N,Consumer Discretionary,1614
MRO.N,Energy,1615
META.OQ,Technology,1616
WAB.N,Industrials,1617
QD.N,Financials,1618
QIWI.OQ,Industrials,1619
OPK.OQ,Health Care,1620
LH.N,Health Care,1621
VSAT.OQ,Telecommunications,1622
REGN.OQ,Health Care,1623
KMX.N,Consumer Discretionary,1624
TWNK.OQ,Consumer Staples,1625
FSLR.OQ,Energy,1626
MHK.N,Industrials,1627
MARA.OQ,Financials,1628
AA.N,Basic Materials,1629
ASO.OQ,Consumer Discretionary,1630
GEO.N,Real Estate,1631
TDOC.N,Health Care,1632
ENOV.N,Health Care,1633
TECK.N,Basic Materials,1634
MDRX.OQ,Technology,1635
EQT.N,Energy,1636
BIO.N,Health Care,1637
DISH.OQ,Telecommunications,1638
RRC.N,Energy,1639
JKS.N,Energy,1640
RIG.N,Energy,1641
