Instrument,ICB Industry name,Rank
GAN.OQ,Technology,1
DNMR.N,Industrials,2
TLS.OQ,Technology,3
LVO.OQ,Consumer Discretionary,4
CTSO.OQ,Health Care,5
NTES.OQ,Consumer Discretionary,6
PSNL.OQ,Health Care,7
AFMD.OQ,Health Care,8
AKRO.OQ,Health Care,9
KPTI.OQ,Health Care,10
BTAI.OQ,Health Care,11
XL.N,Consumer Discretionary,12
PBF.N,Energy,13
KYMR.OQ,Health Care,14
JKS.N,Energy,15
ENTA.OQ,Health Care,16
CPE.N,Energy,17
FULC.OQ,Health Care,18
ITOS.OQ,Health Care,19
PRAX.OQ,Health Care,20
TALO.N,Energy,21
TWST.OQ,Health Care,22
CLSD.OQ,Health Care,23
AGS.N,Consumer Discretionary,24
ICAD.OQ,Health Care,25
MAXN.OQ,Energy,26
PAR.N,Technology,27
ARAY.OQ,Health Care,28
BTU.N,Energy,29
PI.OQ,Technology,30
DKS.N,Consumer Discretionary,31
PGNY.OQ,Health Care,32
SCOR.OQ,Technology,33
EGLE.OQ,Industrials,34
INMD.OQ,Health Care,35
PENN.OQ,Consumer Discretionary,36
PCT.OQ,Industrials,37
SGH.OQ,Technology,38
HYFM.OQ,Industrials,39
TRVG.OQ,Consumer Discretionary,40
WSM.N,Consumer Discretionary,41
CDLX.OQ,Consumer Discretionary,42
VNET.OQ,Technology,43
FUV.OQ,Consumer Discretionary,44
ADPT.OQ,Health Care,45
BILL.N,Industrials,46
XAIR.OQ,Health Care,47
SFL.N,Industrials,48
SIBN.OQ,Health Care,49
BNED.N,Consumer Discretionary,50
GOSS.OQ,Health Care,51
IGT.N,Consumer Discretionary,52
NBR.N,Energy,53
AMRX.N,Health Care,54
SWAV.OQ,Health Care,55
BRY.OQ,Energy,56
CKPT.OQ,Health Care,57
OM.OQ,Health Care,58
DTIL.OQ,Health Care,59
CTRN.OQ,Consumer Discretionary,60
MARA.OQ,Financials,61
OIS.N,Energy,62
ALT.OQ,Health Care,63
PDSB.OQ,Health Care,64
TROX.N,Basic Materials,65
ARCH.N,Energy,66
CLFD.OQ,Telecommunications,67
BALY.N,Consumer Discretionary,68
DMTK.OQ,Health Care,69
ASND.OQ,Health Care,70
PDD.OQ,Technology,71
KRUS.OQ,Consumer Discretionary,72
PUMP.N,Energy,73
TGTX.OQ,Health Care,74
CSTL.OQ,Health Care,75
PLBY.OQ,Consumer Staples,76
COHU.OQ,Technology,77
GTLS.N,Industrials,78
REKR.OQ,Industrials,79
QD.N,Financials,80
INVE.OQ,Technology,81
LPG.N,Industrials,82
LASR.OQ,Technology,83
HUYA.N,Technology,84
SMAR.N,Technology,85
MRSN.OQ,Health Care,86
BJRI.OQ,Consumer Discretionary,87
DQ.N,Basic Materials,88
CDXS.OQ,Health Care,89
FLL.OQ,Consumer Discretionary,90
GNK.N,Industrials,91
CIVI.N,Energy,92
CHDN.OQ,Consumer Discretionary,93
ORIC.OQ,Health Care,94
YNDX.OQ,Technology,95
TVTX.OQ,Health Care,96
GHG.N,Consumer Discretionary,97
ONDS.OQ,Consumer Discretionary,98
OVV.N,Energy,99
FC.N,Industrials,100
QTRX.OQ,Health Care,101
CIR.N,Industrials,102
LPX.N,Industrials,103
META.OQ,Technology,104
PRFT.OQ,Technology,105
IOVA.OQ,Health Care,106
HCC.N,Energy,107
TH.OQ,Industrials,108
ALB.N,Basic Materials,109
NFE.OQ,Energy,110
BABA.N,Consumer Discretionary,111
PACB.OQ,Health Care,112
OPRA.OQ,Technology,113
BKNG.OQ,Consumer Discretionary,114
CYRX.OQ,Industrials,115
CLNE.OQ,Consumer Discretionary,116
OOMA.N,Telecommunications,117
NOVA.N,Utilities,118
DSX.N,Industrials,119
SM.N,Energy,120
SP.OQ,Industrials,121
ALGS.OQ,Health Care,122
ACMR.OQ,Technology,123
CSV.N,Consumer Discretionary,124
VCYT.OQ,Health Care,125
PANW.OQ,Technology,126
IRTC.OQ,Health Care,127
WIX.OQ,Technology,128
BBW.N,Consumer Discretionary,129
APPN.OQ,Technology,130
DM.N,Industrials,131
KURA.OQ,Health Care,132
PLAY.OQ,Consumer Discretionary,133
CZR.OQ,Consumer Discretionary,134
YEXT.N,Technology,135
INSP.N,Health Care,136
ARLO.N,Consumer Discretionary,137
PSTG.N,Technology,138
MASS.OQ,Health Care,139
BCC.N,Basic Materials,140
SILK.OQ,Health Care,141
HROW.OQ,Health Care,142
CLPT.OQ,Health Care,143
RIOT.OQ,Financials,144
NLTX.OQ,Health Care,145
BWMX.OQ,Consumer Staples,146
GKOS.N,Health Care,147
BGFV.OQ,Consumer Discretionary,148
GH.OQ,Health Care,149
SMTC.OQ,Technology,150
BLFS.OQ,Health Care,151
LNTH.OQ,Health Care,152
GLNG.OQ,Energy,153
ETSY.OQ,Consumer Discretionary,154
EMKR.OQ,Technology,155
SBLK.OQ,Industrials,156
NVRO.N,Health Care,157
SIG.N,Consumer Discretionary,158
MGNI.OQ,Technology,159
NSTG.OQ,Health Care,160
QNST.OQ,Consumer Discretionary,161
LXRX.OQ,Health Care,162
TMDX.OQ,Health Care,163
NVDA.OQ,Technology,164
CVI.N,Energy,165
ASO.OQ,Consumer Discretionary,166
GME.N,Consumer Discretionary,167
CMRE.N,Industrials,168
RAD.N,Consumer Staples,169
FTHM.OQ,Real Estate,170
CIDM.OQ,Consumer Discretionary,171
CARA.OQ,Health Care,172
LPRO.OQ,Financials,173
JMIA.N,Technology,174
CFMS.OQ,Health Care,175
ATRA.OQ,Health Care,176
COTY.N,Consumer Discretionary,177
BDTX.OQ,Health Care,178
PD.N,Technology,179
GES.N,Consumer Discretionary,180
RCKT.OQ,Health Care,181
FBIO.OQ,Health Care,182
JYNT.OQ,Health Care,183
SITM.OQ,Technology,184
KLIC.OQ,Technology,185
SEER.OQ,Health Care,186
FVRR.N,Technology,187
CLDX.OQ,Health Care,188
GNRC.N,Industrials,189
SB.N,Industrials,190
OSW.OQ,Consumer Discretionary,191
BEST.N,Industrials,192
NMM.N,Industrials,193
TILE.OQ,Consumer Discretionary,194
API.OQ,Technology,195
KRTX.OQ,Health Care,196
DADA.OQ,Technology,197
APLS.OQ,Health Care,198
NARI.OQ,Health Care,199
NTRA.OQ,Health Care,200
VERI.OQ,Technology,201
KTOS.OQ,Industrials,202
SEDG.OQ,Energy,203
RVMD.OQ,Health Care,204
TME.N,Consumer Discretionary,205
DDD.N,Technology,206
SCSC.OQ,Technology,207
FIXX.OQ,Health Care,208
UCTT.OQ,Technology,209
LITE.OQ,Telecommunications,210
CHUY.OQ,Consumer Discretionary,211
PERI.OQ,Technology,212
DOYU.OQ,Technology,213
DAC.N,Industrials,214
OPEN.OQ,Real Estate,215
KC.OQ,Technology,216
VRCA.OQ,Health Care,217
INSM.OQ,Health Care,218
FND.N,Consumer Discretionary,219
EDU.N,Consumer Discretionary,220
DCPH.OQ,Health Care,221
OLMA.OQ,Health Care,222
GDOT.N,Industrials,223
ARKO.OQ,Consumer Discretionary,224
VRNS.OQ,Technology,225
BV.N,Industrials,226
AMSC.OQ,Energy,227
WDAY.OQ,Technology,228
AGYS.OQ,Technology,229
IMGN.OQ,Health Care,230
FN.N,Technology,231
A.N,Health Care,232
CERT.OQ,Health Care,233
GE.N,Industrials,234
FNKO.OQ,Consumer Discretionary,235
AEIS.OQ,Technology,236
HIBB.OQ,Consumer Discretionary,237
NDLS.OQ,Consumer Discretionary,238
LGND.OQ,Health Care,239
MWA.N,Industrials,240
MTLS.OQ,Technology,241
CERS.OQ,Health Care,242
OPCH.OQ,Health Care,243
MODV.OQ,Health Care,244
LOW.N,Consumer Discretionary,245
EGIO.OQ,Technology,246
M.N,Consumer Discretionary,247
FORM.OQ,Technology,248
SGRY.OQ,Health Care,249
KDNY.OQ,Health Care,250
IDEX.OQ,Industrials,251
CAMT.OQ,Technology,252
ITCI.OQ,Health Care,253
GEVO.OQ,Energy,254
ATHM.N,Technology,255
DGII.OQ,Telecommunications,256
NEXA.N,Basic Materials,257
ASPN.N,Industrials,258
BILI.OQ,Technology,259
PLAB.OQ,Technology,260
CRWD.OQ,Technology,261
FANG.OQ,Energy,262
SDGR.OQ,Technology,263
APYX.OQ,Health Care,264
CSIQ.OQ,Energy,265
CD.OQ,Technology,266
CNXC.OQ,Technology,267
CCRN.OQ,Industrials,268
CVLT.OQ,Technology,269
MBIO.OQ,Health Care,270
CHRS.OQ,Health Care,271
NSSC.OQ,Industrials,272
RARE.OQ,Health Care,273
ZS.OQ,Technology,274
SOL.N,Energy,275
NEO.OQ,Health Care,276
MG.N,Industrials,277
KOS.N,Energy,278
PRO.N,Technology,279
RPD.OQ,Technology,280
IHRT.OQ,Consumer Discretionary,281
ADCT.N,Health Care,282
RYAM.N,Basic Materials,283
OKTA.OQ,Technology,284
PARR.N,Energy,285
LVS.N,Consumer Discretionary,286
PTEN.OQ,Energy,287
SYNA.OQ,Technology,288
LAB.OQ,Health Care,289
BIDU.OQ,Technology,290
GOOGL.OQ,Technology,291
AXGN.OQ,Health Care,292
RMR.OQ,Real Estate,293
CALX.N,Telecommunications,294
PHR.N,Health Care,295
MLCO.OQ,Consumer Discretionary,296
NKTR.OQ,Health Care,297
CEVA.OQ,Technology,298
HCAT.OQ,Health Care,299
ELF.N,Consumer Discretionary,300
CNTY.OQ,Consumer Discretionary,301
CENX.OQ,Basic Materials,302
ACLS.OQ,Technology,303
PTCT.OQ,Health Care,304
QTWO.N,Technology,305
TGLS.N,Industrials,306
CEIX.N,Energy,307
CAAP.N,Industrials,308
CODI.N,Financials,309
CWST.OQ,Utilities,310
SPOT.N,Consumer Discretionary,311
VCEL.OQ,Health Care,312
NFLX.OQ,Consumer Discretionary,313
ZEPP.N,Consumer Discretionary,314
ALLO.OQ,Health Care,315
AFYA.OQ,Consumer Discretionary,316
SSTK.N,Technology,317
CRM.N,Technology,318
NOVT.OQ,Technology,319
RAMP.N,Technology,320
GOGL.OQ,Industrials,321
PKOH.OQ,Industrials,322
CYBR.OQ,Technology,323
CNK.N,Consumer Discretionary,324
RRR.OQ,Consumer Discretionary,325
BLDR.N,Industrials,326
CECE.OQ,Industrials,327
NAT.N,Industrials,328
PYPL.OQ,Industrials,329
GRPN.OQ,Technology,330
HA.OQ,Consumer Discretionary,331
VRAY.OQ,Health Care,332
ALRM.OQ,Technology,333
REZI.N,Industrials,334
NVEE.OQ,Industrials,335
DT.N,Technology,336
TXG.OQ,Health Care,337
HEAR.OQ,Consumer Discretionary,338
EYE.OQ,Consumer Discretionary,339
DINO.N,Energy,340
ICLR.OQ,Health Care,341
IRDM.OQ,Telecommunications,342
KSS.N,Consumer Discretionary,343
SKLZ.N,Technology,344
CWH.N,Consumer Discretionary,345
SCWX.OQ,Technology,346
LSCC.OQ,Technology,347
FWONA.OQ,Consumer Discretionary,348
MATX.N,Industrials,349
GSL.N,Industrials,350
AMR.N,Energy,351
CVLG.OQ,Industrials,352
DVN.N,Energy,353
VAPO.N,Health Care,354
MCHP.OQ,Technology,355
ROG.N,Technology,356
NVTA.N,Health Care,357
CVEO.N,Energy,358
AQB.OQ,Consumer Staples,359
KLAC.OQ,Technology,360
AZTA.OQ,Health Care,361
CDNS.OQ,Technology,362
CONN.OQ,Consumer Discretionary,363
WHD.N,Energy,364
UPWK.OQ,Technology,365
GDYN.OQ,Technology,366
GTHX.OQ,Health Care,367
OSUR.OQ,Health Care,368
PWR.N,Industrials,369
ADBE.OQ,Technology,370
ODP.OQ,Consumer Discretionary,371
DIOD.OQ,Technology,372
AA.N,Basic Materials,373
SCPL.OQ,Consumer Discretionary,374
TECK.N,Basic Materials,375
PCTY.OQ,Industrials,376
TRUE.OQ,Technology,377
EXAS.OQ,Health Care,378
DK.N,Energy,379
NOW.N,Technology,380
AMRC.N,Energy,381
PWFL.OQ,Telecommunications,382
XPEV.N,Consumer Discretionary,383
HYLN.N,Industrials,384
NTAP.OQ,Technology,385
WFRD.OQ,Energy,386
MTRX.OQ,Energy,387
RGEN.OQ,Health Care,388
NEX.N,Energy,389
AMZN.OQ,Consumer Discretionary,390
TDW.N,Energy,391
REGN.OQ,Health Care,392
KIDS.OQ,Health Care,393
ICLK.OQ,Consumer Discretionary,394
SHYF.OQ,Industrials,395
STKS.OQ,Consumer Discretionary,396
SKYW.OQ,Consumer Discretionary,397
SIMO.OQ,Technology,398
DRI.N,Consumer Discretionary,399
KOP.N,Basic Materials,400
GIII.OQ,Consumer Discretionary,401
BYD.N,Consumer Discretionary,402
LRCX.OQ,Technology,403
RIG.N,Energy,404
SUPN.OQ,Health Care,405
LILA.OQ,Telecommunications,406
ARLP.OQ,Energy,407
ANGI.OQ,Consumer Discretionary,408
INTU.OQ,Technology,409
MGY.N,Energy,410
PEN.N,Health Care,411
LIND.OQ,Consumer Discretionary,412
CMCSA.OQ,Telecommunications,413
CTLT.N,Health Care,414
CNXN.OQ,Technology,415
BMRN.OQ,Health Care,416
CRL.N,Health Care,417
ASGN.N,Industrials,418
ALKS.OQ,Health Care,419
BJ.N,Consumer Discretionary,420
HUBG.OQ,Industrials,421
MSFT.OQ,Technology,422
BKD.N,Health Care,423
ORA.N,Utilities,424
CMCO.OQ,Industrials,425
PASG.OQ,Health Care,426
PEGA.OQ,Technology,427
REX.N,Energy,428
PRTA.OQ,Health Care,429
GM.N,Consumer Discretionary,430
ENTG.OQ,Technology,431
OXY.N,Energy,432
IAC.OQ,Technology,433
LOPE.OQ,Consumer Discretionary,434
REVG.N,Industrials,435
ACHC.OQ,Health Care,436
TSE.N,Industrials,437
AMN.N,Industrials,438
AIN.N,Industrials,439
QNCX.OQ,Health Care,440
SATS.OQ,Telecommunications,441
KE.OQ,Technology,442
QDEL.OQ,Health Care,443
PLUS.OQ,Technology,444
SOLO.OQ,Consumer Discretionary,445
TTEK.OQ,Industrials,446
EB.N,Technology,447
AMOT.OQ,Industrials,448
SCVL.OQ,Consumer Discretionary,449
EXPI.OQ,Real Estate,450
LEGH.OQ,Consumer Discretionary,451
CASA.OQ,Telecommunications,452
THC.N,Health Care,453
MMSI.OQ,Health Care,454
CHTR.OQ,Telecommunications,455
KEYS.N,Industrials,456
GFF.N,Industrials,457
TJX.N,Consumer Discretionary,458
EL.N,Consumer Discretionary,459
CRUS.OQ,Technology,460
TREX.N,Industrials,461
IBP.N,Industrials,462
TRUP.OQ,Financials,463
BLKB.OQ,Technology,464
PDCE.OQ,Energy,465
LAZR.OQ,Consumer Discretionary,466
AAPL.OQ,Technology,467
EVBG.OQ,Technology,468
SAGE.OQ,Health Care,469
MATW.OQ,Consumer Discretionary,470
CTMX.OQ,Health Care,471
CUTR.OQ,Health Care,472
ALTO.OQ,Basic Materials,473
VERX.OQ,Technology,474
TRMB.OQ,Industrials,475
OLED.OQ,Technology,476
USPH.N,Health Care,477
BIGC.OQ,Technology,478
ITRI.OQ,Industrials,479
CARS.N,Consumer Discretionary,480
XPRO.N,Energy,481
SNDL.OQ,Health Care,482
CDE.N,Basic Materials,483
EQT.N,Energy,484
ABM.N,Industrials,485
LSTR.OQ,Industrials,486
AMAT.OQ,Technology,487
MESA.OQ,Consumer Discretionary,488
GTH.OQ,Health Care,489
QLYS.OQ,Technology,490
WLK.N,Basic Materials,491
ULTA.OQ,Consumer Discretionary,492
DY.N,Industrials,493
FSLY.N,Technology,494
CAKE.OQ,Consumer Discretionary,495
III.OQ,Industrials,496
KRP.N,Energy,497
SHC.OQ,Health Care,498
SANM.OQ,Technology,499
GCO.N,Consumer Discretionary,500
WCC.N,Industrials,501
HQY.OQ,Health Care,502
AVGO.OQ,Technology,503
GCI.N,Consumer Discretionary,504
AVNT.N,Basic Materials,505
IIIV.OQ,Industrials,506
LTHM.N,Basic Materials,507
PAG.N,Consumer Discretionary,508
BCPC.OQ,Basic Materials,509
DIS.N,Consumer Discretionary,510
ROCK.OQ,Industrials,511
OLN.N,Basic Materials,512
EGRX.OQ,Health Care,513
MGM.N,Consumer Discretionary,514
COMM.OQ,Telecommunications,515
TEAM.OQ,Technology,516
RPAY.OQ,Industrials,517
ERII.OQ,Industrials,518
UTHR.OQ,Health Care,519
MYRG.OQ,Industrials,520
FISV.OQ,Industrials,521
HI.N,Industrials,522
TPC.N,Industrials,523
VREX.OQ,Health Care,524
ALLK.OQ,Health Care,525
PLOW.N,Industrials,526
CHE.N,Health Care,527
LIN.N,Basic Materials,528
VSEC.OQ,Industrials,529
BRKR.OQ,Health Care,530
REPL.OQ,Health Care,531
UPLD.OQ,Technology,532
MU.OQ,Technology,533
ENPH.OQ,Energy,534
VZ.N,Telecommunications,535
OSTK.OQ,Consumer Discretionary,536
CRK.N,Energy,537
ABBV.N,Health Care,538
WSC.OQ,Industrials,539
DOOR.N,Industrials,540
FLEX.OQ,Technology,541
FELE.OQ,Industrials,542
HUN.N,Basic Materials,543
ORTX.OQ,Health Care,544
HRI.N,Industrials,545
DKNG.OQ,Consumer Discretionary,546
LFUS.OQ,Industrials,547
XPEL.OQ,Consumer Discretionary,548
MOGa.N,Industrials,549
VVI.N,Consumer Discretionary,550
BRP.OQ,Financials,551
OFIX.OQ,Health Care,552
SHO.N,Real Estate,553
ZD.OQ,Technology,554
STRL.OQ,Industrials,555
VRNT.OQ,Technology,556
SYNH.OQ,Health Care,557
SYK.N,Health Care,558
JAMF.OQ,Technology,559
INSW.N,Industrials,560
EXPR.N,Consumer Discretionary,561
DNOW.N,Energy,562
SITE.N,Consumer Discretionary,563
EVER.OQ,Technology,564
CSCO.OQ,Telecommunications,565
FCX.N,Basic Materials,566
STAA.OQ,Health Care,567
VNT.N,Industrials,568
EXP.N,Industrials,569
BOOT.N,Consumer Discretionary,570
CHX.OQ,Energy,571
CLVT.N,Technology,572
MELI.OQ,Consumer Discretionary,573
MPC.N,Energy,574
ALG.N,Industrials,575
NSP.N,Industrials,576
UTZ.N,Consumer Staples,577
ALK.N,Consumer Discretionary,578
ZI.OQ,Technology,579
WWD.OQ,Industrials,580
LBRT.N,Energy,581
IR.N,Industrials,582
DAL.N,Consumer Discretionary,583
GWRS.OQ,Utilities,584
BCOR.OQ,Financials,585
DFIN.N,Industrials,586
INTC.OQ,Technology,587
SPLK.OQ,Technology,588
GOCO.OQ,Financials,589
ITRN.OQ,Industrials,590
CAL.N,Consumer Discretionary,591
PAYC.N,Technology,592
KOD.OQ,Health Care,593
SFT.OQ,Consumer Discretionary,594
GMED.N,Health Care,595
T.N,Telecommunications,596
EXPO.OQ,Industrials,597
ATKR.N,Industrials,598
BDC.N,Industrials,599
AZEK.N,Industrials,600
CLB.N,Energy,601
HP.N,Energy,602
ROLL.OQ,Basic Materials,603
MTSI.OQ,Technology,604
VST.N,Utilities,605
FREQ.OQ,Health Care,606
ASH.N,Basic Materials,607
TSLA.OQ,Consumer Discretionary,608
GWRE.N,Technology,609
RBBN.OQ,Telecommunications,610
WDC.OQ,Technology,611
XOM.N,Energy,612
TFX.N,Health Care,613
ASLE.OQ,Industrials,614
SSP.OQ,Consumer Discretionary,615
HBIO.OQ,Health Care,616
FLWS.OQ,Consumer Discretionary,617
QGEN.N,Health Care,618
VNOM.OQ,Energy,619
GPK.N,Industrials,620
APG.N,Industrials,621
KIRK.OQ,Consumer Discretionary,622
AVY.N,Basic Materials,623
JBT.N,Industrials,624
APOG.OQ,Industrials,625
LPSN.OQ,Technology,626
ENVA.N,Financials,627
F.N,Consumer Discretionary,628
BOX.N,Technology,629
CROX.OQ,Consumer Discretionary,630
EMR.N,Industrials,631
EVA.N,Energy,632
ANDE.OQ,Consumer Staples,633
NRG.N,Utilities,634
SFIX.OQ,Consumer Discretionary,635
VRT.N,Technology,636
AFIB.OQ,Health Care,637
WRK.N,Industrials,638
NXST.OQ,Consumer Discretionary,639
KFY.N,Industrials,640
ACN.N,Industrials,641
PDFS.OQ,Technology,642
MIDD.OQ,Industrials,643
ANIP.OQ,Health Care,644
LCUT.OQ,Consumer Discretionary,645
ITGR.N,Health Care,646
SPTN.OQ,Consumer Staples,647
FL.N,Consumer Discretionary,648
CLH.N,Utilities,649
EXC.OQ,Utilities,650
NSIT.OQ,Technology,651
CVS.N,Consumer Staples,652
OII.N,Energy,653
DEN.N,Energy,654
HAYN.OQ,Basic Materials,655
APH.N,Technology,656
MKSI.OQ,Industrials,657
EBAY.OQ,Consumer Discretionary,658
HGEN.OQ,Health Care,659
SPNS.OQ,Technology,660
HD.N,Consumer Discretionary,661
PRTS.OQ,Consumer Discretionary,662
TXRH.OQ,Consumer Discretionary,663
WOOF.OQ,Consumer Discretionary,664
MCS.N,Consumer Discretionary,665
SRCL.OQ,Utilities,666
EOG.N,Energy,667
BALL.N,Industrials,668
KMT.N,Industrials,669
TER.OQ,Technology,670
EVH.N,Health Care,671
MO.N,Consumer Staples,672
HL.N,Basic Materials,673
H.N,Consumer Discretionary,674
DHR.N,Health Care,675
AYX.N,Technology,676
BERY.N,Industrials,677
R.N,Industrials,678
PARA.OQ,Consumer Discretionary,679
LIVN.OQ,Health Care,680
CARR.N,Industrials,681
MXL.OQ,Technology,682
FTNT.OQ,Technology,683
NRIX.OQ,Health Care,684
GMS.N,Industrials,685
MAR.OQ,Consumer Discretionary,686
JNJ.N,Health Care,687
SSRM.OQ,Basic Materials,688
AVAV.OQ,Industrials,689
UAL.OQ,Consumer Discretionary,690
SMG.N,Basic Materials,691
ABNB.OQ,Consumer Discretionary,692
RGP.OQ,Industrials,693
SONO.OQ,Consumer Discretionary,694
ACM.N,Industrials,695
CBZ.N,Industrials,696
WK.N,Technology,697
ZBRA.OQ,Industrials,698
TNK.N,Industrials,699
OCUL.OQ,Health Care,700
VEEV.N,Health Care,701
HTLD.OQ,Industrials,702
BWXT.N,Industrials,703
VRSK.OQ,Industrials,704
BLMN.OQ,Consumer Discretionary,705
RCL.N,Consumer Discretionary,706
PLXS.OQ,Technology,707
ESE.N,Industrials,708
KWR.N,Basic Materials,709
MTN.N,Consumer Discretionary,710
PGTI.N,Industrials,711
MODN.N,Technology,712
WLDN.OQ,Industrials,713
UEIC.OQ,Consumer Discretionary,714
HUBS.N,Technology,715
CAPL.N,Energy,716
HSII.OQ,Industrials,717
CRTO.OQ,Technology,718
BIOX.OQ,Basic Materials,719
HOUS.N,Real Estate,720
QIWI.OQ,Industrials,721
TXN.OQ,Technology,722
NVT.N,Industrials,723
PSMT.OQ,Consumer Discretionary,724
ELAN.N,Health Care,725
ALLE.N,Industrials,726
NDAQ.OQ,Financials,727
NMRK.OQ,Real Estate,728
ACCO.N,Consumer Staples,729
HCCI.OQ,Utilities,730
COP.N,Energy,731
VLO.N,Energy,732
KAI.N,Industrials,733
AM.N,Energy,734
CPRT.OQ,Consumer Discretionary,735
LAMR.OQ,Real Estate,736
WTS.N,Industrials,737
AGCO.N,Industrials,738
LXFR.N,Industrials,739
ON.OQ,Technology,740
AZPN.OQ,Technology,741
HON.OQ,Industrials,742
BMI.N,Industrials,743
FARO.OQ,Industrials,744
CNMD.N,Health Care,745
BNGO.OQ,Health Care,746
RIGL.OQ,Health Care,747
MRVL.OQ,Technology,748
EXLS.OQ,Industrials,749
VICR.OQ,Industrials,750
OEC.N,Basic Materials,751
NBIX.OQ,Health Care,752
ALGT.OQ,Consumer Discretionary,753
ANAB.OQ,Health Care,754
LOCO.OQ,Consumer Discretionary,755
KRO.N,Industrials,756
XPER.OQ,Technology,757
NVST.N,Health Care,758
LKQ.OQ,Consumer Discretionary,759
SXI.N,Industrials,760
COST.OQ,Consumer Discretionary,761
WNC.N,Industrials,762
NCLH.N,Consumer Discretionary,763
ATGE.N,Consumer Discretionary,764
IPGP.OQ,Technology,765
FORR.OQ,Industrials,766
RES.N,Energy,767
SKY.N,Consumer Discretionary,768
SE.N,Technology,769
MNRO.OQ,Consumer Discretionary,770
HCA.N,Health Care,771
CYTK.OQ,Health Care,772
PSX.N,Energy,773
DAKT.OQ,Technology,774
PTC.OQ,Technology,775
CBRL.OQ,Consumer Discretionary,776
TRS.OQ,Industrials,777
WWE.N,Consumer Discretionary,778
SGC.OQ,Consumer Discretionary,779
EDIT.OQ,Health Care,780
ANGO.OQ,Health Care,781
VMI.N,Industrials,782
RADA.OQ,Industrials,783
UNFI.N,Consumer Staples,784
BBCP.OQ,Industrials,785
CMTL.OQ,Telecommunications,786
IART.OQ,Health Care,787
NEE.N,Utilities,788
BLD.N,Industrials,789
MDT.N,Health Care,790
NOV.N,Energy,791
GRMN.N,Consumer Discretionary,792
CBRE.N,Real Estate,793
TX.N,Basic Materials,794
TRIP.OQ,Consumer Discretionary,795
FROG.OQ,Technology,796
JHG.N,Financials,797
TGH.N,Industrials,798
HLX.N,Energy,799
ATEX.OQ,Telecommunications,800
DBI.N,Consumer Discretionary,801
ZBH.N,Health Care,802
ACA.N,Energy,803
MOS.N,Basic Materials,804
NETI.N,Industrials,805
NXPI.OQ,Technology,806
FSS.N,Industrials,807
VFF.OQ,Consumer Staples,808
EME.N,Industrials,809
TYL.N,Technology,810
BKR.OQ,Energy,811
ENV.N,Technology,812
TDOC.N,Health Care,813
EVR.N,Financials,814
HURN.OQ,Industrials,815
RDFN.OQ,Real Estate,816
QCOM.OQ,Technology,817
CIEN.N,Telecommunications,818
JBLU.OQ,Consumer Discretionary,819
PFMT.OQ,Industrials,820
CWENa.N,Utilities,821
TMUS.OQ,Telecommunications,822
INZY.OQ,Health Care,823
RMD.N,Health Care,824
FOLD.OQ,Health Care,825
OMCL.OQ,Health Care,826
TTEC.OQ,Industrials,827
QRVO.OQ,Technology,828
PETQ.OQ,Health Care,829
SO.N,Utilities,830
HPE.N,Technology,831
BBY.N,Consumer Discretionary,832
TWLO.N,Technology,833
MUR.N,Energy,834
WY.N,Real Estate,835
ALEX.N,Real Estate,836
CVX.N,Energy,837
AVO.OQ,Consumer Staples,838
ECVT.N,Basic Materials,839
CDAY.N,Technology,840
ROK.N,Industrials,841
SSD.N,Industrials,842
PKG.N,Industrials,843
SKX.N,Consumer Discretionary,844
TECH.OQ,Health Care,845
IBM.N,Technology,846
BE.N,Industrials,847
WERN.OQ,Industrials,848
NEWR.N,Technology,849
WMT.N,Consumer Discretionary,850
PXD.N,Energy,851
PFSW.OQ,Industrials,852
IDCC.OQ,Telecommunications,853
PG.N,Consumer Staples,854
TDS.N,Telecommunications,855
SLCA.N,Basic Materials,856
BIO.N,Health Care,857
SHEN.OQ,Telecommunications,858
SCS.N,Consumer Discretionary,859
XNCR.OQ,Health Care,860
CCK.N,Industrials,861
COLM.OQ,Consumer Discretionary,862
FCEL.OQ,Energy,863
URI.N,Industrials,864
NDSN.OQ,Industrials,865
MERC.OQ,Basic Materials,866
RXT.OQ,Technology,867
MMS.N,Industrials,868
SPCE.N,Industrials,869
SNOW.N,Technology,870
THRM.OQ,Consumer Discretionary,871
KRNT.OQ,Industrials,872
CPSI.OQ,Health Care,873
WH.N,Consumer Discretionary,874
KNX.N,Industrials,875
VRTX.OQ,Health Care,876
RRC.N,Energy,877
ALGM.OQ,Technology,878
COHR.OQ,Technology,879
AMD.OQ,Technology,880
FDP.N,Consumer Staples,881
CHEF.OQ,Consumer Staples,882
HESM.N,Energy,883
JBL.N,Technology,884
WM.N,Utilities,885
CTLP.OQ,Industrials,886
DSKE.OQ,Industrials,887
JLL.N,Real Estate,888
COO.N,Health Care,889
PCH.OQ,Real Estate,890
PEP.OQ,Consumer Staples,891
SCL.N,Basic Materials,892
MATV.N,Basic Materials,893
OI.N,Industrials,894
DOW.N,Basic Materials,895
CWK.N,Real Estate,896
LZB.N,Consumer Discretionary,897
LMAT.OQ,Health Care,898
ICUI.OQ,Health Care,899
RH.N,Consumer Discretionary,900
CNX.N,Energy,901
CASY.OQ,Consumer Staples,902
BRO.N,Financials,903
ETD.N,Consumer Discretionary,904
HUBB.N,Industrials,905
GTES.N,Industrials,906
MOH.N,Health Care,907
CHGG.N,Consumer Discretionary,908
CPS.N,Consumer Discretionary,909
BOOM.OQ,Energy,910
AMK.N,Financials,911
LOOP.OQ,Utilities,912
USM.N,Telecommunications,913
OKE.N,Energy,914
FLT.N,Industrials,915
NUVA.OQ,Health Care,916
TMO.N,Health Care,917
POOL.OQ,Consumer Discretionary,918
AZZ.N,Industrials,919
ANIK.OQ,Health Care,920
DISH.OQ,Telecommunications,921
EA.OQ,Consumer Discretionary,922
EQIX.OQ,Real Estate,923
CHKP.OQ,Technology,924
PPC.OQ,Consumer Staples,925
RYI.N,Basic Materials,926
TPX.N,Consumer Discretionary,927
ASIX.N,Basic Materials,928
UNVR.N,Basic Materials,929
VRA.OQ,Consumer Discretionary,930
MEDP.OQ,Health Care,931
SPXC.N,Industrials,932
DUK.N,Utilities,933
ARW.N,Technology,934
TNET.N,Industrials,935
EVC.N,Consumer Discretionary,936
MANH.OQ,Technology,937
CRAI.OQ,Industrials,938
UHS.N,Health Care,939
ET.N,Energy,940
SAVE.N,Consumer Discretionary,941
TRGP.N,Energy,942
AVIR.OQ,Health Care,943
KRYS.OQ,Health Care,944
ASTE.OQ,Industrials,945
FRG.OQ,Consumer Discretionary,946
HES.N,Energy,947
LULU.OQ,Consumer Discretionary,948
GD.N,Industrials,949
KR.N,Consumer Staples,950
AMPH.OQ,Health Care,951
FLR.N,Industrials,952
ANSS.OQ,Technology,953
MRO.N,Energy,954
WBA.OQ,Consumer Staples,955
DSGR.OQ,Industrials,956
GILD.OQ,Health Care,957
CNSL.OQ,Telecommunications,958
GDEN.OQ,Consumer Discretionary,959
WTW.OQ,Financials,960
FSLR.OQ,Energy,961
RNG.N,Technology,962
LAUR.OQ,Consumer Discretionary,963
IP.N,Basic Materials,964
EFX.N,Industrials,965
PACK.N,Industrials,966
NTCT.OQ,Technology,967
AEP.OQ,Utilities,968
HCKT.OQ,Technology,969
OTTR.OQ,Industrials,970
NCR.N,Technology,971
AVD.N,Basic Materials,972
OPK.OQ,Health Care,973
ZUMZ.OQ,Consumer Discretionary,974
EEFT.OQ,Industrials,975
MMC.N,Financials,976
ORCL.N,Technology,977
BSM.N,Energy,978
SXC.N,Energy,979
GLDD.OQ,Industrials,980
IPAR.OQ,Consumer Discretionary,981
AMEH.OQ,Health Care,982
TREE.OQ,Financials,983
ICE.N,Financials,984
SNX.N,Technology,985
VIPS.N,Consumer Discretionary,986
AON.N,Financials,987
HALO.OQ,Health Care,988
CCL.N,Consumer Discretionary,989
LUMN.N,Telecommunications,990
METC.OQ,Energy,991
ETRN.N,Energy,992
NCNO.OQ,Technology,993
WLKP.N,Basic Materials,994
ABT.N,Health Care,995
CMI.N,Industrials,996
OSPN.OQ,Technology,997
STOK.OQ,Health Care,998
ATR.N,Industrials,999
HCSG.OQ,Health Care,1000
GHC.N,Consumer Discretionary,1001
XYL.N,Industrials,1002
HAL.N,Energy,1003
HOLX.OQ,Health Care,1004
GT.OQ,Consumer Discretionary,1005
VMC.N,Industrials,1006
DELL.N,Technology,1007
SABR.OQ,Consumer Discretionary,1008
LRN.N,Consumer Discretionary,1009
CORT.OQ,Health Care,1010
MLM.N,Industrials,1011
SLGN.N,Industrials,1012
GLT.N,Basic Materials,1013
PLUG.OQ,Energy,1014
UFI.N,Basic Materials,1015
ACAD.OQ,Health Care,1016
FIX.N,Industrials,1017
COLL.OQ,Health Care,1018
WETF.OQ,Financials,1019
ABCL.OQ,Health Care,1020
HVT.N,Consumer Discretionary,1021
KDP.OQ,Consumer Staples,1022
INT.N,Energy,1023
OUT.N,Real Estate,1024
FHI.N,Financials,1025
NVGS.N,Industrials,1026
TLRY.OQ,Health Care,1027
RVNC.OQ,Health Care,1028
PSN.N,Technology,1029
ODFL.OQ,Industrials,1030
DZSI.OQ,Telecommunications,1031
SNDR.N,Industrials,1032
ALIT.N,Industrials,1033
DTE.N,Utilities,1034
FOXF.OQ,Consumer Discretionary,1035
PCG.N,Utilities,1036
THR.N,Industrials,1037
BFAM.N,Consumer Discretionary,1038
CAT.N,Industrials,1039
BDX.N,Health Care,1040
AIR.N,Industrials,1041
ATSG.OQ,Industrials,1042
LMT.N,Industrials,1043
UPS.N,Industrials,1044
FAST.OQ,Basic Materials,1045
MGPI.OQ,Consumer Staples,1046
MMP.N,Energy,1047
ACI.N,Consumer Staples,1048
DBX.OQ,Technology,1049
USNA.N,Consumer Staples,1050
NYT.N,Consumer Discretionary,1051
WKHS.OQ,Industrials,1052
SBH.N,Consumer Discretionary,1053
ES.N,Utilities,1054
POWL.OQ,Industrials,1055
UFPI.OQ,Basic Materials,1056
CW.N,Industrials,1057
FE.N,Utilities,1058
BCO.N,Industrials,1059
CAMP.OQ,Telecommunications,1060
DOCU.OQ,Technology,1061
CPRI.N,Consumer Discretionary,1062
IOSP.OQ,Basic Materials,1063
FMC.N,Basic Materials,1064
CDNA.OQ,Health Care,1065
DHT.N,Industrials,1066
AAON.OQ,Industrials,1067
IONS.OQ,Health Care,1068
HSTM.OQ,Health Care,1069
LSAK.OQ,Industrials,1070
GEF.N,Industrials,1071
ADT.N,Industrials,1072
NVAX.OQ,Health Care,1073
PH.N,Industrials,1074
RTX.N,Industrials,1075
MDGL.OQ,Health Care,1076
FUL.N,Industrials,1077
DXC.N,Technology,1078
NEP.N,Utilities,1079
AORT.N,Health Care,1080
CSL.N,Industrials,1081
MTRN.N,Basic Materials,1082
LNDC.OQ,Consumer Staples,1083
HAS.OQ,Consumer Discretionary,1084
SPWR.OQ,Energy,1085
ACIW.OQ,Industrials,1086
SAH.N,Consumer Discretionary,1087
RCM.OQ,Health Care,1088
DECK.N,Consumer Discretionary,1089
TDC.N,Technology,1090
DXCM.OQ,Health Care,1091
MPLX.N,Energy,1092
DLB.N,Technology,1093
AMT.N,Real Estate,1094
EPAC.N,Industrials,1095
IQV.N,Health Care,1096
DAN.N,Consumer Discretionary,1097
J.N,Industrials,1098
TWOU.OQ,Consumer Discretionary,1099
MCO.N,Financials,1100
RSG.N,Utilities,1101
BMY.N,Health Care,1102
ATRO.OQ,Industrials,1103
PRIM.OQ,Industrials,1104
ECL.N,Basic Materials,1105
TT.N,Industrials,1106
NUE.N,Basic Materials,1107
WDFC.OQ,Consumer Staples,1108
USAC.N,Energy,1109
NWPX.OQ,Basic Materials,1110
LUV.N,Consumer Discretionary,1111
AMGN.OQ,Health Care,1112
JCI.N,Industrials,1113
HELE.OQ,Consumer Discretionary,1114
CACI.N,Technology,1115
SHOP.N,Technology,1116
MCFT.OQ,Consumer Discretionary,1117
SMPL.OQ,Consumer Staples,1118
SEIC.OQ,Financials,1119
INCY.OQ,Health Care,1120
CSGS.OQ,Technology,1121
ST.N,Industrials,1122
SHAK.N,Consumer Discretionary,1123
INO.OQ,Health Care,1124
CDW.OQ,Technology,1125
BSY.OQ,Technology,1126
TEX.N,Industrials,1127
OSIS.OQ,Industrials,1128
PDCO.OQ,Health Care,1129
SQ.N,Industrials,1130
TWI.N,Industrials,1131
GPI.N,Consumer Discretionary,1132
ARMK.N,Consumer Discretionary,1133
CF.N,Basic Materials,1134
TNC.N,Industrials,1135
SCCO.N,Basic Materials,1136
XRAY.OQ,Health Care,1137
FWRD.OQ,Industrials,1138
RMAX.N,Real Estate,1139
FSR.N,Consumer Discretionary,1140
NX.N,Industrials,1141
STZ.N,Consumer Staples,1142
AYI.N,Industrials,1143
CNDT.OQ,Industrials,1144
ITW.N,Industrials,1145
FCFS.OQ,Financials,1146
ADNT.N,Consumer Discretionary,1147
RYTM.OQ,Health Care,1148
BRC.N,Industrials,1149
PKI.N,Health Care,1150
ENLC.N,Energy,1151
V.N,Industrials,1152
YUMC.N,Consumer Discretionary,1153
BYND.OQ,Consumer Staples,1154
D.N,Utilities,1155
EBIX.OQ,Technology,1156
SON.N,Industrials,1157
CTAS.OQ,Industrials,1158
MHK.N,Industrials,1159
POR.N,Utilities,1160
TAL.N,Consumer Discretionary,1161
RPRX.OQ,Health Care,1162
ALTR.OQ,Technology,1163
FTI.N,Energy,1164
QRTEA.OQ,Consumer Discretionary,1165
PCRX.OQ,Health Care,1166
SMP.N,Consumer Discretionary,1167
NEM.N,Basic Materials,1168
AOS.N,Industrials,1169
EXPE.OQ,Consumer Discretionary,1170
EMN.N,Basic Materials,1171
GGG.N,Industrials,1172
TEL.N,Technology,1173
OXM.N,Consumer Discretionary,1174
ARCO.N,Consumer Discretionary,1175
ATRC.OQ,Health Care,1176
MUSA.N,Consumer Discretionary,1177
SSNC.OQ,Technology,1178
LHX.N,Industrials,1179
SHW.N,Industrials,1180
HZNP.OQ,Health Care,1181
LNN.N,Industrials,1182
KN.N,Consumer Discretionary,1183
USFD.N,Consumer Staples,1184
CTRA.N,Energy,1185
BSX.N,Health Care,1186
VFC.N,Consumer Discretionary,1187
NS.N,Energy,1188
AGR.N,Utilities,1189
ICFI.OQ,Industrials,1190
RUSHA.OQ,Consumer Discretionary,1191
ROL.N,Consumer Discretionary,1192
GLP.N,Energy,1193
DOV.N,Industrials,1194
MMM.N,Industrials,1195
WAB.N,Industrials,1196
HEP.N,Energy,1197
XEL.OQ,Utilities,1198
FDS.N,Financials,1199
BIP.N,Utilities,1200
SEE.N,Industrials,1201
RS.N,Basic Materials,1202
DNLI.OQ,Health Care,1203
SPGI.N,Financials,1204
JNPR.N,Telecommunications,1205
MTZ.N,Industrials,1206
INGR.N,Consumer Staples,1207
EBS.N,Health Care,1208
LEG.N,Consumer Discretionary,1209
SUM.N,Industrials,1210
FICO.N,Industrials,1211
MRK.N,Health Care,1212
RMBS.OQ,Technology,1213
SWK.N,Industrials,1214
KO.N,Consumer Staples,1215
OC.N,Industrials,1216
EIX.N,Utilities,1217
ENSG.OQ,Health Care,1218
DDOG.OQ,Technology,1219
IRM.N,Real Estate,1220
G.N,Industrials,1221
ATNI.OQ,Telecommunications,1222
LAD.N,Consumer Discretionary,1223
QSR.N,Consumer Discretionary,1224
SWBI.OQ,Consumer Discretionary,1225
WES.N,Energy,1226
CABO.N,Telecommunications,1227
EVTC.N,Industrials,1228
FLS.N,Industrials,1229
CSGP.OQ,Real Estate,1230
MSA.N,Industrials,1231
CGNT.OQ,Technology,1232
VSTO.N,Consumer Discretionary,1233
WSO.N,Industrials,1234
SXT.N,Basic Materials,1235
STLD.OQ,Basic Materials,1236
MTX.N,Basic Materials,1237
JBHT.OQ,Industrials,1238
SAIC.N,Technology,1239
MAN.N,Industrials,1240
CE.N,Basic Materials,1241
AIT.N,Industrials,1242
CVCO.OQ,Consumer Discretionary,1243
CALM.OQ,Consumer Staples,1244
LNT.OQ,Utilities,1245
FOXA.OQ,Consumer Discretionary,1246
BBIO.OQ,Health Care,1247
SUN.N,Energy,1248
TSCO.OQ,Consumer Discretionary,1249
SLAB.OQ,Technology,1250
ARVN.OQ,Health Care,1251
WOLF.N,Technology,1252
TTWO.OQ,Consumer Discretionary,1253
SNA.N,Industrials,1254
MED.N,Consumer Staples,1255
PEG.N,Utilities,1256
CTSH.OQ,Technology,1257
LECO.OQ,Industrials,1258
WAT.N,Industrials,1259
AJRD.N,Industrials,1260
WST.N,Health Care,1261
MAT.OQ,Consumer Discretionary,1262
DGX.N,Health Care,1263
BIIB.OQ,Health Care,1264
EW.N,Health Care,1265
WLY.N,Consumer Discretionary,1266
ORLY.OQ,Consumer Discretionary,1267
WTTR.N,Energy,1268
TRU.N,Industrials,1269
NPO.N,Industrials,1270
ANF.N,Consumer Discretionary,1271
UTL.N,Utilities,1272
FDX.N,Industrials,1273
BKI.N,Technology,1274
MSM.N,Industrials,1275
ULH.OQ,Industrials,1276
SYY.N,Consumer Staples,1277
TGNA.N,Consumer Discretionary,1278
KNOP.N,Industrials,1279
TNDM.OQ,Health Care,1280
NXGN.OQ,Health Care,1281
VRTS.OQ,Financials,1282
EHC.N,Health Care,1283
WBD.OQ,Consumer Discretionary,1284
ZEUS.OQ,Basic Materials,1285
ANET.N,Telecommunications,1286
AVT.OQ,Technology,1287
NWE.OQ,Utilities,1288
VPG.N,Industrials,1289
LUNA.OQ,Industrials,1290
DASH.N,Technology,1291
PRDO.OQ,Consumer Discretionary,1292
VRRM.OQ,Industrials,1293
NJR.N,Utilities,1294
WMB.N,Energy,1295
DRQ.N,Energy,1296
WNS.N,Industrials,1297
GPRE.OQ,Energy,1298
SPB.N,Consumer Staples,1299
FIS.N,Industrials,1300
CBT.N,Basic Materials,1301
CCI.N,Real Estate,1302
MTD.N,Industrials,1303
VIAV.OQ,Telecommunications,1304
LBTYA.OQ,Telecommunications,1305
LYB.N,Basic Materials,1306
AJG.N,Financials,1307
JELD.N,Industrials,1308
TGT.N,Consumer Discretionary,1309
CNNE.N,Financials,1310
MLKN.OQ,Consumer Discretionary,1311
AWK.N,Utilities,1312
SEM.N,Health Care,1313
CLF.N,Basic Materials,1314
RHI.N,Industrials,1315
AMWL.N,Health Care,1316
VRM.OQ,Technology,1317
PBI.N,Industrials,1318
WWW.N,Consumer Discretionary,1319
DD.N,Industrials,1320
SPH.N,Consumer Discretionary,1321
KMB.N,Consumer Staples,1322
PODD.OQ,Health Care,1323
APD.N,Basic Materials,1324
PNW.N,Utilities,1325
AGIO.OQ,Health Care,1326
TTMI.OQ,Technology,1327
PTGX.OQ,Health Care,1328
LOVE.OQ,Consumer Discretionary,1329
CMS.N,Utilities,1330
MANU.N,Consumer Discretionary,1331
JKHY.OQ,Industrials,1332
AXL.N,Consumer Discretionary,1333
UNP.N,Industrials,1334
MNST.OQ,Consumer Staples,1335
TDY.N,Industrials,1336
BAX.N,Health Care,1337
LDOS.N,Technology,1338
NFG.N,Utilities,1339
SAIA.OQ,Industrials,1340
DNB.N,Technology,1341
CRDb.N,Financials,1342
WTRG.N,Utilities,1343
EXPD.OQ,Industrials,1344
BAH.N,Industrials,1345
ALSN.N,Industrials,1346
FFIV.OQ,Technology,1347
QURE.OQ,Health Care,1348
KBR.N,Technology,1349
NWL.OQ,Consumer Discretionary,1350
MA.N,Industrials,1351
DCO.N,Industrials,1352
LH.N,Health Care,1353
SFM.OQ,Consumer Staples,1354
STR.N,Energy,1355
AME.N,Industrials,1356
GPS.N,Consumer Discretionary,1357
HZO.N,Consumer Discretionary,1358
CMC.N,Basic Materials,1359
KMI.N,Energy,1360
MPAA.OQ,Consumer Discretionary,1361
RRX.N,Industrials,1362
PTVE.OQ,Industrials,1363
CNC.N,Health Care,1364
BBSI.OQ,Industrials,1365
HSC.N,Utilities,1366
X.N,Basic Materials,1367
NGMS.OQ,Consumer Discretionary,1368
ED.N,Utilities,1369
SLP.OQ,Technology,1370
HXL.N,Basic Materials,1371
POST.N,Consumer Staples,1372
PFE.N,Health Care,1373
VTNR.OQ,Utilities,1374
ROST.OQ,Consumer Discretionary,1375
ZG.OQ,Real Estate,1376
PBH.N,Health Care,1377
CL.N,Consumer Staples,1378
VTRS.OQ,Health Care,1379
RRGB.OQ,Consumer Discretionary,1380
LCII.N,Consumer Discretionary,1381
JJSF.OQ,Consumer Staples,1382
VSAT.OQ,Telecommunications,1383
LGFa.N,Consumer Discretionary,1384
AXTA.N,Industrials,1385
AN.N,Consumer Discretionary,1386
KMX.N,Consumer Discretionary,1387
ABG.N,Consumer Discretionary,1388
GPN.N,Industrials,1389
XPO.N,Industrials,1390
GPRO.OQ,Consumer Discretionary,1391
HLIO.N,Industrials,1392
MRNA.OQ,Health Care,1393
AVTR.N,Health Care,1394
MCRI.OQ,Consumer Discretionary,1395
LLY.N,Health Care,1396
RL.N,Consumer Discretionary,1397
VITL.OQ,Consumer Staples,1398
KEX.N,Industrials,1399
CRI.N,Consumer Discretionary,1400
BL.OQ,Technology,1401
FRPT.OQ,Consumer Staples,1402
BFb.N,Consumer Staples,1403
AES.N,Utilities,1404
PATK.OQ,Industrials,1405
AMRN.OQ,Health Care,1406
MDLZ.OQ,Consumer Staples,1407
NWN.N,Utilities,1408
QUOT.N,Consumer Discretionary,1409
MEC.N,Industrials,1410
CME.OQ,Financials,1411
MRCY.OQ,Industrials,1412
NET.N,Technology,1413
BKH.N,Utilities,1414
WEC.N,Utilities,1415
AY.OQ,Utilities,1416
PRGO.N,Health Care,1417
OCX.OQ,Health Care,1418
RDNT.OQ,Health Care,1419
BLI.OQ,Health Care,1420
MTW.N,Industrials,1421
HBI.N,Consumer Discretionary,1422
DOX.OQ,Technology,1423
WHR.N,Consumer Discretionary,1424
KFRC.OQ,Industrials,1425
SRE.N,Utilities,1426
AROC.N,Energy,1427
CLX.N,Consumer Staples,1428
ATVI.OQ,Consumer Discretionary,1429
AVNW.OQ,Telecommunications,1430
DCI.N,Industrials,1431
IT.N,Technology,1432
DDS.N,Consumer Discretionary,1433
ENOV.N,Health Care,1434
PVH.N,Consumer Discretionary,1435
NOC.N,Industrials,1436
MODG.N,Consumer Discretionary,1437
AAP.N,Consumer Discretionary,1438
TWNK.OQ,Consumer Staples,1439
STE.N,Health Care,1440
REAL.OQ,Consumer Discretionary,1441
TPR.N,Consumer Discretionary,1442
ALNY.OQ,Health Care,1443
TXT.N,Industrials,1444
B.N,Industrials,1445
IPI.N,Basic Materials,1446
KHC.OQ,Consumer Staples,1447
FLO.N,Consumer Staples,1448
IFF.N,Basic Materials,1449
CTS.N,Technology,1450
NKE.N,Consumer Discretionary,1451
ITT.N,Industrials,1452
IEX.N,Industrials,1453
GLW.N,Technology,1454
ARNC.N,Basic Materials,1455
RLAY.OQ,Health Care,1456
NWSA.OQ,Consumer Discretionary,1457
HWM.N,Industrials,1458
THO.N,Consumer Discretionary,1459
VC.OQ,Consumer Discretionary,1460
PGEN.OQ,Health Care,1461
ARCB.OQ,Industrials,1462
INFN.OQ,Telecommunications,1463
AMED.OQ,Health Care,1464
LEA.N,Consumer Discretionary,1465
INGN.OQ,Health Care,1466
KTB.N,Consumer Discretionary,1467
IDXX.OQ,Health Care,1468
MX.N,Technology,1469
IPG.N,Consumer Discretionary,1470
ADP.OQ,Industrials,1471
WIRE.OQ,Industrials,1472
SRPT.OQ,Health Care,1473
TIGO.OQ,Telecommunications,1474
CAH.N,Health Care,1475
AEE.N,Utilities,1476
NOTV.OQ,Health Care,1477
HOG.N,Consumer Discretionary,1478
MLAB.OQ,Industrials,1479
MASI.OQ,Health Care,1480
CVNA.N,Consumer Discretionary,1481
ESI.N,Basic Materials,1482
TMST.N,Basic Materials,1483
CRS.N,Basic Materials,1484
NVCR.OQ,Health Care,1485
HEI.N,Industrials,1486
ZTS.N,Health Care,1487
PPG.N,Industrials,1488
GWW.N,Industrials,1489
MGTA.OQ,Health Care,1490
HLIT.OQ,Telecommunications,1491
LE.OQ,Consumer Discretionary,1492
ATO.N,Utilities,1493
FTV.N,Industrials,1494
NGVT.N,Basic Materials,1495
OGS.N,Utilities,1496
PLCE.OQ,Consumer Discretionary,1497
PAA.OQ,Energy,1498
DVA.N,Health Care,1499
UBER.N,Consumer Discretionary,1500
SRRK.OQ,Health Care,1501
LYFT.OQ,Consumer Discretionary,1502
AXON.OQ,Industrials,1503
NSC.N,Industrials,1504
TKR.N,Basic Materials,1505
BGS.N,Consumer Staples,1506
MKC.N,Consumer Staples,1507
HSIC.OQ,Health Care,1508
STX.OQ,Technology,1509
TSN.N,Consumer Staples,1510
CSX.OQ,Industrials,1511
GPC.N,Consumer Discretionary,1512
MPLN.N,Health Care,1513
AVA.N,Utilities,1514
WOR.N,Basic Materials,1515
SAM.N,Consumer Staples,1516
DAR.N,Consumer Staples,1517
RYN.N,Real Estate,1518
HSY.N,Consumer Staples,1519
CC.N,Basic Materials,1520
OGE.N,Utilities,1521
PAYX.OQ,Industrials,1522
PII.N,Consumer Discretionary,1523
BR.N,Financials,1524
TTC.N,Industrials,1525
CEQP.N,Energy,1526
WEN.OQ,Consumer Discretionary,1527
AWI.N,Industrials,1528
IRWD.OQ,Health Care,1529
KAR.N,Consumer Discretionary,1530
SWI.N,Technology,1531
FATE.OQ,Health Care,1532
ENR.N,Consumer Staples,1533
ADM.N,Consumer Staples,1534
LW.N,Consumer Staples,1535
GNTX.OQ,Consumer Discretionary,1536
HII.N,Industrials,1537
BPMC.OQ,Health Care,1538
FBHS.N,Industrials,1539
VSH.N,Technology,1540
HRL.N,Consumer Staples,1541
CENT.OQ,Consumer Discretionary,1542
SPR.N,Industrials,1543
PMVP.OQ,Health Care,1544
BURL.N,Consumer Discretionary,1545
WGO.N,Consumer Discretionary,1546
GEO.N,Real Estate,1547
RETA.OQ,Health Care,1548
ANNX.OQ,Health Care,1549
LEVI.N,Consumer Discretionary,1550
SWX.N,Utilities,1551
CAG.N,Consumer Staples,1552
PAHC.OQ,Health Care,1553
PAGP.OQ,Energy,1554
NOMD.N,Consumer Staples,1555
OMC.N,Consumer Discretionary,1556
NI.N,Utilities,1557
VMW.N,Technology,1558
PNR.N,Industrials,1559
APPF.OQ,Technology,1560
URBN.OQ,Consumer Discretionary,1561
AVNS.N,Health Care,1562
CHD.N,Consumer Staples,1563
OMI.N,Health Care,1564
AKAM.OQ,Technology,1565
DORM.OQ,Consumer Discretionary,1566
FIVE.OQ,Consumer Discretionary,1567
BG.N,Consumer Staples,1568
TPIC.OQ,Energy,1569
SSTI.OQ,Industrials,1570
DG.N,Consumer Discretionary,1571
FGEN.OQ,Health Care,1572
ALE.N,Utilities,1573
ADSK.OQ,Technology,1574
MOD.N,Industrials,1575
UGI.N,Utilities,1576
MD.N,Health Care,1577
PRPL.OQ,Consumer Discretionary,1578
DAVA.N,Technology,1579
BAND.OQ,Technology,1580
CHRW.OQ,Industrials,1581
XRX.OQ,Technology,1582
BC.N,Industrials,1583
CTVA.N,Consumer Staples,1584
BLUE.OQ,Health Care,1585
AMCX.OQ,Consumer Discretionary,1586
APTV.N,Consumer Discretionary,1587
MTEM.OQ,Health Care,1588
DLTR.OQ,Consumer Discretionary,1589
JWN.N,Consumer Discretionary,1590
SCHN.OQ,Basic Materials,1591
PINS.N,Technology,1592
KAMN.N,Industrials,1593
CRNC.OQ,Technology,1594
CSTE.OQ,Industrials,1595
GIS.N,Consumer Staples,1596
ALV.N,Consumer Discretionary,1597
ENS.N,Industrials,1598
EAR.OQ,Health Care,1599
CXW.N,Industrials,1600
FCN.N,Industrials,1601
DLX.N,Industrials,1602
SR.N,Utilities,1603
RPM.N,Industrials,1604
CDMO.OQ,Health Care,1605
CVGW.OQ,Consumer Staples,1606
TAP.N,Consumer Staples,1607
SRI.N,Consumer Discretionary,1608
GO.OQ,Consumer Staples,1609
SJM.N,Consumer Staples,1610
LANC.OQ,Consumer Staples,1611
K.N,Consumer Staples,1612
THS.N,Consumer Staples,1613
REYN.OQ,Consumer Staples,1614
EPC.N,Consumer Staples,1615
IIIN.N,Industrials,1616
GEL.N,Energy,1617
STNE.OQ,Industrials,1618
CNP.N,Utilities,1619
OLLI.OQ,Consumer Discretionary,1620
AMWD.OQ,Industrials,1621
MDRX.OQ,Technology,1622
PTON.OQ,Consumer Discretionary,1623
HAIN.OQ,Consumer Staples,1624
ILMN.OQ,Health Care,1625
BIG.N,Consumer Discretionary,1626
YSG.N,Consumer Discretionary,1627
FIVN.OQ,Technology,1628
SLQT.N,Consumer Discretionary,1629
ZM.OQ,Technology,1630
