Instrument,ICB Industry name,Rank
DECK.N,Consumer Discretionary,1
GOCO.OQ,Financials,2
MEC.N,Industrials,3
EDAP.OQ,Health Care,4
TGLS.N,Industrials,5
CLFD.OQ,Telecommunications,6
ANIP.OQ,Health Care,7
TMCI.OQ,Health Care,8
GAMB.OQ,Consumer Discretionary,9
MED.N,Consumer Staples,10
IBEX.OQ,Industrials,11
IIIV.OQ,Industrials,12
QTRX.OQ,Health Care,13
JJSF.OQ,Consumer Staples,14
HAE.N,Health Care,15
CRAI.OQ,Industrials,16
HCCI.OQ,Utilities,17
NOC.N,Industrials,18
CACI.N,Technology,19
RDNT.OQ,Health Care,20
IPAR.OQ,Consumer Discretionary,21
CVCO.OQ,Consumer Discretionary,22
CLH.N,Utilities,23
BASE.OQ,Technology,24
INSP.N,Health Care,25
FC.N,Industrials,26
CWST.OQ,Utilities,27
PERI.OQ,Technology,28
CECE.OQ,Industrials,29
RANI.OQ,Health Care,30
CSL.N,Industrials,31
AMK.N,Financials,32
MASI.OQ,Health Care,33
EXP.N,Industrials,34
STRL.OQ,Industrials,35
BKNG.OQ,Consumer Discretionary,36
USNA.N,Consumer Staples,37
OTTR.OQ,Industrials,38
CTRN.OQ,Consumer Discretionary,39
RICK.OQ,Consumer Discretionary,40
PDSB.OQ,Health Care,41
BURL.N,Consumer Discretionary,42
LYTS.OQ,Industrials,43
HI.N,Industrials,44
WTW.OQ,Financials,45
FWONA.OQ,Consumer Discretionary,46
RYI.N,Basic Materials,47
KOP.N,Basic Materials,48
MMS.N,Industrials,49
IIIN.N,Industrials,50
BCAB.OQ,Health Care,51
EXPE.OQ,Consumer Discretionary,52
PDFS.OQ,Technology,53
ATKR.N,Industrials,54
MTD.N,Industrials,55
SLVM.N,Basic Materials,56
ACM.N,Industrials,57
XPEL.OQ,Consumer Discretionary,58
NWPX.OQ,Basic Materials,59
SKYT.OQ,Technology,60
MOH.N,Health Care,61
DIOD.OQ,Technology,62
BERY.N,Industrials,63
QURE.OQ,Health Care,64
MTN.N,Consumer Discretionary,65
CDRE.N,Industrials,66
COLM.OQ,Consumer Discretionary,67
PHR.N,Health Care,68
BAND.OQ,Technology,69
HDSN.OQ,Industrials,70
ABC.N,Consumer Staples,71
BOOT.N,Consumer Discretionary,72
EXLS.OQ,Industrials,73
UTHR.OQ,Health Care,74
KAI.N,Industrials,75
SEE.N,Industrials,76
R.N,Industrials,77
HRT.N,Industrials,78
ANF.N,Consumer Discretionary,79
SCPL.OQ,Consumer Discretionary,80
LMT.N,Industrials,81
TMDX.OQ,Health Care,82
HSII.OQ,Industrials,83
HII.N,Industrials,84
SGHT.OQ,Health Care,85
AGCO.N,Industrials,86
CBZ.N,Industrials,87
FLL.OQ,Consumer Discretionary,88
MSA.N,Industrials,89
VMI.N,Industrials,90
FUL.N,Industrials,91
ASIX.N,Basic Materials,92
SPH.N,Consumer Discretionary,93
IBP.N,Industrials,94
CHEF.OQ,Consumer Staples,95
LNN.N,Industrials,96
WLKP.N,Basic Materials,97
SCHN.OQ,Basic Materials,98
ICFI.OQ,Industrials,99
PFSW.OQ,Industrials,100
SCVL.OQ,Consumer Discretionary,101
RS.N,Basic Materials,102
UTL.N,Utilities,103
ECVT.N,Basic Materials,104
MATW.OQ,Consumer Discretionary,105
MCFT.OQ,Consumer Discretionary,106
TFX.N,Health Care,107
RMAX.N,Real Estate,108
EPAM.N,Technology,109
KWR.N,Basic Materials,110
BBSI.OQ,Industrials,111
DORM.OQ,Consumer Discretionary,112
ULTA.OQ,Consumer Discretionary,113
FIX.N,Industrials,114
KAMN.N,Industrials,115
TNET.N,Industrials,116
ALG.N,Industrials,117
LIVN.OQ,Health Care,118
RGNX.OQ,Health Care,119
MCRI.OQ,Consumer Discretionary,120
USPH.N,Health Care,121
BCOR.OQ,Financials,122
POST.N,Consumer Staples,123
FHI.N,Financials,124
SILK.OQ,Health Care,125
PEN.N,Health Care,126
BRP.OQ,Financials,127
CEIX.N,Energy,128
AVA.N,Utilities,129
VIPS.N,Consumer Discretionary,130
LXU.N,Basic Materials,131
CIR.N,Industrials,132
LOPE.OQ,Consumer Discretionary,133
FCFS.OQ,Financials,134
HURN.OQ,Industrials,135
GDEN.OQ,Consumer Discretionary,136
CVRX.OQ,Health Care,137
CNC.N,Health Care,138
CE.N,Basic Materials,139
LDOS.N,Technology,140
IAS.OQ,Consumer Discretionary,141
AIR.N,Industrials,142
ELF.N,Consumer Discretionary,143
LNTH.OQ,Health Care,144
KRT.OQ,Industrials,145
CALX.N,Telecommunications,146
TTEC.OQ,Industrials,147
SRDX.OQ,Health Care,148
CXW.N,Industrials,149
JBL.N,Technology,150
ATGE.N,Consumer Discretionary,151
ACLS.OQ,Technology,152
NBIX.OQ,Health Care,153
DOOR.N,Industrials,154
CPSI.OQ,Health Care,155
DYN.OQ,Health Care,156
AVY.N,Basic Materials,157
MUSA.N,Consumer Discretionary,158
ENV.N,Technology,159
HNRG.OQ,Energy,160
NSIT.OQ,Technology,161
MGPI.OQ,Consumer Staples,162
IHS.N,Telecommunications,163
PATK.OQ,Industrials,164
GWRS.OQ,Utilities,165
PRIM.OQ,Industrials,166
MMSI.OQ,Health Care,167
RNGR.N,Energy,168
HROW.OQ,Health Care,169
VRSK.OQ,Industrials,170
EGIO.OQ,Technology,171
VC.OQ,Consumer Discretionary,172
CASY.OQ,Consumer Staples,173
CHE.N,Health Care,174
AMR.N,Energy,175
SAIC.N,Technology,176
GWW.N,Industrials,177
ENR.N,Consumer Staples,178
SUN.N,Energy,179
THR.N,Industrials,180
AVD.N,Basic Materials,181
TIGO.OQ,Telecommunications,182
MASS.OQ,Health Care,183
VRTS.OQ,Financials,184
TDY.N,Industrials,185
PVH.N,Consumer Discretionary,186
HSTM.OQ,Health Care,187
PNW.N,Utilities,188
NFG.N,Utilities,189
SHEN.OQ,Telecommunications,190
H.N,Consumer Discretionary,191
CW.N,Industrials,192
WTS.N,Industrials,193
DOX.OQ,Technology,194
AVNT.N,Basic Materials,195
NDSN.OQ,Industrials,196
METC.OQ,Energy,197
SPB.N,Consumer Staples,198
IT.N,Technology,199
ARCH.N,Energy,200
SHW.N,Industrials,201
SR.N,Utilities,202
GDOT.N,Industrials,203
ARHS.OQ,Consumer Discretionary,204
SKY.N,Consumer Discretionary,205
BKH.N,Utilities,206
EEFT.OQ,Industrials,207
OEC.N,Basic Materials,208
MKSI.OQ,Industrials,209
MSTR.OQ,Technology,210
AMPH.OQ,Health Care,211
AON.N,Financials,212
FLT.N,Industrials,213
DLB.N,Technology,214
CCRN.OQ,Industrials,215
SAM.N,Consumer Staples,216
INGR.N,Consumer Staples,217
FORR.OQ,Industrials,218
CERT.OQ,Health Care,219
STRA.OQ,Consumer Discretionary,220
ITGR.N,Health Care,221
OM.OQ,Health Care,222
ZD.OQ,Technology,223
TSEM.OQ,Technology,224
MLNK.N,Technology,225
VVI.N,Consumer Discretionary,226
LE.OQ,Consumer Discretionary,227
IPSC.OQ,Health Care,228
VMC.N,Industrials,229
MANU.N,Consumer Discretionary,230
ALGT.OQ,Consumer Discretionary,231
ENVA.N,Financials,232
POWL.OQ,Industrials,233
AMED.OQ,Health Care,234
GTLS.N,Industrials,235
ZEUS.OQ,Basic Materials,236
AJRD.N,Industrials,237
ARNC.N,Basic Materials,238
NUVA.OQ,Health Care,239
REGN.OQ,Health Care,240
PLXS.OQ,Technology,241
ITCI.OQ,Health Care,242
RL.N,Consumer Discretionary,243
MX.N,Technology,244
CMP.N,Basic Materials,245
CRTO.OQ,Technology,246
RGP.OQ,Industrials,247
UNF.N,Industrials,248
STE.N,Health Care,249
ABG.N,Consumer Discretionary,250
PBH.N,Health Care,251
G.N,Industrials,252
BIOX.OQ,Basic Materials,253
HSC.N,Utilities,254
STZ.N,Consumer Staples,255
ASC.N,Industrials,256
BTAI.OQ,Health Care,257
CSGS.OQ,Technology,258
NWE.OQ,Utilities,259
MAXN.OQ,Energy,260
ASTE.OQ,Industrials,261
FN.N,Technology,262
UCTT.OQ,Technology,263
LFUS.OQ,Industrials,264
SON.N,Industrials,265
ENSG.OQ,Health Care,266
CBT.N,Basic Materials,267
PLOW.N,Industrials,268
BWXT.N,Industrials,269
XPER.OQ,Technology,270
NOMD.N,Consumer Staples,271
PTCT.OQ,Health Care,272
LAMR.OQ,Real Estate,273
NWN.N,Utilities,274
AGX.N,Industrials,275
SYNH.OQ,Health Care,276
B.N,Industrials,277
KFRC.OQ,Industrials,278
SXT.N,Basic Materials,279
RRR.OQ,Consumer Discretionary,280
TRS.OQ,Industrials,281
BLD.N,Industrials,282
TKR.N,Basic Materials,283
SKYW.OQ,Consumer Discretionary,284
AIT.N,Industrials,285
UNFI.N,Consumer Staples,286
ABM.N,Industrials,287
SP.OQ,Industrials,288
ROST.OQ,Consumer Discretionary,289
NGVT.N,Basic Materials,290
CROX.OQ,Consumer Discretionary,291
WAT.N,Industrials,292
BLKB.OQ,Technology,293
THC.N,Health Care,294
FNKO.OQ,Consumer Discretionary,295
WCC.N,Industrials,296
AGYS.OQ,Technology,297
KNSA.OQ,Health Care,298
TEX.N,Industrials,299
IOSP.OQ,Basic Materials,300
HTLD.OQ,Industrials,301
COST.OQ,Consumer Discretionary,302
AMRC.N,Energy,303
IRTC.OQ,Health Care,304
BCC.N,Basic Materials,305
CMC.N,Basic Materials,306
GPI.N,Consumer Discretionary,307
ESE.N,Industrials,308
AVAV.OQ,Industrials,309
RUSHA.OQ,Consumer Discretionary,310
TTEK.OQ,Industrials,311
JBT.N,Industrials,312
TTMI.OQ,Technology,313
FCN.N,Industrials,314
JKHY.OQ,Industrials,315
ATR.N,Industrials,316
EVR.N,Financials,317
SJM.N,Consumer Staples,318
NJR.N,Utilities,319
DGII.OQ,Telecommunications,320
OPCH.OQ,Health Care,321
ALE.N,Utilities,322
AY.OQ,Utilities,323
OSTK.OQ,Consumer Discretionary,324
VTYX.OQ,Health Care,325
AGTI.N,Health Care,326
DCO.N,Industrials,327
BDC.N,Industrials,328
EPC.N,Consumer Staples,329
CTAS.OQ,Industrials,330
OFIX.OQ,Health Care,331
ANDE.OQ,Consumer Staples,332
INST.N,Consumer Discretionary,333
WK.N,Technology,334
LMAT.OQ,Health Care,335
PCH.OQ,Real Estate,336
NTRA.OQ,Health Care,337
BDX.N,Health Care,338
SWAV.OQ,Health Care,339
OXM.N,Consumer Discretionary,340
SMPL.OQ,Consumer Staples,341
HSY.N,Consumer Staples,342
CMCO.OQ,Industrials,343
APOG.OQ,Industrials,344
DVA.N,Health Care,345
GFF.N,Industrials,346
ACHC.OQ,Health Care,347
ZBRA.OQ,Industrials,348
INTA.OQ,Technology,349
EHC.N,Health Care,350
MAN.N,Industrials,351
OLED.OQ,Technology,352
TRVG.OQ,Consumer Discretionary,353
ALPN.OQ,Health Care,354
PRTA.OQ,Health Care,355
LHX.N,Industrials,356
MSM.N,Industrials,357
BALY.N,Consumer Discretionary,358
KRUS.OQ,Consumer Discretionary,359
PX.N,Financials,360
LSTR.OQ,Industrials,361
WOR.N,Basic Materials,362
EQIX.OQ,Real Estate,363
SRCL.OQ,Utilities,364
WIX.OQ,Technology,365
EPAC.N,Industrials,366
ATNI.OQ,Telecommunications,367
DFIN.N,Industrials,368
WFRD.OQ,Energy,369
HCC.N,Energy,370
KLTR.OQ,Telecommunications,371
ICE.N,Financials,372
SCL.N,Basic Materials,373
SLAB.OQ,Technology,374
CHDN.OQ,Consumer Discretionary,375
AXNX.OQ,Health Care,376
ALSN.N,Industrials,377
ARLP.OQ,Energy,378
MYRG.OQ,Industrials,379
COCO.OQ,Consumer Staples,380
RPAY.OQ,Industrials,381
FATH.N,Industrials,382
AXL.N,Consumer Discretionary,383
HQY.OQ,Health Care,384
HUBS.N,Technology,385
MNDY.OQ,Technology,386
FORM.OQ,Technology,387
KLAC.OQ,Technology,388
EVBG.OQ,Technology,389
CVLT.OQ,Technology,390
ASH.N,Basic Materials,391
NX.N,Industrials,392
CHD.N,Consumer Staples,393
BCPC.OQ,Basic Materials,394
WNS.N,Industrials,395
SEDG.OQ,Energy,396
RPM.N,Industrials,397
SLGN.N,Industrials,398
SSYS.OQ,Technology,399
ACA.N,Energy,400
CTLP.OQ,Industrials,401
USAC.N,Energy,402
NVT.N,Industrials,403
TPIC.OQ,Energy,404
BL.OQ,Technology,405
MLM.N,Industrials,406
FDS.N,Financials,407
AAON.OQ,Industrials,408
SIG.N,Consumer Discretionary,409
CME.OQ,Financials,410
QNST.OQ,Consumer Discretionary,411
AEIS.OQ,Technology,412
NSC.N,Industrials,413
ANIK.OQ,Health Care,414
EAF.N,Basic Materials,415
AMRX.N,Health Care,416
SSD.N,Industrials,417
HUMA.OQ,Health Care,418
RRX.N,Industrials,419
MRCY.OQ,Industrials,420
STVN.N,Health Care,421
NVRO.N,Health Care,422
AVNS.N,Health Care,423
MANH.OQ,Technology,424
ROLL.OQ,Basic Materials,425
KEX.N,Industrials,426
PPG.N,Industrials,427
LQDA.OQ,Health Care,428
EVC.N,Consumer Discretionary,429
PPC.OQ,Consumer Staples,430
FA.OQ,Industrials,431
WMG.OQ,Consumer Discretionary,432
FL.N,Consumer Discretionary,433
ALV.N,Consumer Discretionary,434
HLIO.N,Industrials,435
ALLK.OQ,Health Care,436
LAD.N,Consumer Discretionary,437
FWRD.OQ,Industrials,438
FIZZ.OQ,Consumer Staples,439
KBR.N,Technology,440
FMC.N,Basic Materials,441
CWENa.N,Utilities,442
ICUI.OQ,Health Care,443
BFAM.N,Consumer Discretionary,444
KRYS.OQ,Health Care,445
SHAK.N,Consumer Discretionary,446
CSTM.N,Basic Materials,447
SMCI.OQ,Technology,448
UFPI.OQ,Basic Materials,449
PZZA.OQ,Consumer Discretionary,450
FE.N,Utilities,451
GPP.OQ,Energy,452
ALGM.OQ,Technology,453
FELE.OQ,Industrials,454
RSG.N,Utilities,455
CARS.N,Consumer Discretionary,456
AME.N,Industrials,457
VOXX.OQ,Consumer Discretionary,458
ANSS.OQ,Technology,459
CRI.N,Consumer Discretionary,460
BWMX.OQ,Consumer Staples,461
SANM.OQ,Technology,462
ODP.OQ,Consumer Discretionary,463
PSN.N,Technology,464
WLY.N,Consumer Discretionary,465
AJG.N,Financials,466
XENE.OQ,Health Care,467
CTS.N,Technology,468
DHX.N,Industrials,469
PETQ.OQ,Health Care,470
NEXA.N,Basic Materials,471
FLGT.OQ,Health Care,472
RYAN.N,Financials,473
MCS.N,Consumer Discretionary,474
NN.OQ,Technology,475
AMN.N,Industrials,476
OGS.N,Utilities,477
BRC.N,Industrials,478
RYAM.N,Basic Materials,479
BIIB.OQ,Health Care,480
DADA.OQ,Technology,481
NTCT.OQ,Technology,482
COLL.OQ,Health Care,483
BBCP.OQ,Industrials,484
CSV.N,Consumer Discretionary,485
GDDY.N,Technology,486
DCI.N,Industrials,487
MIDD.OQ,Industrials,488
DAVA.N,Technology,489
FDX.N,Industrials,490
ADP.OQ,Industrials,491
LPX.N,Industrials,492
AYI.N,Industrials,493
ALLE.N,Industrials,494
MWA.N,Industrials,495
CBRL.OQ,Consumer Discretionary,496
BG.N,Consumer Staples,497
TH.OQ,Industrials,498
EVH.N,Health Care,499
CSTL.OQ,Health Care,500
MELI.OQ,Consumer Discretionary,501
CAMT.OQ,Technology,502
FRG.OQ,Consumer Discretionary,503
MOD.N,Industrials,504
ALTR.OQ,Technology,505
SUPN.OQ,Health Care,506
ALEX.N,Real Estate,507
SSP.OQ,Consumer Discretionary,508
URBN.OQ,Consumer Discretionary,509
VICR.OQ,Industrials,510
PODD.OQ,Health Care,511
OSIS.OQ,Industrials,512
PTLO.OQ,Consumer Discretionary,513
FOXF.OQ,Consumer Discretionary,514
MA.N,Industrials,515
EAR.OQ,Health Care,516
WKME.OQ,Technology,517
EGRX.OQ,Health Care,518
UTZ.N,Consumer Staples,519
EL.N,Consumer Discretionary,520
AZTA.OQ,Health Care,521
ALK.N,Consumer Discretionary,522
AGIO.OQ,Health Care,523
AIN.N,Industrials,524
HAS.OQ,Consumer Discretionary,525
PTVE.OQ,Industrials,526
ITRI.OQ,Industrials,527
AN.N,Consumer Discretionary,528
TSCO.OQ,Consumer Discretionary,529
WEN.OQ,Consumer Discretionary,530
NVMI.OQ,Technology,531
BCO.N,Industrials,532
GD.N,Industrials,533
BC.N,Industrials,534
HUBG.OQ,Industrials,535
NS.N,Energy,536
KN.N,Consumer Discretionary,537
PSMT.OQ,Consumer Discretionary,538
NOVT.OQ,Technology,539
ACCO.N,Consumer Staples,540
SHOO.OQ,Consumer Discretionary,541
BRO.N,Financials,542
SPTN.OQ,Consumer Staples,543
RXST.OQ,Health Care,544
IDCC.OQ,Telecommunications,545
SRPT.OQ,Health Care,546
CAT.N,Industrials,547
TNK.N,Industrials,548
SEIC.OQ,Financials,549
LECO.OQ,Industrials,550
CNDT.OQ,Industrials,551
PCVX.OQ,Health Care,552
TBLA.OQ,Technology,553
MTRN.N,Basic Materials,554
ARKO.OQ,Consumer Discretionary,555
GES.N,Consumer Discretionary,556
USFD.N,Consumer Staples,557
ENPH.OQ,Energy,558
MATX.N,Industrials,559
CALM.OQ,Consumer Staples,560
SYNA.OQ,Technology,561
CVEO.N,Energy,562
CNXC.OQ,Technology,563
BIO.N,Health Care,564
SIMO.OQ,Technology,565
ASGN.N,Industrials,566
WWD.OQ,Industrials,567
PRGS.OQ,Technology,568
TYL.N,Technology,569
J.N,Industrials,570
DGX.N,Health Care,571
THRM.OQ,Consumer Discretionary,572
TSE.N,Industrials,573
ACN.N,Industrials,574
HRI.N,Industrials,575
RH.N,Consumer Discretionary,576
QRVO.OQ,Technology,577
LCII.N,Consumer Discretionary,578
WERN.OQ,Industrials,579
SNPS.OQ,Technology,580
DTE.N,Utilities,581
MODN.N,Technology,582
TMO.N,Health Care,583
DKS.N,Consumer Discretionary,584
ATRC.OQ,Health Care,585
PGTI.N,Industrials,586
SST.N,Technology,587
PTGX.OQ,Health Care,588
BAH.N,Industrials,589
IGT.N,Consumer Discretionary,590
IMCR.OQ,Health Care,591
KFY.N,Industrials,592
SITM.OQ,Technology,593
ENOV.N,Health Care,594
AWI.N,Industrials,595
SOVO.OQ,Consumer Staples,596
PKG.N,Industrials,597
CRNC.OQ,Technology,598
ZBH.N,Health Care,599
AKYA.OQ,Health Care,600
WLK.N,Basic Materials,601
AMWD.OQ,Industrials,602
APD.N,Basic Materials,603
SMP.N,Consumer Discretionary,604
CVGW.OQ,Consumer Staples,605
SHC.OQ,Health Care,606
EMN.N,Basic Materials,607
CCK.N,Industrials,608
QSR.N,Consumer Discretionary,609
CPRI.N,Consumer Discretionary,610
CAPL.N,Energy,611
CWAN.N,Financials,612
BYD.N,Consumer Discretionary,613
HPK.OQ,Energy,614
UHS.N,Health Care,615
SPNS.OQ,Technology,616
CEQP.N,Energy,617
KTB.N,Consumer Discretionary,618
MTX.N,Basic Materials,619
DSGR.OQ,Industrials,620
CTV.N,Technology,621
WNC.N,Industrials,622
NRDS.OQ,Technology,623
GIII.OQ,Consumer Discretionary,624
BJRI.OQ,Consumer Discretionary,625
NUE.N,Basic Materials,626
PDD.OQ,Technology,627
PEP.OQ,Consumer Staples,628
GMS.N,Industrials,629
LNT.OQ,Utilities,630
NVEE.OQ,Industrials,631
AVGO.OQ,Technology,632
PRFT.OQ,Technology,633
NPO.N,Industrials,634
ARDX.OQ,Health Care,635
MTZ.N,Industrials,636
KIDS.OQ,Health Care,637
MLAB.OQ,Industrials,638
LOVE.OQ,Consumer Discretionary,639
TILE.OQ,Consumer Discretionary,640
VSTO.N,Consumer Discretionary,641
BROS.N,Consumer Discretionary,642
SKX.N,Consumer Discretionary,643
SHLS.OQ,Energy,644
ICLR.OQ,Health Care,645
KEYS.N,Industrials,646
COHU.OQ,Technology,647
III.OQ,Industrials,648
PLAY.OQ,Consumer Discretionary,649
TTC.N,Industrials,650
CBRE.N,Real Estate,651
SBOW.N,Energy,652
HLT.N,Consumer Discretionary,653
HNI.N,Consumer Discretionary,654
NDAQ.OQ,Financials,655
PAYC.N,Technology,656
FSS.N,Industrials,657
HY.N,Industrials,658
AEP.OQ,Utilities,659
X.N,Basic Materials,660
GPC.N,Consumer Discretionary,661
A.N,Health Care,662
TTWO.OQ,Consumer Discretionary,663
MERC.OQ,Basic Materials,664
SNX.N,Technology,665
HCAT.OQ,Health Care,666
WHD.N,Energy,667
AFYA.OQ,Consumer Discretionary,668
IFF.N,Basic Materials,669
WH.N,Consumer Discretionary,670
TNC.N,Industrials,671
AKRO.OQ,Health Care,672
VNOM.OQ,Energy,673
APPF.OQ,Technology,674
BBY.N,Consumer Discretionary,675
SPR.N,Industrials,676
IRDM.OQ,Telecommunications,677
RADI.OQ,Real Estate,678
IDXX.OQ,Health Care,679
KALU.OQ,Basic Materials,680
RSVR.OQ,Consumer Discretionary,681
GVA.N,Industrials,682
VRAY.OQ,Health Care,683
LNDC.OQ,Consumer Staples,684
EVER.OQ,Technology,685
IART.OQ,Health Care,686
TDC.N,Technology,687
QLYS.OQ,Technology,688
SITE.N,Consumer Discretionary,689
WAB.N,Industrials,690
SNDR.N,Industrials,691
WGO.N,Consumer Discretionary,692
DOV.N,Industrials,693
KMB.N,Consumer Staples,694
OLLI.OQ,Consumer Discretionary,695
GH.OQ,Health Care,696
SAH.N,Consumer Discretionary,697
MTW.N,Industrials,698
EVTC.N,Industrials,699
AUDC.OQ,Telecommunications,700
OII.N,Energy,701
STNE.OQ,Industrials,702
FLO.N,Consumer Staples,703
RARE.OQ,Health Care,704
ROCK.OQ,Industrials,705
DENN.OQ,Consumer Discretionary,706
MCO.N,Financials,707
WWW.N,Consumer Discretionary,708
ARCE.OQ,Consumer Discretionary,709
ABBV.N,Health Care,710
TDS.N,Telecommunications,711
HXL.N,Basic Materials,712
ASND.OQ,Health Care,713
DDS.N,Consumer Discretionary,714
CHGG.N,Consumer Discretionary,715
WRK.N,Industrials,716
INT.N,Energy,717
ICHR.OQ,Technology,718
HZNP.OQ,Health Care,719
HLIT.OQ,Telecommunications,720
DXC.N,Technology,721
REYN.OQ,Consumer Staples,722
HESM.N,Energy,723
LGND.OQ,Health Care,724
FLEX.OQ,Technology,725
WDAY.OQ,Technology,726
ENS.N,Industrials,727
RMBS.OQ,Technology,728
LZB.N,Consumer Discretionary,729
UNVR.N,Basic Materials,730
OLN.N,Basic Materials,731
MAR.OQ,Consumer Discretionary,732
POWI.OQ,Technology,733
UNP.N,Industrials,734
ESI.N,Basic Materials,735
UPS.N,Industrials,736
ADM.N,Consumer Staples,737
ACI.N,Consumer Staples,738
SXC.N,Energy,739
RMD.N,Health Care,740
EWCZ.OQ,Consumer Discretionary,741
CDNS.OQ,Technology,742
JELD.N,Industrials,743
ROK.N,Industrials,744
ARCB.OQ,Industrials,745
ATRO.OQ,Industrials,746
THRY.OQ,Consumer Discretionary,747
AZZ.N,Industrials,748
AXON.OQ,Industrials,749
WSC.OQ,Industrials,750
JKS.N,Energy,751
YELP.N,Technology,752
MIRM.OQ,Health Care,753
LXFR.N,Industrials,754
GXO.N,Industrials,755
RVMD.OQ,Health Care,756
QDEL.OQ,Health Care,757
CLDX.OQ,Health Care,758
BFb.N,Consumer Staples,759
PUBM.OQ,Technology,760
DRI.N,Consumer Discretionary,761
WEC.N,Utilities,762
LASR.OQ,Technology,763
REVG.N,Industrials,764
SYK.N,Health Care,765
HEI.N,Industrials,766
PRDO.OQ,Consumer Discretionary,767
DUOL.OQ,Consumer Discretionary,768
CASA.OQ,Telecommunications,769
EOLS.OQ,Health Care,770
CRS.N,Basic Materials,771
SKIL.N,Industrials,772
NFE.OQ,Energy,773
TNP.N,Industrials,774
INTU.OQ,Technology,775
URI.N,Industrials,776
GLNG.OQ,Energy,777
EGLE.OQ,Industrials,778
QGEN.N,Health Care,779
PAG.N,Consumer Discretionary,780
IQV.N,Health Care,781
KHC.OQ,Consumer Staples,782
NDLS.OQ,Consumer Discretionary,783
SLP.OQ,Technology,784
FIVN.OQ,Technology,785
TREE.OQ,Financials,786
BKI.N,Technology,787
LH.N,Health Care,788
GEL.N,Energy,789
GPOR.N,Energy,790
FIS.N,Industrials,791
PLCE.OQ,Consumer Discretionary,792
GLOP.N,Industrials,793
VVV.N,Basic Materials,794
ARW.N,Technology,795
BMRN.OQ,Health Care,796
ZG.OQ,Real Estate,797
BIDU.OQ,Technology,798
VRNT.OQ,Technology,799
MTSI.OQ,Technology,800
WM.N,Utilities,801
DAC.N,Industrials,802
SNA.N,Industrials,803
VITL.OQ,Consumer Staples,804
ED.N,Utilities,805
ADBE.OQ,Technology,806
LSCC.OQ,Technology,807
CHRD.OQ,Energy,808
SEMR.N,Technology,809
EVCM.OQ,Technology,810
TXRH.OQ,Consumer Discretionary,811
TSN.N,Consumer Staples,812
DNUT.OQ,Consumer Discretionary,813
MMC.N,Financials,814
NOW.N,Technology,815
WST.N,Health Care,816
DLX.N,Industrials,817
YOU.N,Technology,818
AXTA.N,Industrials,819
BR.N,Financials,820
CENT.OQ,Consumer Discretionary,821
COUR.N,Consumer Discretionary,822
LPI.N,Energy,823
TGH.N,Industrials,824
SSNC.OQ,Technology,825
DNOW.N,Energy,826
INCY.OQ,Health Care,827
NXGN.OQ,Health Care,828
TWI.N,Industrials,829
DG.N,Consumer Discretionary,830
GPRK.N,Energy,831
AEE.N,Utilities,832
CPRT.OQ,Consumer Discretionary,833
ALKT.OQ,Technology,834
MNRO.OQ,Consumer Discretionary,835
LLY.N,Health Care,836
CHUY.OQ,Consumer Discretionary,837
NCR.N,Technology,838
TPC.N,Industrials,839
CRUS.OQ,Technology,840
RYN.N,Real Estate,841
SHCR.OQ,Health Care,842
BZUN.OQ,Technology,843
GMED.N,Health Care,844
GHC.N,Consumer Discretionary,845
APLS.OQ,Health Care,846
VSCO.N,Consumer Discretionary,847
NVGS.N,Industrials,848
EA.OQ,Consumer Discretionary,849
HWKN.OQ,Basic Materials,850
OMCL.OQ,Health Care,851
YEXT.N,Technology,852
SMTC.OQ,Technology,853
MEDP.OQ,Health Care,854
PEGA.OQ,Technology,855
CMS.N,Utilities,856
CAG.N,Consumer Staples,857
BRKR.OQ,Health Care,858
TXT.N,Industrials,859
TT.N,Industrials,860
LW.N,Consumer Staples,861
LEA.N,Consumer Discretionary,862
SPXC.N,Industrials,863
HALO.OQ,Health Care,864
IEX.N,Industrials,865
OPRA.OQ,Technology,866
FIVE.OQ,Consumer Discretionary,867
QTWO.N,Technology,868
GGG.N,Industrials,869
APG.N,Industrials,870
HON.OQ,Industrials,871
WDFC.OQ,Consumer Staples,872
OMI.N,Health Care,873
DXLG.OQ,Consumer Discretionary,874
IPI.N,Basic Materials,875
PTC.OQ,Technology,876
KURA.OQ,Health Care,877
LRN.N,Consumer Discretionary,878
JNPR.N,Telecommunications,879
CVLG.OQ,Industrials,880
FWRG.OQ,Consumer Discretionary,881
KOD.OQ,Health Care,882
VERX.OQ,Technology,883
LPG.N,Industrials,884
STLD.OQ,Basic Materials,885
AMT.N,Real Estate,886
DZSI.OQ,Telecommunications,887
PLAB.OQ,Technology,888
LYB.N,Basic Materials,889
DSKE.OQ,Industrials,890
PARR.N,Energy,891
TNDM.OQ,Health Care,892
ES.N,Utilities,893
EFX.N,Industrials,894
SWBI.OQ,Consumer Discretionary,895
WMT.N,Consumer Discretionary,896
POR.N,Utilities,897
HCKT.OQ,Technology,898
GEF.N,Industrials,899
ATSG.OQ,Industrials,900
SGH.OQ,Technology,901
SHYF.OQ,Industrials,902
SAIA.OQ,Industrials,903
CMI.N,Industrials,904
ZTS.N,Health Care,905
WTTR.N,Energy,906
MHK.N,Industrials,907
FVRR.N,Technology,908
NMRK.OQ,Real Estate,909
NI.N,Utilities,910
WHR.N,Consumer Discretionary,911
UFPT.OQ,Health Care,912
XNCR.OQ,Health Care,913
ADNT.N,Consumer Discretionary,914
PLUS.OQ,Technology,915
SUM.N,Industrials,916
TWKS.OQ,Technology,917
TPR.N,Consumer Discretionary,918
NETI.N,Industrials,919
PII.N,Consumer Discretionary,920
WOW.N,Telecommunications,921
BSM.N,Energy,922
NEP.N,Utilities,923
BRLT.OQ,Consumer Discretionary,924
PRTS.OQ,Consumer Discretionary,925
CYTK.OQ,Health Care,926
CTLT.N,Health Care,927
DV.N,Technology,928
ANGO.OQ,Health Care,929
CDMO.OQ,Health Care,930
TROX.N,Basic Materials,931
VNT.N,Industrials,932
HZO.N,Consumer Discretionary,933
TRMB.OQ,Industrials,934
AMGN.OQ,Health Care,935
AORT.N,Health Care,936
CRL.N,Health Care,937
TWNK.OQ,Consumer Staples,938
CYBR.OQ,Technology,939
ACIW.OQ,Industrials,940
WETF.OQ,Financials,941
ATO.N,Utilities,942
OI.N,Industrials,943
NABL.N,Technology,944
VRNS.OQ,Technology,945
FISV.OQ,Industrials,946
XPO.N,Industrials,947
VCEL.OQ,Health Care,948
DY.N,Industrials,949
KRNT.OQ,Industrials,950
ULH.OQ,Industrials,951
CPB.N,Consumer Staples,952
FULC.OQ,Health Care,953
RBOT.N,Health Care,954
PSFE.N,Industrials,955
CIEN.N,Telecommunications,956
INSW.N,Industrials,957
BJ.N,Consumer Discretionary,958
FSLR.OQ,Energy,959
GEO.N,Real Estate,960
EIX.N,Utilities,961
PGNY.OQ,Health Care,962
HSIC.OQ,Health Care,963
TAP.N,Consumer Staples,964
CODI.N,Financials,965
AOSL.OQ,Technology,966
VIAV.OQ,Telecommunications,967
ST.N,Industrials,968
WWE.N,Consumer Discretionary,969
DRVN.OQ,Consumer Discretionary,970
AMCX.OQ,Consumer Discretionary,971
NEWR.N,Technology,972
TRU.N,Industrials,973
BRY.OQ,Energy,974
USM.N,Telecommunications,975
ARLO.N,Consumer Discretionary,976
CMTL.OQ,Telecommunications,977
LUV.N,Consumer Discretionary,978
ALRM.OQ,Technology,979
PCRX.OQ,Health Care,980
ASO.OQ,Consumer Discretionary,981
NWSA.OQ,Consumer Discretionary,982
NTES.OQ,Consumer Discretionary,983
BIP.N,Utilities,984
GSL.N,Industrials,985
BTU.N,Energy,986
NATI.OQ,Technology,987
NXPI.OQ,Technology,988
PWSC.N,Consumer Discretionary,989
ESMT.N,Technology,990
LTH.N,Consumer Discretionary,991
NYT.N,Consumer Discretionary,992
TGNA.N,Consumer Discretionary,993
MYPS.OQ,Consumer Discretionary,994
SPWR.OQ,Energy,995
NFLX.OQ,Consumer Discretionary,996
AYX.N,Technology,997
COO.N,Health Care,998
LBTYA.OQ,Telecommunications,999
VERA.OQ,Health Care,1000
EBS.N,Health Care,1001
KLIC.OQ,Technology,1002
FOXA.OQ,Consumer Discretionary,1003
FDP.N,Consumer Staples,1004
MDRX.OQ,Technology,1005
ALXO.OQ,Health Care,1006
HWM.N,Industrials,1007
LILA.OQ,Telecommunications,1008
OC.N,Industrials,1009
AA.N,Basic Materials,1010
CSIQ.OQ,Energy,1011
RDFN.OQ,Real Estate,1012
NSSC.OQ,Industrials,1013
CNMD.N,Health Care,1014
MEI.N,Technology,1015
NSTG.OQ,Health Care,1016
DTC.N,Consumer Discretionary,1017
FRPT.OQ,Consumer Staples,1018
ETSY.OQ,Consumer Discretionary,1019
MD.N,Health Care,1020
GTES.N,Industrials,1021
EVRI.N,Consumer Discretionary,1022
MPWR.OQ,Technology,1023
MTLS.OQ,Technology,1024
LAW.N,Industrials,1025
UAL.OQ,Consumer Discretionary,1026
GLP.N,Energy,1027
TLS.OQ,Technology,1028
MLCO.OQ,Consumer Discretionary,1029
MDXG.OQ,Health Care,1030
ONTF.N,Technology,1031
GPK.N,Industrials,1032
VSH.N,Technology,1033
VCYT.OQ,Health Care,1034
PRO.N,Technology,1035
BLDR.N,Industrials,1036
HIBB.OQ,Consumer Discretionary,1037
IPG.N,Consumer Discretionary,1038
RTX.N,Industrials,1039
SMWB.N,Industrials,1040
AVTR.N,Health Care,1041
SRRK.OQ,Health Care,1042
CENX.OQ,Basic Materials,1043
CTVA.N,Consumer Staples,1044
HOLX.OQ,Health Care,1045
GNRC.N,Industrials,1046
TENB.OQ,Technology,1047
CXM.N,Technology,1048
FYBR.OQ,Telecommunications,1049
CNNE.N,Financials,1050
MYGN.OQ,Health Care,1051
EVLV.OQ,Industrials,1052
CPLP.OQ,Industrials,1053
PRCT.OQ,Health Care,1054
MXL.OQ,Technology,1055
EYE.OQ,Consumer Discretionary,1056
DCPH.OQ,Health Care,1057
M.N,Consumer Discretionary,1058
HUN.N,Basic Materials,1059
CMPX.OQ,Health Care,1060
MITK.OQ,Technology,1061
DAL.N,Consumer Discretionary,1062
JBHT.OQ,Industrials,1063
XRX.OQ,Technology,1064
ACVA.OQ,Consumer Discretionary,1065
HOUS.N,Real Estate,1066
DUK.N,Utilities,1067
VREX.OQ,Health Care,1068
TME.N,Consumer Discretionary,1069
GRMN.N,Consumer Discretionary,1070
TJX.N,Consumer Discretionary,1071
DH.OQ,Technology,1072
PAR.N,Technology,1073
PPL.N,Utilities,1074
GNK.N,Industrials,1075
IRWD.OQ,Health Care,1076
GPN.N,Industrials,1077
PRLD.OQ,Health Care,1078
CTSH.OQ,Technology,1079
CCI.N,Real Estate,1080
HL.N,Basic Materials,1081
AVO.OQ,Consumer Staples,1082
TER.OQ,Technology,1083
WBX.N,Energy,1084
AOS.N,Industrials,1085
ALEC.OQ,Health Care,1086
IAC.OQ,Technology,1087
LIN.N,Basic Materials,1088
KMT.N,Industrials,1089
NAT.N,Industrials,1090
SYY.N,Consumer Staples,1091
ARMK.N,Consumer Discretionary,1092
THO.N,Consumer Discretionary,1093
RELY.OQ,Industrials,1094
TEL.N,Technology,1095
VRTX.OQ,Health Care,1096
BAX.N,Health Care,1097
DBI.N,Consumer Discretionary,1098
XEL.OQ,Utilities,1099
VRRM.OQ,Industrials,1100
CD.OQ,Technology,1101
ACEL.N,Consumer Discretionary,1102
MODV.OQ,Health Care,1103
AGR.N,Utilities,1104
HAYN.OQ,Basic Materials,1105
XPEV.N,Consumer Discretionary,1106
HA.OQ,Consumer Discretionary,1107
HOG.N,Consumer Discretionary,1108
SWK.N,Industrials,1109
XYL.N,Industrials,1110
CHTR.OQ,Telecommunications,1111
GPS.N,Consumer Discretionary,1112
HLMN.OQ,Industrials,1113
BGFV.OQ,Consumer Discretionary,1114
MYTE.N,Consumer Discretionary,1115
CDNA.OQ,Health Care,1116
MPC.N,Energy,1117
AAP.N,Consumer Discretionary,1118
TSVT.OQ,Health Care,1119
MMP.N,Energy,1120
RPRX.OQ,Health Care,1121
STR.N,Energy,1122
HLLY.N,Consumer Discretionary,1123
BABA.N,Consumer Discretionary,1124
NEO.OQ,Health Care,1125
BLFS.OQ,Health Care,1126
ALVR.OQ,Health Care,1127
INNV.OQ,Health Care,1128
WSO.N,Industrials,1129
FBHS.N,Industrials,1130
FTDR.OQ,Consumer Discretionary,1131
GIS.N,Consumer Staples,1132
CMRE.N,Industrials,1133
SWKS.OQ,Technology,1134
SMAR.N,Technology,1135
PKI.N,Health Care,1136
GCI.N,Consumer Discretionary,1137
PHAT.OQ,Health Care,1138
CERE.OQ,Health Care,1139
CNP.N,Utilities,1140
NMM.N,Industrials,1141
AVT.OQ,Technology,1142
PRGO.N,Health Care,1143
EDR.N,Consumer Discretionary,1144
GM.N,Consumer Discretionary,1145
POOL.OQ,Consumer Discretionary,1146
VZIO.N,Consumer Discretionary,1147
PYCR.OQ,Technology,1148
NARI.OQ,Health Care,1149
ROAD.OQ,Industrials,1150
AFMD.OQ,Health Care,1151
CCCC.OQ,Health Care,1152
DHT.N,Industrials,1153
PG.N,Consumer Staples,1154
SRI.N,Consumer Discretionary,1155
AKAM.OQ,Technology,1156
MNST.OQ,Consumer Staples,1157
SPOT.N,Consumer Discretionary,1158
CYRX.OQ,Industrials,1159
GILD.OQ,Health Care,1160
MRK.N,Health Care,1161
FTV.N,Industrials,1162
WEAV.N,Technology,1163
SAVE.N,Consumer Discretionary,1164
JANX.OQ,Health Care,1165
TECK.N,Basic Materials,1166
ENLC.N,Energy,1167
CWH.N,Consumer Discretionary,1168
SWI.N,Technology,1169
RADA.OQ,Industrials,1170
CC.N,Basic Materials,1171
SNCY.OQ,Consumer Discretionary,1172
APH.N,Technology,1173
ALB.N,Basic Materials,1174
APPN.OQ,Technology,1175
HCSG.OQ,Health Care,1176
ETD.N,Consumer Discretionary,1177
LGFa.N,Consumer Discretionary,1178
SEM.N,Health Care,1179
PACK.N,Industrials,1180
CL.N,Consumer Staples,1181
PCT.OQ,Industrials,1182
BSX.N,Health Care,1183
ARIS.N,Utilities,1184
CNK.N,Consumer Discretionary,1185
SFM.OQ,Consumer Staples,1186
PRPL.OQ,Consumer Discretionary,1187
PAYX.OQ,Industrials,1188
LEVI.N,Consumer Discretionary,1189
JHG.N,Financials,1190
STX.OQ,Technology,1191
CHRW.OQ,Industrials,1192
TX.N,Basic Materials,1193
MDLZ.OQ,Consumer Staples,1194
FARO.OQ,Industrials,1195
LVS.N,Consumer Discretionary,1196
AES.N,Utilities,1197
YUMC.N,Consumer Discretionary,1198
ZWS.N,Industrials,1199
DEN.N,Energy,1200
PDCO.OQ,Health Care,1201
ALTO.OQ,Basic Materials,1202
KR.N,Consumer Staples,1203
CSCO.OQ,Telecommunications,1204
VSEC.OQ,Industrials,1205
CNSL.OQ,Telecommunications,1206
SHO.N,Real Estate,1207
CWK.N,Real Estate,1208
TDW.N,Energy,1209
AVIR.OQ,Health Care,1210
DAN.N,Consumer Discretionary,1211
ALNY.OQ,Health Care,1212
JAMF.OQ,Technology,1213
LEG.N,Consumer Discretionary,1214
BW.N,Industrials,1215
IHRT.OQ,Consumer Discretionary,1216
SIBN.OQ,Health Care,1217
ODFL.OQ,Industrials,1218
OIS.N,Energy,1219
GT.OQ,Consumer Discretionary,1220
DQ.N,Basic Materials,1221
LKQ.OQ,Consumer Discretionary,1222
XMTR.OQ,Technology,1223
HPE.N,Technology,1224
NTLA.OQ,Health Care,1225
CERS.OQ,Health Care,1226
EMR.N,Industrials,1227
AUPH.OQ,Health Care,1228
FLYW.OQ,Industrials,1229
PANW.OQ,Technology,1230
SFL.N,Industrials,1231
TRGP.N,Energy,1232
WOOF.OQ,Consumer Discretionary,1233
MOV.N,Consumer Discretionary,1234
CAL.N,Consumer Discretionary,1235
K.N,Consumer Staples,1236
AMOT.OQ,Industrials,1237
FLWS.OQ,Consumer Discretionary,1238
KDP.OQ,Consumer Staples,1239
TTI.N,Energy,1240
TYRA.OQ,Health Care,1241
EXAS.OQ,Health Care,1242
NEX.N,Energy,1243
KRO.N,Industrials,1244
OUT.N,Real Estate,1245
STAA.OQ,Health Care,1246
ACET.OQ,Health Care,1247
BMBL.OQ,Technology,1248
EBAY.OQ,Consumer Discretionary,1249
CZR.OQ,Consumer Discretionary,1250
SNPO.OQ,Consumer Discretionary,1251
KTOS.OQ,Industrials,1252
HEP.N,Energy,1253
GKOS.N,Health Care,1254
PRVA.OQ,Health Care,1255
ORA.N,Utilities,1256
JNJ.N,Health Care,1257
PNR.N,Industrials,1258
NEM.N,Basic Materials,1259
VAL.N,Energy,1260
SGRY.OQ,Health Care,1261
AMSWA.OQ,Technology,1262
MGNI.OQ,Technology,1263
SATS.OQ,Telecommunications,1264
OKE.N,Energy,1265
PUMP.N,Energy,1266
CPE.N,Energy,1267
OKTA.OQ,Technology,1268
SONO.OQ,Consumer Discretionary,1269
REZI.N,Industrials,1270
FLS.N,Industrials,1271
NOG.N,Energy,1272
ANAB.OQ,Health Care,1273
CLB.N,Energy,1274
SCCO.N,Basic Materials,1275
PCTY.OQ,Industrials,1276
EWTX.OQ,Health Care,1277
INSM.OQ,Health Care,1278
GHRS.OQ,Health Care,1279
WES.N,Energy,1280
ITW.N,Industrials,1281
IP.N,Basic Materials,1282
SMG.N,Basic Materials,1283
GRPN.OQ,Technology,1284
DHR.N,Health Care,1285
PENN.OQ,Consumer Discretionary,1286
MGM.N,Consumer Discretionary,1287
OSW.OQ,Consumer Discretionary,1288
MKC.N,Consumer Staples,1289
LPSN.OQ,Technology,1290
HAIN.OQ,Consumer Staples,1291
AMEH.OQ,Health Care,1292
APTV.N,Consumer Discretionary,1293
ADT.N,Industrials,1294
BMY.N,Health Care,1295
BSY.OQ,Technology,1296
D.N,Utilities,1297
SLCA.N,Basic Materials,1298
DOW.N,Basic Materials,1299
ENTG.OQ,Technology,1300
FGEN.OQ,Health Care,1301
MCG.N,Consumer Discretionary,1302
CIVI.N,Energy,1303
AZEK.N,Industrials,1304
NXST.OQ,Consumer Discretionary,1305
XPRO.N,Energy,1306
MCHP.OQ,Technology,1307
EW.N,Health Care,1308
KRP.N,Energy,1309
EXPI.OQ,Real Estate,1310
PAGP.OQ,Energy,1311
KSS.N,Consumer Discretionary,1312
DCGO.OQ,Health Care,1313
GPRO.OQ,Consumer Discretionary,1314
ABT.N,Health Care,1315
FOLD.OQ,Health Care,1316
HP.N,Energy,1317
JCI.N,Industrials,1318
TPX.N,Consumer Discretionary,1319
MUR.N,Energy,1320
COHR.OQ,Technology,1321
BLMN.OQ,Consumer Discretionary,1322
DT.N,Technology,1323
COTY.N,Consumer Discretionary,1324
TAL.N,Consumer Discretionary,1325
MAT.OQ,Consumer Discretionary,1326
RRC.N,Energy,1327
IRM.N,Real Estate,1328
CAKE.OQ,Consumer Discretionary,1329
CF.N,Basic Materials,1330
CSGP.OQ,Real Estate,1331
PDCE.OQ,Energy,1332
CARR.N,Industrials,1333
MRVL.OQ,Technology,1334
SEER.OQ,Health Care,1335
GSM.OQ,Basic Materials,1336
LITE.OQ,Telecommunications,1337
MCW.N,Consumer Discretionary,1338
QCOM.OQ,Technology,1339
NRDY.N,Consumer Discretionary,1340
SDGR.OQ,Technology,1341
EBIX.OQ,Technology,1342
EVA.N,Energy,1343
SBLK.OQ,Industrials,1344
VSAT.OQ,Telecommunications,1345
MSFT.OQ,Technology,1346
FORG.N,Technology,1347
ACMR.OQ,Technology,1348
PAY.N,Industrials,1349
TREX.N,Industrials,1350
FCX.N,Basic Materials,1351
AROC.N,Energy,1352
MPLX.N,Energy,1353
ULCC.OQ,Consumer Discretionary,1354
ECL.N,Basic Materials,1355
GO.OQ,Consumer Staples,1356
SO.N,Utilities,1357
HES.N,Energy,1358
ESTC.N,Technology,1359
NKE.N,Consumer Discretionary,1360
TWOU.OQ,Consumer Discretionary,1361
DXCM.OQ,Health Care,1362
HUBB.N,Industrials,1363
BALL.N,Industrials,1364
SBH.N,Consumer Discretionary,1365
SGEN.OQ,Health Care,1366
LBRT.N,Energy,1367
CHK.OQ,Energy,1368
DSX.N,Industrials,1369
SCS.N,Consumer Discretionary,1370
DK.N,Energy,1371
FLR.N,Industrials,1372
BIGC.OQ,Technology,1373
INFA.N,Technology,1374
BIG.N,Consumer Discretionary,1375
SM.N,Energy,1376
ELAN.N,Health Care,1377
BIRD.OQ,Consumer Discretionary,1378
CSX.OQ,Industrials,1379
ZETA.N,Technology,1380
SLGC.OQ,Health Care,1381
DD.N,Industrials,1382
HNST.OQ,Consumer Staples,1383
KNX.N,Industrials,1384
TALO.N,Energy,1385
MOS.N,Basic Materials,1386
LZ.OQ,Industrials,1387
GLBE.OQ,Technology,1388
SNDL.OQ,Health Care,1389
ETRN.N,Energy,1390
TXG.OQ,Health Care,1391
ANGI.OQ,Consumer Discretionary,1392
TWST.OQ,Health Care,1393
ZS.OQ,Technology,1394
TRIP.OQ,Consumer Discretionary,1395
GWRE.N,Technology,1396
PL.N,Technology,1397
BOOM.OQ,Energy,1398
TRUP.OQ,Financials,1399
FAST.OQ,Basic Materials,1400
KAR.N,Consumer Discretionary,1401
TMUS.OQ,Telecommunications,1402
CVI.N,Energy,1403
WY.N,Real Estate,1404
NBR.N,Energy,1405
EB.N,Technology,1406
BHIL.N,Consumer Staples,1407
ARVN.OQ,Health Care,1408
DRQ.N,Energy,1409
NIO.N,Consumer Discretionary,1410
ACCD.OQ,Health Care,1411
HIMS.N,Health Care,1412
AM.N,Energy,1413
CNM.N,Industrials,1414
UPWK.OQ,Technology,1415
META.OQ,Technology,1416
VMEO.OQ,Technology,1417
ILMN.OQ,Health Care,1418
MODG.N,Consumer Discretionary,1419
GE.N,Industrials,1420
SKIN.OQ,Consumer Staples,1421
CDXS.OQ,Health Care,1422
QRTEA.OQ,Consumer Discretionary,1423
MDB.OQ,Technology,1424
AMAT.OQ,Technology,1425
KO.N,Consumer Staples,1426
HRL.N,Consumer Staples,1427
V.N,Industrials,1428
CRM.N,Technology,1429
GOOGL.OQ,Technology,1430
TGTX.OQ,Health Care,1431
MXCT.OQ,Health Care,1432
AVDX.OQ,Industrials,1433
SPGI.N,Financials,1434
DOCN.N,Technology,1435
FTI.N,Energy,1436
ON.OQ,Technology,1437
BARK.N,Consumer Discretionary,1438
RVLV.N,Consumer Discretionary,1439
ADCT.N,Health Care,1440
CHX.OQ,Energy,1441
RCM.OQ,Health Care,1442
ARBE.OQ,Industrials,1443
ATVI.OQ,Consumer Discretionary,1444
TVTX.OQ,Health Care,1445
NRG.N,Utilities,1446
TARS.OQ,Health Care,1447
BV.N,Industrials,1448
CLX.N,Consumer Staples,1449
WMB.N,Energy,1450
UP.N,Consumer Discretionary,1451
ALT.OQ,Health Care,1452
IBM.N,Technology,1453
CABO.N,Telecommunications,1454
PCOR.N,Technology,1455
TXN.OQ,Technology,1456
XRAY.OQ,Health Care,1457
HYLN.N,Industrials,1458
IR.N,Industrials,1459
DDD.N,Technology,1460
SOL.N,Energy,1461
RNW.OQ,Utilities,1462
ONON.N,Consumer Discretionary,1463
RCKT.OQ,Health Care,1464
GPRE.OQ,Energy,1465
PD.N,Technology,1466
CARG.OQ,Technology,1467
FREY.N,Energy,1468
AAPL.OQ,Technology,1469
GLW.N,Technology,1470
RES.N,Energy,1471
CHWY.N,Consumer Discretionary,1472
RBBN.OQ,Telecommunications,1473
WBA.OQ,Consumer Staples,1474
NCNO.OQ,Technology,1475
NKTX.OQ,Health Care,1476
FND.N,Consumer Discretionary,1477
REX.N,Energy,1478
AMD.OQ,Technology,1479
ALIT.N,Industrials,1480
NVCR.OQ,Health Care,1481
VTNR.OQ,Utilities,1482
WSM.N,Consumer Discretionary,1483
HLX.N,Energy,1484
MP.N,Basic Materials,1485
EOG.N,Energy,1486
VERV.OQ,Health Care,1487
CDAY.N,Technology,1488
TGT.N,Consumer Discretionary,1489
MGY.N,Energy,1490
DIS.N,Consumer Discretionary,1491
BEAM.OQ,Health Care,1492
RCL.N,Consumer Discretionary,1493
AXGN.OQ,Health Care,1494
RVNC.OQ,Health Care,1495
FXLV.N,Consumer Discretionary,1496
JBLU.OQ,Consumer Discretionary,1497
ROL.N,Consumer Discretionary,1498
MLKN.OQ,Consumer Discretionary,1499
PTEN.OQ,Energy,1500
WDC.OQ,Technology,1501
PSX.N,Energy,1502
RLAY.OQ,Health Care,1503
CFLT.OQ,Technology,1504
CRK.N,Energy,1505
SHOP.N,Technology,1506
MMM.N,Industrials,1507
GTHX.OQ,Health Care,1508
NVDA.OQ,Technology,1509
RNG.N,Technology,1510
GOGL.OQ,Industrials,1511
INDI.OQ,Technology,1512
CHRS.OQ,Health Care,1513
CPNG.N,Consumer Discretionary,1514
NOVA.N,Utilities,1515
PCG.N,Utilities,1516
DLTR.OQ,Consumer Discretionary,1517
OLPX.OQ,Consumer Staples,1518
YY.OQ,Technology,1519
FANG.OQ,Energy,1520
PAA.OQ,Energy,1521
NVTS.OQ,Technology,1522
SPLK.OQ,Technology,1523
VRT.N,Technology,1524
CMCSA.OQ,Telecommunications,1525
BGS.N,Consumer Staples,1526
LPRO.OQ,Financials,1527
RSI.N,Consumer Discretionary,1528
CRDO.OQ,Technology,1529
VFC.N,Consumer Discretionary,1530
QSI.OQ,Health Care,1531
QUOT.N,Consumer Discretionary,1532
DISH.OQ,Telecommunications,1533
PARA.OQ,Consumer Discretionary,1534
FSLY.N,Technology,1535
JWN.N,Consumer Discretionary,1536
CLNE.OQ,Consumer Discretionary,1537
ROIV.OQ,Health Care,1538
CLF.N,Basic Materials,1539
VLO.N,Energy,1540
LAUR.OQ,Consumer Discretionary,1541
NOV.N,Energy,1542
ET.N,Energy,1543
PFE.N,Health Care,1544
RAD.N,Consumer Staples,1545
DOCU.OQ,Technology,1546
ATRA.OQ,Health Care,1547
SGHC.N,Consumer Discretionary,1548
JMIA.N,Technology,1549
NEE.N,Utilities,1550
ERAS.OQ,Health Care,1551
CTRA.N,Energy,1552
MOMO.OQ,Technology,1553
WOLF.N,Technology,1554
DLO.OQ,Industrials,1555
NTAP.OQ,Technology,1556
KMI.N,Energy,1557
AMRN.OQ,Health Care,1558
INFN.OQ,Telecommunications,1559
PACB.OQ,Health Care,1560
COOK.N,Consumer Discretionary,1561
OVV.N,Energy,1562
HAL.N,Energy,1563
AEVA.N,Technology,1564
DNB.N,Technology,1565
ABNB.OQ,Consumer Discretionary,1566
KMX.N,Consumer Discretionary,1567
SFIX.OQ,Consumer Discretionary,1568
NVST.N,Health Care,1569
ETWO.N,Technology,1570
EQT.N,Energy,1571
LFST.OQ,Health Care,1572
PXD.N,Energy,1573
OLO.N,Technology,1574
MDT.N,Health Care,1575
FTNT.OQ,Technology,1576
SMRT.N,Technology,1577
HAYW.N,Industrials,1578
SG.N,Consumer Discretionary,1579
TSP.OQ,Industrials,1580
FATE.OQ,Health Care,1581
DDOG.OQ,Technology,1582
COIN.OQ,Financials,1583
MU.OQ,Technology,1584
ENVX.OQ,Industrials,1585
DAR.N,Consumer Staples,1586
PYPL.OQ,Industrials,1587
VUZI.OQ,Consumer Discretionary,1588
CHS.N,Consumer Discretionary,1589
NGMS.OQ,Consumer Discretionary,1590
LTHM.N,Basic Materials,1591
KOS.N,Energy,1592
VLD.N,Industrials,1593
GWH.N,Energy,1594
VTRS.OQ,Health Care,1595
DINO.N,Energy,1596
PINS.N,Technology,1597
DVN.N,Energy,1598
RGEN.OQ,Health Care,1599
RXT.OQ,Technology,1600
ZI.OQ,Technology,1601
AMWL.N,Health Care,1602
WBD.OQ,Consumer Discretionary,1603
ASAN.N,Technology,1604
PSTG.N,Technology,1605
PTRA.OQ,Industrials,1606
APP.OQ,Technology,1607
BYND.OQ,Consumer Staples,1608
KNOP.N,Industrials,1609
NET.N,Technology,1610
CNX.N,Energy,1611
S.N,Technology,1612
AGL.N,Health Care,1613
DASH.N,Technology,1614
ABCL.OQ,Health Care,1615
MQ.OQ,Industrials,1616
SE.N,Technology,1617
CRWD.OQ,Technology,1618
RXRX.OQ,Health Care,1619
BFLY.N,Health Care,1620
COMP.N,Real Estate,1621
NWL.OQ,Consumer Discretionary,1622
SLDP.OQ,Energy,1623
ASPN.N,Industrials,1624
COP.N,Energy,1625
BKR.OQ,Energy,1626
GOSS.OQ,Health Care,1627
PTON.OQ,Consumer Discretionary,1628
SWN.N,Energy,1629
IOVA.OQ,Health Care,1630
TSLA.OQ,Consumer Discretionary,1631
DNMR.N,Industrials,1632
MRO.N,Energy,1633
MPLN.N,Health Care,1634
GME.N,Consumer Discretionary,1635
AMZN.OQ,Consumer Discretionary,1636
HOOD.OQ,Financials,1637
CLVT.N,Technology,1638
TOST.N,Technology,1639
MTTR.OQ,Technology,1640
CANO.N,Health Care,1641
RIOT.OQ,Financials,1642
SPCE.N,Industrials,1643
NKTR.OQ,Health Care,1644
CVX.N,Energy,1645
BKD.N,Health Care,1646
OXY.N,Energy,1647
CLOV.OQ,Health Care,1648
RIG.N,Energy,1649
T.N,Telecommunications,1650
CHPT.N,Energy,1651
INTC.OQ,Technology,1652
FTCH.N,Consumer Discretionary,1653
RBLX.N,Consumer Discretionary,1654
UBER.N,Consumer Discretionary,1655
TLRY.OQ,Health Care,1656
FERG.N,Industrials,1657
NCLH.N,Consumer Discretionary,1658
PR.N,Energy,1659
QS.N,Consumer Discretionary,1660
FCEL.OQ,Energy,1661
VZ.N,Telecommunications,1662
RIVN.OQ,Consumer Discretionary,1663
TDOC.N,Health Care,1664
GEVO.OQ,Energy,1665
F.N,Consumer Discretionary,1666
FSR.N,Consumer Discretionary,1667
HBI.N,Consumer Discretionary,1668
XOM.N,Energy,1669
PBF.N,Energy,1670
PLUG.OQ,Energy,1671
WKHS.OQ,Industrials,1672
NVTA.N,Health Care,1673
CVNA.N,Consumer Discretionary,1674
OPEN.OQ,Real Estate,1675
INO.OQ,Health Care,1676
OPK.OQ,Health Care,1677
LAZR.OQ,Consumer Discretionary,1678
MARA.OQ,Financials,1679
LYFT.OQ,Consumer Discretionary,1680
AMRS.OQ,Basic Materials,1681
PLTR.N,Technology,1682
LUMN.N,Telecommunications,1683
DM.N,Industrials,1684
CCL.N,Consumer Discretionary,1685
LCID.OQ,Consumer Discretionary,1686
DNA.N,Health Care,1687
