Instrument,ICB Industry name,Rank
ALLK.OQ,Health Care,1
PDD.OQ,Technology,2
YY.OQ,Technology,3
HLX.N,Energy,4
TAL.N,Consumer Discretionary,5
TNP.N,Industrials,6
KC.OQ,Technology,7
NETI.N,Industrials,8
NSSC.OQ,Industrials,9
TDW.N,Energy,10
MUR.N,Energy,11
VERX.OQ,Technology,12
VNET.OQ,Technology,13
XPRO.N,Energy,14
FSLR.OQ,Energy,15
BIDU.OQ,Technology,16
CIVI.N,Energy,17
DNOW.N,Energy,18
NVGS.N,Industrials,19
PXD.N,Energy,20
OIS.N,Energy,21
ASC.N,Industrials,22
MIST.OQ,Health Care,23
KRP.N,Energy,24
OVV.N,Energy,25
RBBN.OQ,Telecommunications,26
DINO.N,Energy,27
AVO.OQ,Consumer Staples,28
ARLP.OQ,Energy,29
RNW.OQ,Utilities,30
RES.N,Energy,31
CEIX.N,Energy,32
JKS.N,Energy,33
FL.N,Consumer Discretionary,34
VAL.N,Energy,35
TALO.N,Energy,36
SOVO.OQ,Consumer Staples,37
NBR.N,Energy,38
PUMP.N,Energy,39
HP.N,Energy,40
ADM.N,Consumer Staples,41
CSIQ.OQ,Energy,42
WTTR.N,Energy,43
CTVA.N,Consumer Staples,44
DQ.N,Basic Materials,45
GLOP.N,Industrials,46
NEX.N,Energy,47
ALT.OQ,Health Care,48
IPI.N,Basic Materials,49
PDCE.OQ,Energy,50
CPLP.OQ,Industrials,51
PAY.N,Industrials,52
PTEN.OQ,Energy,53
EBIX.OQ,Technology,54
BZUN.OQ,Technology,55
WOLF.N,Technology,56
FREY.N,Energy,57
SM.N,Energy,58
SST.N,Technology,59
CTV.N,Technology,60
LXU.N,Basic Materials,61
UTHR.OQ,Health Care,62
AVT.OQ,Technology,63
BRY.OQ,Energy,64
HPK.OQ,Energy,65
PAGP.OQ,Energy,66
LOCL.N,Consumer Staples,67
RIG.N,Energy,68
CSTE.OQ,Industrials,69
AGR.N,Utilities,70
VIPS.N,Consumer Discretionary,71
LBRT.N,Energy,72
CMRE.N,Industrials,73
BG.N,Consumer Staples,74
LPG.N,Industrials,75
INSW.N,Industrials,76
FANG.OQ,Energy,77
CANG.N,Technology,78
CXM.N,Technology,79
EOG.N,Energy,80
KEX.N,Industrials,81
SHCR.OQ,Health Care,82
BSM.N,Energy,83
HQY.OQ,Health Care,84
GHRS.OQ,Health Care,85
SNCY.OQ,Consumer Discretionary,86
VNOM.OQ,Energy,87
GEL.N,Energy,88
OPRA.OQ,Technology,89
SJM.N,Consumer Staples,90
MASS.OQ,Health Care,91
DAC.N,Industrials,92
TLS.OQ,Technology,93
ARBE.OQ,Industrials,94
DK.N,Energy,95
CTS.N,Technology,96
CECE.OQ,Industrials,97
GSL.N,Industrials,98
BIOX.OQ,Basic Materials,99
PWSC.N,Consumer Discretionary,100
BMEA.OQ,Health Care,101
WFRD.OQ,Energy,102
BTU.N,Energy,103
TNK.N,Industrials,104
CPE.N,Energy,105
AFYA.OQ,Consumer Discretionary,106
NN.OQ,Technology,107
TDS.N,Telecommunications,108
TECK.N,Basic Materials,109
ATGE.N,Consumer Discretionary,110
USM.N,Telecommunications,111
AVD.N,Basic Materials,112
ACHC.OQ,Health Care,113
TMDX.OQ,Health Care,114
AMR.N,Energy,115
CTLP.OQ,Industrials,116
YUMC.N,Consumer Discretionary,117
CVEO.N,Energy,118
DAR.N,Consumer Staples,119
DXLG.OQ,Consumer Discretionary,120
DADA.OQ,Technology,121
LPI.N,Energy,122
CVI.N,Energy,123
VERA.OQ,Health Care,124
DHT.N,Industrials,125
CHRD.OQ,Energy,126
WRK.N,Industrials,127
MRO.N,Energy,128
TWNK.OQ,Consumer Staples,129
GLP.N,Energy,130
BJ.N,Consumer Discretionary,131
TME.N,Consumer Discretionary,132
AROC.N,Energy,133
ABM.N,Industrials,134
MERC.OQ,Basic Materials,135
MLNK.N,Technology,136
DGII.OQ,Telecommunications,137
ALKT.OQ,Technology,138
PNW.N,Utilities,139
NEP.N,Utilities,140
TX.N,Basic Materials,141
NABL.N,Technology,142
DY.N,Industrials,143
LRN.N,Consumer Discretionary,144
CGNT.OQ,Technology,145
AMWD.OQ,Industrials,146
CACI.N,Technology,147
ALCO.OQ,Consumer Staples,148
BIP.N,Utilities,149
EVBG.OQ,Technology,150
RS.N,Basic Materials,151
CME.OQ,Financials,152
GTHX.OQ,Health Care,153
QURE.OQ,Health Care,154
MOS.N,Basic Materials,155
PNM.N,Utilities,156
SXC.N,Energy,157
BKI.N,Technology,158
MOH.N,Health Care,159
CSL.N,Industrials,160
RSVR.OQ,Consumer Discretionary,161
HES.N,Energy,162
ARCO.N,Consumer Discretionary,163
UPLD.OQ,Technology,164
MLCO.OQ,Consumer Discretionary,165
INDI.OQ,Technology,166
ANDE.OQ,Consumer Staples,167
KOS.N,Energy,168
NOV.N,Energy,169
TTMI.OQ,Technology,170
CASY.OQ,Consumer Staples,171
CHX.OQ,Energy,172
TGNA.N,Consumer Discretionary,173
KLTR.OQ,Telecommunications,174
ABC.N,Consumer Staples,175
HEP.N,Energy,176
HII.N,Industrials,177
PRVA.OQ,Health Care,178
PBF.N,Energy,179
NMM.N,Industrials,180
DVN.N,Energy,181
HSIC.OQ,Health Care,182
XENE.OQ,Health Care,183
LXFR.N,Industrials,184
TSEM.OQ,Technology,185
GLNG.OQ,Energy,186
CW.N,Industrials,187
CANO.N,Health Care,188
ULTA.OQ,Consumer Discretionary,189
PHR.N,Health Care,190
NFG.N,Utilities,191
BABA.N,Consumer Discretionary,192
VSAT.OQ,Telecommunications,193
GHC.N,Consumer Discretionary,194
CLH.N,Utilities,195
SANM.OQ,Technology,196
NTCT.OQ,Technology,197
AGYS.OQ,Technology,198
VTRU.OQ,Consumer Discretionary,199
LAD.N,Consumer Discretionary,200
TTI.N,Energy,201
CTRA.N,Energy,202
HAL.N,Energy,203
FCFS.OQ,Financials,204
SPNS.OQ,Technology,205
FNKO.OQ,Consumer Discretionary,206
OII.N,Energy,207
STZ.N,Consumer Staples,208
RSG.N,Utilities,209
CNDT.OQ,Industrials,210
EGIO.OQ,Technology,211
AGCO.N,Industrials,212
CRK.N,Energy,213
NWPX.OQ,Basic Materials,214
BKR.OQ,Energy,215
FDP.N,Consumer Staples,216
LGFa.N,Consumer Discretionary,217
ANIP.OQ,Health Care,218
ELF.N,Consumer Discretionary,219
SUPN.OQ,Health Care,220
SRE.N,Utilities,221
PAA.OQ,Energy,222
ANIK.OQ,Health Care,223
PLXS.OQ,Technology,224
ENLC.N,Energy,225
WTW.OQ,Financials,226
BILI.OQ,Technology,227
EQT.N,Energy,228
TRGP.N,Energy,229
UNFI.N,Consumer Staples,230
LHX.N,Industrials,231
DCPH.OQ,Health Care,232
LAUR.OQ,Consumer Discretionary,233
SLGN.N,Industrials,234
HRL.N,Consumer Staples,235
G.N,Industrials,236
MTZ.N,Industrials,237
ZETA.N,Technology,238
ITRN.OQ,Industrials,239
CWAN.N,Financials,240
GPC.N,Consumer Discretionary,241
CNX.N,Energy,242
CALX.N,Telecommunications,243
CNNE.N,Financials,244
REX.N,Energy,245
CPSI.OQ,Health Care,246
FTCH.N,Consumer Discretionary,247
TMCI.OQ,Health Care,248
AOSL.OQ,Technology,249
MIRM.OQ,Health Care,250
CCRN.OQ,Industrials,251
ODP.OQ,Consumer Discretionary,252
SUN.N,Energy,253
PAG.N,Consumer Discretionary,254
REYN.OQ,Consumer Staples,255
MRSN.OQ,Health Care,256
STLD.OQ,Basic Materials,257
CSGS.OQ,Technology,258
IMCR.OQ,Health Care,259
WES.N,Energy,260
SNPO.OQ,Consumer Discretionary,261
ATNI.OQ,Telecommunications,262
ATO.N,Utilities,263
HLIT.OQ,Telecommunications,264
ATSG.OQ,Industrials,265
EVH.N,Health Care,266
CF.N,Basic Materials,267
CRTO.OQ,Technology,268
PDFS.OQ,Technology,269
COP.N,Energy,270
BLFS.OQ,Health Care,271
POST.N,Consumer Staples,272
PINS.N,Technology,273
SNX.N,Technology,274
VLO.N,Energy,275
SPH.N,Consumer Discretionary,276
MEI.N,Technology,277
CMPX.OQ,Health Care,278
NS.N,Energy,279
GPOR.N,Energy,280
SWN.N,Energy,281
SLVM.N,Basic Materials,282
SMCI.OQ,Technology,283
CXW.N,Industrials,284
GFF.N,Industrials,285
AJG.N,Financials,286
RPM.N,Industrials,287
JNPR.N,Telecommunications,288
TH.OQ,Industrials,289
RRX.N,Industrials,290
NBIX.OQ,Health Care,291
ESTC.N,Technology,292
PANW.OQ,Technology,293
ALEX.N,Real Estate,294
DFIN.N,Industrials,295
OXY.N,Energy,296
CEQP.N,Energy,297
AM.N,Energy,298
HCC.N,Energy,299
DRVN.OQ,Consumer Discretionary,300
FATH.N,Industrials,301
SPTN.OQ,Consumer Staples,302
XOM.N,Energy,303
LEA.N,Consumer Discretionary,304
NWE.OQ,Utilities,305
ALB.N,Basic Materials,306
IIIV.OQ,Industrials,307
NXGN.OQ,Health Care,308
BCOV.OQ,Technology,309
PSX.N,Energy,310
NOG.N,Energy,311
SAH.N,Consumer Discretionary,312
AXTA.N,Industrials,313
STE.N,Health Care,314
DRQ.N,Energy,315
FTI.N,Energy,316
RARE.OQ,Health Care,317
OGS.N,Utilities,318
PSN.N,Technology,319
HCAT.OQ,Health Care,320
BAH.N,Industrials,321
CNM.N,Industrials,322
CASA.OQ,Telecommunications,323
OGE.N,Utilities,324
DOX.OQ,Technology,325
TAP.N,Consumer Staples,326
MNST.OQ,Consumer Staples,327
SOL.N,Energy,328
NSIT.OQ,Technology,329
NWSA.OQ,Consumer Discretionary,330
SATS.OQ,Telecommunications,331
INT.N,Energy,332
SWAV.OQ,Health Care,333
MPC.N,Energy,334
CVX.N,Energy,335
JNJ.N,Health Care,336
VRNT.OQ,Technology,337
STRL.OQ,Industrials,338
NAT.N,Industrials,339
RLAY.OQ,Health Care,340
AMRC.N,Energy,341
AGIO.OQ,Health Care,342
ED.N,Utilities,343
OEC.N,Basic Materials,344
ASH.N,Basic Materials,345
WHD.N,Energy,346
NIO.N,Consumer Discretionary,347
LASR.OQ,Technology,348
AES.N,Utilities,349
ZEUS.OQ,Basic Materials,350
MPAA.OQ,Consumer Discretionary,351
KNOP.N,Industrials,352
PTVE.OQ,Industrials,353
BKH.N,Utilities,354
XPER.OQ,Technology,355
LNN.N,Industrials,356
ARW.N,Technology,357
OLO.N,Technology,358
GM.N,Consumer Discretionary,359
AMWL.N,Health Care,360
ALE.N,Utilities,361
MGY.N,Energy,362
GIS.N,Consumer Staples,363
SON.N,Industrials,364
AEE.N,Utilities,365
PARR.N,Energy,366
MAXN.OQ,Energy,367
PRGO.N,Health Care,368
CAG.N,Consumer Staples,369
ON.OQ,Technology,370
MODN.N,Technology,371
MANU.N,Consumer Discretionary,372
HAE.N,Health Care,373
HSY.N,Consumer Staples,374
WTRG.N,Utilities,375
ES.N,Utilities,376
EVTC.N,Industrials,377
MQ.OQ,Industrials,378
S.N,Technology,379
LAW.N,Industrials,380
DXC.N,Technology,381
NTAP.OQ,Technology,382
CHK.OQ,Energy,383
HURN.OQ,Industrials,384
UGI.N,Utilities,385
BW.N,Industrials,386
TMUS.OQ,Telecommunications,387
USAC.N,Energy,388
SCCO.N,Basic Materials,389
MPLX.N,Energy,390
FLO.N,Consumer Staples,391
BIO.N,Health Care,392
CMC.N,Basic Materials,393
DV.N,Technology,394
SFL.N,Industrials,395
WEC.N,Utilities,396
SSP.OQ,Consumer Discretionary,397
PCG.N,Utilities,398
LVS.N,Consumer Discretionary,399
HCCI.OQ,Utilities,400
NOMD.N,Consumer Staples,401
ALVR.OQ,Health Care,402
COCO.OQ,Consumer Staples,403
CBRL.OQ,Consumer Discretionary,404
RRC.N,Energy,405
STRA.OQ,Consumer Discretionary,406
FMC.N,Basic Materials,407
LTHM.N,Basic Materials,408
USPH.N,Health Care,409
FULC.OQ,Health Care,410
WM.N,Utilities,411
GE.N,Industrials,412
VMI.N,Industrials,413
KHC.OQ,Consumer Staples,414
CNP.N,Utilities,415
KR.N,Consumer Staples,416
XEL.OQ,Utilities,417
GAMB.OQ,Consumer Discretionary,418
KMI.N,Energy,419
HAS.OQ,Consumer Discretionary,420
BDX.N,Health Care,421
AMED.OQ,Health Care,422
ULH.OQ,Industrials,423
UNVR.N,Basic Materials,424
DEN.N,Energy,425
CHEF.OQ,Consumer Staples,426
NFE.OQ,Energy,427
RELY.OQ,Industrials,428
TPC.N,Industrials,429
NVEE.OQ,Industrials,430
NGVC.N,Consumer Staples,431
VERV.OQ,Health Care,432
USFD.N,Consumer Staples,433
ADP.OQ,Industrials,434
ICE.N,Financials,435
LDOS.N,Technology,436
NVCR.OQ,Health Care,437
CHE.N,Health Care,438
SHLS.OQ,Energy,439
WEAV.N,Technology,440
JBL.N,Technology,441
ACI.N,Consumer Staples,442
MDRX.OQ,Technology,443
XMTR.OQ,Technology,444
RTX.N,Industrials,445
TWKS.OQ,Technology,446
WMB.N,Energy,447
GPP.OQ,Energy,448
BR.N,Financials,449
ALK.N,Consumer Discretionary,450
ARCH.N,Energy,451
CLFD.OQ,Telecommunications,452
PPC.OQ,Consumer Staples,453
LNT.OQ,Utilities,454
ACMR.OQ,Technology,455
SO.N,Utilities,456
FHI.N,Financials,457
GCI.N,Consumer Discretionary,458
AMOT.OQ,Industrials,459
SIMO.OQ,Technology,460
EA.OQ,Consumer Discretionary,461
WAB.N,Industrials,462
BBCP.OQ,Industrials,463
PKG.N,Industrials,464
FLEX.OQ,Technology,465
RPAY.OQ,Industrials,466
ROAD.OQ,Industrials,467
OKE.N,Energy,468
CSGP.OQ,Real Estate,469
VRRM.OQ,Industrials,470
SAIC.N,Technology,471
KNSA.OQ,Health Care,472
BRP.OQ,Financials,473
MITK.OQ,Technology,474
KEYS.N,Industrials,475
NOC.N,Industrials,476
AGL.N,Health Care,477
COTY.N,Consumer Discretionary,478
DIBS.OQ,Technology,479
NMRK.OQ,Real Estate,480
CSCO.OQ,Telecommunications,481
CE.N,Basic Materials,482
VERI.OQ,Technology,483
FE.N,Utilities,484
MLM.N,Industrials,485
ATVI.OQ,Consumer Discretionary,486
ORA.N,Utilities,487
POWL.OQ,Industrials,488
CLB.N,Energy,489
MUSA.N,Consumer Discretionary,490
REVG.N,Industrials,491
LKQ.OQ,Consumer Discretionary,492
PCH.OQ,Real Estate,493
ET.N,Energy,494
INGR.N,Consumer Staples,495
AEP.OQ,Utilities,496
GD.N,Industrials,497
PSMT.OQ,Consumer Discretionary,498
KRNT.OQ,Industrials,499
GEO.N,Real Estate,500
NGVT.N,Basic Materials,501
WBD.OQ,Consumer Discretionary,502
TOST.N,Technology,503
CYTK.OQ,Health Care,504
GO.OQ,Consumer Staples,505
SWI.N,Technology,506
UFPT.OQ,Health Care,507
MRK.N,Health Care,508
MGPI.OQ,Consumer Staples,509
FCX.N,Basic Materials,510
AN.N,Consumer Discretionary,511
MX.N,Technology,512
R.N,Industrials,513
AUDC.OQ,Telecommunications,514
WNS.N,Industrials,515
BDC.N,Industrials,516
LOPE.OQ,Consumer Discretionary,517
HSTM.OQ,Health Care,518
LFUS.OQ,Industrials,519
GTLS.N,Industrials,520
PLUG.OQ,Energy,521
AXNX.OQ,Health Care,522
HIBB.OQ,Consumer Discretionary,523
NXST.OQ,Consumer Discretionary,524
WBX.N,Energy,525
VTNR.OQ,Utilities,526
CHUY.OQ,Consumer Discretionary,527
BV.N,Industrials,528
BALY.N,Consumer Discretionary,529
FCN.N,Industrials,530
CALM.OQ,Consumer Staples,531
CMS.N,Utilities,532
NTLA.OQ,Health Care,533
PX.N,Financials,534
DUK.N,Utilities,535
MMP.N,Energy,536
TSVT.OQ,Health Care,537
ACVA.OQ,Consumer Discretionary,538
QSR.N,Consumer Discretionary,539
GSM.OQ,Basic Materials,540
ENVX.OQ,Industrials,541
H.N,Consumer Discretionary,542
WLK.N,Basic Materials,543
D.N,Utilities,544
DCGO.OQ,Health Care,545
NJR.N,Utilities,546
LW.N,Consumer Staples,547
COLL.OQ,Health Care,548
ETRN.N,Energy,549
TEL.N,Technology,550
ILMN.OQ,Health Care,551
EXC.OQ,Utilities,552
RYN.N,Real Estate,553
PPG.N,Industrials,554
X.N,Basic Materials,555
SNA.N,Industrials,556
UTZ.N,Consumer Staples,557
CNC.N,Health Care,558
TRUP.OQ,Financials,559
GLW.N,Technology,560
INFN.OQ,Telecommunications,561
CMI.N,Industrials,562
PRIM.OQ,Industrials,563
NRDY.N,Consumer Discretionary,564
ENVA.N,Financials,565
QLYS.OQ,Technology,566
COHU.OQ,Technology,567
ALV.N,Consumer Discretionary,568
PGTI.N,Industrials,569
KDP.OQ,Consumer Staples,570
LSAK.OQ,Industrials,571
J.N,Industrials,572
QGEN.N,Health Care,573
HTLD.OQ,Industrials,574
SHEN.OQ,Telecommunications,575
MMS.N,Industrials,576
ITCI.OQ,Health Care,577
EIX.N,Utilities,578
LLY.N,Health Care,579
AA.N,Basic Materials,580
AJRD.N,Industrials,581
HZNP.OQ,Health Care,582
CHPT.N,Energy,583
BSX.N,Health Care,584
K.N,Consumer Staples,585
PRDO.OQ,Consumer Discretionary,586
ACM.N,Industrials,587
KRT.OQ,Industrials,588
GVA.N,Industrials,589
PERI.OQ,Technology,590
WOR.N,Basic Materials,591
CHD.N,Consumer Staples,592
JKHY.OQ,Industrials,593
ZBH.N,Health Care,594
NRG.N,Utilities,595
FIZZ.OQ,Consumer Staples,596
VZ.N,Telecommunications,597
GPRE.OQ,Energy,598
BFb.N,Consumer Staples,599
RGNX.OQ,Health Care,600
MDLZ.OQ,Consumer Staples,601
ACLS.OQ,Technology,602
LMT.N,Industrials,603
PDCO.OQ,Health Care,604
EPC.N,Consumer Staples,605
MMSI.OQ,Health Care,606
ACA.N,Energy,607
GPK.N,Industrials,608
THR.N,Industrials,609
JCI.N,Industrials,610
SAVE.N,Consumer Discretionary,611
DTE.N,Utilities,612
FOXA.OQ,Consumer Discretionary,613
CAPL.N,Energy,614
ENPH.OQ,Energy,615
FTV.N,Industrials,616
COST.OQ,Consumer Discretionary,617
APD.N,Basic Materials,618
ARKO.OQ,Consumer Discretionary,619
KRYS.OQ,Health Care,620
GEF.N,Industrials,621
DISH.OQ,Telecommunications,622
FYBR.OQ,Telecommunications,623
ASIX.N,Basic Materials,624
POR.N,Utilities,625
CL.N,Consumer Staples,626
BCPC.OQ,Basic Materials,627
DM.N,Industrials,628
DENN.OQ,Consumer Discretionary,629
DLB.N,Technology,630
SKYW.OQ,Consumer Discretionary,631
CHRW.OQ,Industrials,632
SRPT.OQ,Health Care,633
PTLO.OQ,Consumer Discretionary,634
PEN.N,Health Care,635
SNDR.N,Industrials,636
GOSS.OQ,Health Care,637
OPCH.OQ,Health Care,638
HUBG.OQ,Industrials,639
SNDL.OQ,Health Care,640
NOVA.N,Utilities,641
NUE.N,Basic Materials,642
AORT.N,Health Care,643
INFA.N,Technology,644
GILD.OQ,Health Care,645
TSN.N,Consumer Staples,646
CCI.N,Real Estate,647
IRDM.OQ,Telecommunications,648
AWK.N,Utilities,649
BBSI.OQ,Industrials,650
ICFI.OQ,Industrials,651
IBEX.OQ,Industrials,652
KO.N,Consumer Staples,653
HCKT.OQ,Technology,654
AXTI.OQ,Technology,655
TXT.N,Industrials,656
CNXC.OQ,Technology,657
SLP.OQ,Technology,658
CLX.N,Consumer Staples,659
PSTG.N,Technology,660
ALG.N,Industrials,661
PEP.OQ,Consumer Staples,662
AGX.N,Industrials,663
VSEC.OQ,Industrials,664
WMT.N,Consumer Discretionary,665
VSH.N,Technology,666
PPL.N,Utilities,667
CMTL.OQ,Telecommunications,668
FWRG.OQ,Consumer Discretionary,669
BWXT.N,Industrials,670
RCL.N,Consumer Discretionary,671
GPN.N,Industrials,672
NSC.N,Industrials,673
SKX.N,Consumer Discretionary,674
MCS.N,Consumer Discretionary,675
UHS.N,Health Care,676
INST.N,Consumer Discretionary,677
CPNG.N,Consumer Discretionary,678
FSR.N,Consumer Discretionary,679
SYY.N,Consumer Staples,680
WLKP.N,Basic Materials,681
METC.OQ,Energy,682
CERT.OQ,Health Care,683
NEE.N,Utilities,684
EDR.N,Consumer Discretionary,685
FDS.N,Financials,686
VMC.N,Industrials,687
BYD.N,Consumer Discretionary,688
BAX.N,Health Care,689
ANGO.OQ,Health Care,690
DECK.N,Consumer Discretionary,691
EWCZ.OQ,Consumer Discretionary,692
LIN.N,Basic Materials,693
CVGW.OQ,Consumer Staples,694
KAMN.N,Industrials,695
QTRX.OQ,Health Care,696
DSX.N,Industrials,697
GPI.N,Consumer Discretionary,698
AY.OQ,Utilities,699
SCHN.OQ,Basic Materials,700
META.OQ,Technology,701
PYPL.OQ,Industrials,702
ESMT.N,Technology,703
AMSWA.OQ,Technology,704
GWW.N,Industrials,705
GH.OQ,Health Care,706
CIEN.N,Telecommunications,707
ECL.N,Basic Materials,708
RYAM.N,Basic Materials,709
HEI.N,Industrials,710
PLAY.OQ,Consumer Discretionary,711
CRS.N,Basic Materials,712
ARHS.OQ,Consumer Discretionary,713
SR.N,Utilities,714
DDOG.OQ,Technology,715
RGP.OQ,Industrials,716
VC.OQ,Consumer Discretionary,717
GWH.N,Energy,718
GWRS.OQ,Utilities,719
EGAN.OQ,Technology,720
TDY.N,Industrials,721
TBLA.OQ,Technology,722
TKR.N,Basic Materials,723
WETF.OQ,Financials,724
DZSI.OQ,Telecommunications,725
HAYN.OQ,Basic Materials,726
EOLS.OQ,Health Care,727
BRO.N,Financials,728
ONTF.N,Technology,729
ASPN.N,Industrials,730
AME.N,Industrials,731
OCUL.OQ,Health Care,732
SEIC.OQ,Financials,733
FTNT.OQ,Technology,734
AON.N,Financials,735
TPIC.OQ,Energy,736
OSW.OQ,Consumer Discretionary,737
MDT.N,Health Care,738
AEIS.OQ,Technology,739
STVN.N,Health Care,740
FISV.OQ,Industrials,741
MRCY.OQ,Industrials,742
CAT.N,Industrials,743
GKOS.N,Health Care,744
WY.N,Real Estate,745
PTC.OQ,Technology,746
HPE.N,Technology,747
ENSG.OQ,Health Care,748
CBRE.N,Real Estate,749
SBOW.N,Energy,750
WCC.N,Industrials,751
WSC.OQ,Industrials,752
T.N,Telecommunications,753
FIS.N,Industrials,754
PTCT.OQ,Health Care,755
RMBS.OQ,Technology,756
ALIT.N,Industrials,757
OLN.N,Basic Materials,758
LNDC.OQ,Consumer Staples,759
REZI.N,Industrials,760
RMD.N,Health Care,761
ARIS.N,Utilities,762
LILA.OQ,Telecommunications,763
APPF.OQ,Technology,764
MP.N,Basic Materials,765
PD.N,Technology,766
NRDS.OQ,Technology,767
DG.N,Consumer Discretionary,768
SDGR.OQ,Technology,769
CBT.N,Basic Materials,770
QNST.OQ,Consumer Discretionary,771
SIG.N,Consumer Discretionary,772
IOSP.OQ,Basic Materials,773
AMGN.OQ,Health Care,774
GXO.N,Industrials,775
ARNC.N,Basic Materials,776
IRM.N,Real Estate,777
ESI.N,Basic Materials,778
FSS.N,Industrials,779
AVA.N,Utilities,780
ZG.OQ,Real Estate,781
NYT.N,Consumer Discretionary,782
ABBV.N,Health Care,783
FLR.N,Industrials,784
EQIX.OQ,Real Estate,785
RYI.N,Basic Materials,786
IEX.N,Industrials,787
AKRO.OQ,Health Care,788
KN.N,Consumer Discretionary,789
ABT.N,Health Care,790
ARMK.N,Consumer Discretionary,791
EWTX.OQ,Health Care,792
HOLX.OQ,Health Care,793
PODD.OQ,Health Care,794
AMCX.OQ,Consumer Discretionary,795
ECVT.N,Basic Materials,796
YEXT.N,Technology,797
HESM.N,Energy,798
TLRY.OQ,Health Care,799
IP.N,Basic Materials,800
PG.N,Consumer Staples,801
FORR.OQ,Industrials,802
SEM.N,Health Care,803
AMN.N,Industrials,804
RPRX.OQ,Health Care,805
VRTX.OQ,Health Care,806
ABG.N,Consumer Discretionary,807
HON.OQ,Industrials,808
ROLL.OQ,Basic Materials,809
SLDP.OQ,Energy,810
FARO.OQ,Industrials,811
SCPL.OQ,Consumer Discretionary,812
NDSN.OQ,Industrials,813
UPS.N,Industrials,814
JJSF.OQ,Consumer Staples,815
CYBR.OQ,Technology,816
BHIL.N,Consumer Staples,817
VITL.OQ,Consumer Staples,818
LUV.N,Consumer Discretionary,819
III.OQ,Industrials,820
SRCL.OQ,Utilities,821
MHK.N,Industrials,822
MAR.OQ,Consumer Discretionary,823
TIGO.OQ,Telecommunications,824
REE.OQ,Consumer Discretionary,825
LNTH.OQ,Health Care,826
HL.N,Basic Materials,827
AKAM.OQ,Technology,828
FUL.N,Industrials,829
MATW.OQ,Consumer Discretionary,830
LMAT.OQ,Health Care,831
AEVA.N,Technology,832
WDAY.OQ,Technology,833
MMC.N,Financials,834
FIX.N,Industrials,835
MAN.N,Industrials,836
OTTR.OQ,Industrials,837
DVA.N,Health Care,838
CHGG.N,Consumer Discretionary,839
TGH.N,Industrials,840
SGHC.N,Consumer Discretionary,841
PBH.N,Health Care,842
NVST.N,Health Care,843
SLCA.N,Basic Materials,844
MWA.N,Industrials,845
YELP.N,Technology,846
NDAQ.OQ,Financials,847
ETD.N,Consumer Discretionary,848
BTAI.OQ,Health Care,849
SFM.OQ,Consumer Staples,850
SCS.N,Consumer Discretionary,851
EXLS.OQ,Industrials,852
KFY.N,Industrials,853
TROX.N,Basic Materials,854
CNSL.OQ,Telecommunications,855
CMCO.OQ,Industrials,856
MYRG.OQ,Industrials,857
DT.N,Technology,858
OUST.N,Technology,859
MGM.N,Consumer Discretionary,860
TVTX.OQ,Health Care,861
EMR.N,Industrials,862
SPOT.N,Consumer Discretionary,863
PRGS.OQ,Technology,864
GT.OQ,Consumer Discretionary,865
CTSH.OQ,Technology,866
TPR.N,Consumer Discretionary,867
AMPH.OQ,Health Care,868
EGLE.OQ,Industrials,869
SP.OQ,Industrials,870
UNP.N,Industrials,871
NEM.N,Basic Materials,872
CWST.OQ,Utilities,873
LYB.N,Basic Materials,874
BLKB.OQ,Technology,875
GNK.N,Industrials,876
RL.N,Consumer Discretionary,877
AIT.N,Industrials,878
XRX.OQ,Technology,879
APH.N,Technology,880
MSM.N,Industrials,881
UBER.N,Consumer Discretionary,882
GOOGL.OQ,Technology,883
CBZ.N,Industrials,884
AZZ.N,Industrials,885
INSM.OQ,Health Care,886
IFF.N,Basic Materials,887
CPRT.OQ,Consumer Discretionary,888
RUSHA.OQ,Consumer Discretionary,889
NI.N,Utilities,890
EVA.N,Energy,891
STR.N,Energy,892
TRS.OQ,Industrials,893
CRWD.OQ,Technology,894
SSYS.OQ,Technology,895
TT.N,Industrials,896
SIBN.OQ,Health Care,897
TGTX.OQ,Health Care,898
SYK.N,Health Care,899
HXL.N,Basic Materials,900
TMO.N,Health Care,901
HIMS.N,Health Care,902
ATR.N,Industrials,903
LSTR.OQ,Industrials,904
DRI.N,Consumer Discretionary,905
ABNB.OQ,Consumer Discretionary,906
MTW.N,Industrials,907
DCO.N,Industrials,908
NVMI.OQ,Technology,909
HUBB.N,Industrials,910
KMB.N,Consumer Staples,911
MAT.OQ,Consumer Discretionary,912
AIN.N,Industrials,913
VVV.N,Basic Materials,914
FDX.N,Industrials,915
DHR.N,Health Care,916
CROX.OQ,Consumer Discretionary,917
RADA.OQ,Industrials,918
KFRC.OQ,Industrials,919
TXN.OQ,Technology,920
F.N,Consumer Discretionary,921
TWI.N,Industrials,922
AIR.N,Industrials,923
CTAS.OQ,Industrials,924
CRL.N,Health Care,925
CRAI.OQ,Industrials,926
BASE.OQ,Technology,927
ACIW.OQ,Industrials,928
IIIN.N,Industrials,929
CLF.N,Basic Materials,930
NCLH.N,Consumer Discretionary,931
TDC.N,Technology,932
MU.OQ,Technology,933
SEE.N,Industrials,934
NEXA.N,Basic Materials,935
NWN.N,Utilities,936
HUN.N,Basic Materials,937
DIS.N,Consumer Discretionary,938
IBM.N,Technology,939
FFIV.OQ,Technology,940
NKE.N,Consumer Discretionary,941
PFE.N,Health Care,942
IRTC.OQ,Health Care,943
SMPL.OQ,Consumer Staples,944
HCSG.OQ,Health Care,945
SPWR.OQ,Energy,946
TRVG.OQ,Consumer Discretionary,947
TFX.N,Health Care,948
XRAY.OQ,Health Care,949
HSC.N,Utilities,950
INTC.OQ,Technology,951
DCI.N,Industrials,952
EVCM.OQ,Technology,953
NVT.N,Industrials,954
KALU.OQ,Basic Materials,955
EMN.N,Basic Materials,956
HOG.N,Consumer Discretionary,957
SEER.OQ,Health Care,958
CWENa.N,Utilities,959
ROK.N,Industrials,960
AVNT.N,Basic Materials,961
AVTR.N,Health Care,962
CSX.OQ,Industrials,963
ALGM.OQ,Technology,964
UTL.N,Utilities,965
PII.N,Consumer Discretionary,966
LEG.N,Consumer Discretionary,967
COLM.OQ,Consumer Discretionary,968
APOG.OQ,Industrials,969
DBI.N,Consumer Discretionary,970
ESE.N,Industrials,971
CMCSA.OQ,Telecommunications,972
SHW.N,Industrials,973
AVNS.N,Health Care,974
ASGN.N,Industrials,975
IPG.N,Consumer Discretionary,976
ADT.N,Industrials,977
V.N,Industrials,978
EL.N,Consumer Discretionary,979
GOGL.OQ,Industrials,980
FA.OQ,Industrials,981
NCR.N,Technology,982
AMT.N,Real Estate,983
SSNC.OQ,Technology,984
HOOD.OQ,Financials,985
WK.N,Technology,986
ACN.N,Industrials,987
NCNO.OQ,Technology,988
ACCO.N,Consumer Staples,989
DOW.N,Basic Materials,990
MPLN.N,Health Care,991
PRFT.OQ,Technology,992
MTN.N,Consumer Discretionary,993
TARS.OQ,Health Care,994
DXCM.OQ,Health Care,995
KAR.N,Consumer Discretionary,996
FWONA.OQ,Consumer Discretionary,997
MTX.N,Basic Materials,998
JAMF.OQ,Technology,999
NFLX.OQ,Consumer Discretionary,1000
AYX.N,Technology,1001
PYCR.OQ,Technology,1002
IPAR.OQ,Consumer Discretionary,1003
VNT.N,Industrials,1004
ALKS.OQ,Health Care,1005
KBR.N,Technology,1006
GRMN.N,Consumer Discretionary,1007
HWM.N,Industrials,1008
VIAV.OQ,Telecommunications,1009
RYAN.N,Financials,1010
GMS.N,Industrials,1011
ETWO.N,Technology,1012
GEVO.OQ,Energy,1013
UCTT.OQ,Technology,1014
DAVA.N,Technology,1015
SBH.N,Consumer Discretionary,1016
DOV.N,Industrials,1017
HLT.N,Consumer Discretionary,1018
WWE.N,Consumer Discretionary,1019
IR.N,Industrials,1020
BERY.N,Industrials,1021
TJX.N,Consumer Discretionary,1022
PTRA.OQ,Industrials,1023
SGH.OQ,Technology,1024
MOD.N,Industrials,1025
JBHT.OQ,Industrials,1026
RICK.OQ,Consumer Discretionary,1027
CARS.N,Consumer Discretionary,1028
ROST.OQ,Consumer Discretionary,1029
NTRA.OQ,Health Care,1030
FOLD.OQ,Health Care,1031
GDEN.OQ,Consumer Discretionary,1032
CDRE.N,Industrials,1033
KNX.N,Industrials,1034
ROL.N,Consumer Discretionary,1035
AVIR.OQ,Health Care,1036
ULCC.OQ,Consumer Discretionary,1037
ERAS.OQ,Health Care,1038
WH.N,Consumer Discretionary,1039
SPB.N,Consumer Staples,1040
VRAY.OQ,Health Care,1041
WMG.OQ,Consumer Discretionary,1042
MATX.N,Industrials,1043
TTEK.OQ,Industrials,1044
REGN.OQ,Health Care,1045
DD.N,Industrials,1046
TGT.N,Consumer Discretionary,1047
SCL.N,Basic Materials,1048
AMZN.OQ,Consumer Discretionary,1049
CDNS.OQ,Technology,1050
BMRN.OQ,Health Care,1051
AVY.N,Basic Materials,1052
SCVL.OQ,Consumer Discretionary,1053
ARLO.N,Consumer Discretionary,1054
GTES.N,Industrials,1055
GIII.OQ,Consumer Discretionary,1056
BSY.OQ,Technology,1057
VRSK.OQ,Industrials,1058
TTC.N,Industrials,1059
ALSN.N,Industrials,1060
OXM.N,Consumer Discretionary,1061
BMY.N,Health Care,1062
TXRH.OQ,Consumer Discretionary,1063
SMP.N,Consumer Discretionary,1064
AMK.N,Financials,1065
CC.N,Basic Materials,1066
HA.OQ,Consumer Discretionary,1067
SGEN.OQ,Health Care,1068
UPWK.OQ,Technology,1069
OMCL.OQ,Health Care,1070
AGS.N,Consumer Discretionary,1071
INTU.OQ,Technology,1072
TYL.N,Technology,1073
BCO.N,Industrials,1074
STAA.OQ,Health Care,1075
LECO.OQ,Industrials,1076
FN.N,Technology,1077
DNUT.OQ,Consumer Discretionary,1078
TEX.N,Industrials,1079
MCRI.OQ,Consumer Discretionary,1080
XAIR.OQ,Health Care,1081
WDC.OQ,Technology,1082
RIVN.OQ,Consumer Discretionary,1083
BIIB.OQ,Health Care,1084
SMAR.N,Technology,1085
B.N,Industrials,1086
MSFT.OQ,Technology,1087
TENB.OQ,Technology,1088
CVLT.OQ,Technology,1089
TTWO.OQ,Consumer Discretionary,1090
YMAB.OQ,Health Care,1091
SNPS.OQ,Technology,1092
MKC.N,Consumer Staples,1093
MA.N,Industrials,1094
SPXC.N,Industrials,1095
FELE.OQ,Industrials,1096
FLT.N,Industrials,1097
EW.N,Health Care,1098
GDDY.N,Technology,1099
TRMB.OQ,Industrials,1100
ATKR.N,Industrials,1101
TSLA.OQ,Consumer Discretionary,1102
EPAM.N,Technology,1103
DAN.N,Consumer Discretionary,1104
JBLU.OQ,Consumer Discretionary,1105
CENT.OQ,Consumer Discretionary,1106
CVLG.OQ,Industrials,1107
EHC.N,Health Care,1108
QS.N,Consumer Discretionary,1109
EB.N,Technology,1110
ALNY.OQ,Health Care,1111
ALGT.OQ,Consumer Discretionary,1112
FAST.OQ,Basic Materials,1113
QDEL.OQ,Health Care,1114
USNA.N,Consumer Staples,1115
FRG.OQ,Consumer Discretionary,1116
ITRI.OQ,Industrials,1117
LITE.OQ,Telecommunications,1118
BFLY.N,Health Care,1119
AVAH.OQ,Health Care,1120
ZTS.N,Health Care,1121
DGX.N,Health Care,1122
DKS.N,Consumer Discretionary,1123
PLUS.OQ,Technology,1124
PCT.OQ,Industrials,1125
CARG.OQ,Technology,1126
MXL.OQ,Technology,1127
SWKS.OQ,Technology,1128
SUM.N,Industrials,1129
ENTG.OQ,Technology,1130
MOV.N,Consumer Discretionary,1131
RMAX.N,Real Estate,1132
LH.N,Health Care,1133
WERN.OQ,Industrials,1134
AVGO.OQ,Technology,1135
RXST.OQ,Health Care,1136
BALL.N,Industrials,1137
OKTA.OQ,Technology,1138
TTEC.OQ,Industrials,1139
JHG.N,Financials,1140
VTRS.OQ,Health Care,1141
WST.N,Health Care,1142
SEMR.N,Technology,1143
AAPL.OQ,Technology,1144
MCHP.OQ,Technology,1145
VCYT.OQ,Health Care,1146
GPRK.N,Energy,1147
IDXX.OQ,Health Care,1148
BKD.N,Health Care,1149
OC.N,Industrials,1150
AVDX.OQ,Industrials,1151
OFIX.OQ,Health Care,1152
EBAY.OQ,Consumer Discretionary,1153
HY.N,Industrials,1154
BLD.N,Industrials,1155
NXPI.OQ,Technology,1156
A.N,Health Care,1157
KOP.N,Basic Materials,1158
HALO.OQ,Health Care,1159
VSTO.N,Consumer Discretionary,1160
KAI.N,Industrials,1161
UFPI.OQ,Basic Materials,1162
INVE.OQ,Technology,1163
WNC.N,Industrials,1164
IHS.N,Telecommunications,1165
MOGa.N,Industrials,1166
MKSI.OQ,Industrials,1167
MTRN.N,Basic Materials,1168
AXL.N,Consumer Discretionary,1169
MD.N,Health Care,1170
CSTM.N,Basic Materials,1171
SXT.N,Basic Materials,1172
NEWR.N,Technology,1173
DUOL.OQ,Consumer Discretionary,1174
EVER.OQ,Technology,1175
SMWB.N,Industrials,1176
CHDN.OQ,Consumer Discretionary,1177
VLD.N,Industrials,1178
ENOV.N,Health Care,1179
NPO.N,Industrials,1180
SYNH.OQ,Health Care,1181
HRT.N,Industrials,1182
CRNC.OQ,Technology,1183
ITW.N,Industrials,1184
IQV.N,Health Care,1185
OUT.N,Real Estate,1186
CAMT.OQ,Technology,1187
XYL.N,Industrials,1188
TNET.N,Industrials,1189
DH.OQ,Technology,1190
LZB.N,Consumer Discretionary,1191
GMED.N,Health Care,1192
IAC.OQ,Technology,1193
IDCC.OQ,Telecommunications,1194
ZI.OQ,Technology,1195
CARR.N,Industrials,1196
NSTG.OQ,Health Care,1197
MTD.N,Industrials,1198
SHO.N,Real Estate,1199
PRLD.OQ,Health Care,1200
MODV.OQ,Health Care,1201
MRVL.OQ,Technology,1202
FBHS.N,Industrials,1203
CCK.N,Industrials,1204
FRPT.OQ,Consumer Staples,1205
PAR.N,Technology,1206
TRU.N,Industrials,1207
VRNS.OQ,Technology,1208
CWH.N,Consumer Discretionary,1209
ADNT.N,Consumer Discretionary,1210
HUBS.N,Technology,1211
MYPS.OQ,Consumer Discretionary,1212
ENS.N,Industrials,1213
ARCB.OQ,Industrials,1214
MTLS.OQ,Technology,1215
HLLY.N,Consumer Discretionary,1216
FLGT.OQ,Health Care,1217
NX.N,Industrials,1218
MODG.N,Consumer Discretionary,1219
ICHR.OQ,Technology,1220
GDOT.N,Industrials,1221
ACCD.OQ,Health Care,1222
AGTI.N,Health Care,1223
PAYC.N,Technology,1224
ICUI.OQ,Health Care,1225
ICLR.OQ,Health Care,1226
AAON.OQ,Industrials,1227
PKI.N,Health Care,1228
OI.N,Industrials,1229
GWRE.N,Technology,1230
SHAK.N,Consumer Discretionary,1231
NARI.OQ,Health Care,1232
FLYW.OQ,Industrials,1233
WWD.OQ,Industrials,1234
HSII.OQ,Industrials,1235
OLED.OQ,Technology,1236
LPX.N,Industrials,1237
BRKR.OQ,Health Care,1238
ALXO.OQ,Health Care,1239
WHR.N,Consumer Discretionary,1240
FWRD.OQ,Industrials,1241
APG.N,Industrials,1242
IT.N,Technology,1243
IRWD.OQ,Health Care,1244
EXAS.OQ,Health Care,1245
HI.N,Industrials,1246
NOW.N,Technology,1247
ANAB.OQ,Health Care,1248
CLVT.N,Technology,1249
ASO.OQ,Consumer Discretionary,1250
BCC.N,Basic Materials,1251
KMT.N,Industrials,1252
HNI.N,Consumer Discretionary,1253
TSCO.OQ,Consumer Discretionary,1254
BGS.N,Consumer Staples,1255
IHRT.OQ,Consumer Discretionary,1256
CLNE.OQ,Consumer Discretionary,1257
RVNC.OQ,Health Care,1258
APTV.N,Consumer Discretionary,1259
ASND.OQ,Health Care,1260
DAL.N,Consumer Discretionary,1261
AMAT.OQ,Technology,1262
CWK.N,Real Estate,1263
EVRI.N,Consumer Discretionary,1264
MCFT.OQ,Consumer Discretionary,1265
APPH.OQ,Consumer Staples,1266
MTSI.OQ,Technology,1267
PARA.OQ,Consumer Discretionary,1268
COO.N,Health Care,1269
PAYX.OQ,Industrials,1270
LUMN.N,Telecommunications,1271
ALTR.OQ,Technology,1272
FC.N,Industrials,1273
XPEV.N,Consumer Discretionary,1274
URI.N,Industrials,1275
MCW.N,Consumer Discretionary,1276
PEGA.OQ,Technology,1277
PL.N,Technology,1278
ST.N,Industrials,1279
PVH.N,Consumer Discretionary,1280
ZS.OQ,Technology,1281
GGG.N,Industrials,1282
WOW.N,Telecommunications,1283
CAKE.OQ,Consumer Discretionary,1284
CODI.N,Financials,1285
PCOR.N,Technology,1286
ALTO.OQ,Basic Materials,1287
EGRX.OQ,Health Care,1288
DIOD.OQ,Technology,1289
ANSS.OQ,Technology,1290
WLY.N,Consumer Discretionary,1291
MANH.OQ,Technology,1292
ZBRA.OQ,Industrials,1293
MSA.N,Industrials,1294
CDNA.OQ,Health Care,1295
FLS.N,Industrials,1296
THRY.OQ,Consumer Discretionary,1297
VREX.OQ,Health Care,1298
BRLT.OQ,Consumer Discretionary,1299
DDS.N,Consumer Discretionary,1300
KRO.N,Industrials,1301
CCL.N,Consumer Discretionary,1302
SRRK.OQ,Health Care,1303
CSTL.OQ,Health Care,1304
INO.OQ,Health Care,1305
ATRC.OQ,Health Care,1306
LFST.OQ,Health Care,1307
ARCE.OQ,Consumer Discretionary,1308
QCOM.OQ,Technology,1309
KURA.OQ,Health Care,1310
RMR.OQ,Real Estate,1311
MIDD.OQ,Industrials,1312
CERE.OQ,Health Care,1313
DYN.OQ,Health Care,1314
EVR.N,Financials,1315
SLGC.OQ,Health Care,1316
CDMO.OQ,Health Care,1317
RADI.OQ,Real Estate,1318
DOOR.N,Industrials,1319
WTS.N,Industrials,1320
SWK.N,Industrials,1321
PGNY.OQ,Health Care,1322
MCO.N,Financials,1323
CRUS.OQ,Technology,1324
PCTY.OQ,Industrials,1325
AOS.N,Industrials,1326
CRDO.OQ,Technology,1327
SRI.N,Consumer Discretionary,1328
ODFL.OQ,Industrials,1329
RXRX.OQ,Health Care,1330
PRCT.OQ,Health Care,1331
EBS.N,Health Care,1332
PNR.N,Industrials,1333
ITGR.N,Health Care,1334
FCEL.OQ,Energy,1335
BJRI.OQ,Consumer Discretionary,1336
WOOF.OQ,Consumer Discretionary,1337
TDOC.N,Health Care,1338
OMI.N,Health Care,1339
BFAM.N,Consumer Discretionary,1340
THRM.OQ,Consumer Discretionary,1341
WAT.N,Industrials,1342
POWI.OQ,Technology,1343
PLAB.OQ,Technology,1344
GPRO.OQ,Consumer Discretionary,1345
AYI.N,Industrials,1346
XPO.N,Industrials,1347
WEN.OQ,Consumer Discretionary,1348
PCRX.OQ,Health Care,1349
SITE.N,Consumer Discretionary,1350
CCCC.OQ,Health Care,1351
RRR.OQ,Consumer Discretionary,1352
TWOU.OQ,Consumer Discretionary,1353
CLPT.OQ,Health Care,1354
LIVN.OQ,Health Care,1355
HLMN.OQ,Industrials,1356
EFX.N,Industrials,1357
MNRO.OQ,Consumer Discretionary,1358
MLKN.OQ,Consumer Discretionary,1359
VFC.N,Consumer Discretionary,1360
WDFC.OQ,Consumer Staples,1361
WBA.OQ,Consumer Staples,1362
NGMS.OQ,Consumer Discretionary,1363
COUR.N,Consumer Discretionary,1364
IPSC.OQ,Health Care,1365
FIVE.OQ,Consumer Discretionary,1366
BARK.N,Consumer Discretionary,1367
PSFE.N,Industrials,1368
ACEL.N,Consumer Discretionary,1369
BCOR.OQ,Financials,1370
WSM.N,Consumer Discretionary,1371
DOCN.N,Technology,1372
CENX.OQ,Basic Materials,1373
DNB.N,Technology,1374
INNV.OQ,Health Care,1375
CPRI.N,Consumer Discretionary,1376
CRM.N,Technology,1377
ASTE.OQ,Industrials,1378
KLIC.OQ,Technology,1379
CFLT.OQ,Technology,1380
EVC.N,Consumer Discretionary,1381
SSD.N,Industrials,1382
VRT.N,Technology,1383
EXP.N,Industrials,1384
NVDA.OQ,Technology,1385
RCM.OQ,Health Care,1386
AWI.N,Industrials,1387
MYGN.OQ,Health Care,1388
BLDR.N,Industrials,1389
LEVI.N,Consumer Discretionary,1390
CHTR.OQ,Telecommunications,1391
AMD.OQ,Technology,1392
VRTS.OQ,Financials,1393
WGO.N,Consumer Discretionary,1394
LPSN.OQ,Technology,1395
HRI.N,Industrials,1396
OPK.OQ,Health Care,1397
EXPE.OQ,Consumer Discretionary,1398
KMX.N,Consumer Discretionary,1399
RDNT.OQ,Health Care,1400
IART.OQ,Health Care,1401
EYE.OQ,Consumer Discretionary,1402
ENV.N,Technology,1403
SWBI.OQ,Consumer Discretionary,1404
SLAB.OQ,Technology,1405
ZD.OQ,Technology,1406
BBY.N,Consumer Discretionary,1407
KIDS.OQ,Health Care,1408
KLAC.OQ,Technology,1409
AXON.OQ,Industrials,1410
BEAM.OQ,Health Care,1411
CDAY.N,Technology,1412
XNCR.OQ,Health Care,1413
FORM.OQ,Technology,1414
SPGI.N,Financials,1415
SKIL.N,Industrials,1416
SHOP.N,Technology,1417
ADBE.OQ,Technology,1418
SPR.N,Industrials,1419
RNG.N,Technology,1420
SMTC.OQ,Technology,1421
OSIS.OQ,Industrials,1422
OLLI.OQ,Consumer Discretionary,1423
KWR.N,Basic Materials,1424
HWKN.OQ,Basic Materials,1425
WSO.N,Industrials,1426
IBP.N,Industrials,1427
MDB.OQ,Technology,1428
DASH.N,Technology,1429
MLAB.OQ,Industrials,1430
ARVN.OQ,Health Care,1431
LQDA.OQ,Health Care,1432
ROCK.OQ,Industrials,1433
TNC.N,Industrials,1434
APPN.OQ,Technology,1435
HZO.N,Consumer Discretionary,1436
CAL.N,Consumer Discretionary,1437
QRVO.OQ,Technology,1438
THC.N,Health Care,1439
BL.OQ,Technology,1440
SAM.N,Consumer Staples,1441
NWL.OQ,Consumer Discretionary,1442
EPAC.N,Industrials,1443
IDEX.OQ,Industrials,1444
CVCO.OQ,Consumer Discretionary,1445
EEFT.OQ,Industrials,1446
LPRO.OQ,Financials,1447
LCID.OQ,Consumer Discretionary,1448
SMRT.N,Technology,1449
LTH.N,Consumer Discretionary,1450
BOOT.N,Consumer Discretionary,1451
PLOW.N,Industrials,1452
TSE.N,Industrials,1453
DSKE.OQ,Industrials,1454
NVRO.N,Health Care,1455
PENN.OQ,Consumer Discretionary,1456
PLTR.N,Technology,1457
DLO.OQ,Industrials,1458
SHOO.OQ,Consumer Discretionary,1459
CTLT.N,Health Care,1460
ANGI.OQ,Consumer Discretionary,1461
TILE.OQ,Consumer Discretionary,1462
URBN.OQ,Consumer Discretionary,1463
SAIA.OQ,Industrials,1464
CSV.N,Consumer Discretionary,1465
CABO.N,Telecommunications,1466
NAUT.OQ,Health Care,1467
LE.OQ,Consumer Discretionary,1468
BC.N,Industrials,1469
ATRO.OQ,Industrials,1470
DDD.N,Technology,1471
DNA.N,Health Care,1472
AMRX.N,Health Care,1473
UAL.OQ,Consumer Discretionary,1474
BODY.N,Technology,1475
SEDG.OQ,Energy,1476
HAIN.OQ,Consumer Staples,1477
ALRM.OQ,Technology,1478
LCII.N,Consumer Discretionary,1479
QTWO.N,Technology,1480
AZTA.OQ,Health Care,1481
LGND.OQ,Health Care,1482
CZR.OQ,Consumer Discretionary,1483
ELAN.N,Health Care,1484
SILK.OQ,Health Care,1485
NEO.OQ,Health Care,1486
MMM.N,Industrials,1487
MXCT.OQ,Health Care,1488
AUPH.OQ,Health Care,1489
SHYF.OQ,Industrials,1490
KTB.N,Consumer Discretionary,1491
SHC.OQ,Health Care,1492
DLTR.OQ,Consumer Discretionary,1493
INSP.N,Health Care,1494
ALLE.N,Industrials,1495
RXT.OQ,Technology,1496
AVAV.OQ,Industrials,1497
CRI.N,Consumer Discretionary,1498
DLX.N,Industrials,1499
M.N,Consumer Discretionary,1500
OPEN.OQ,Real Estate,1501
MED.N,Consumer Staples,1502
BVS.OQ,Health Care,1503
VICR.OQ,Industrials,1504
HOUS.N,Real Estate,1505
IAS.OQ,Consumer Discretionary,1506
OM.OQ,Health Care,1507
LSCC.OQ,Technology,1508
RBLX.N,Consumer Discretionary,1509
SPCE.N,Industrials,1510
BOOM.OQ,Energy,1511
PATK.OQ,Industrials,1512
VZIO.N,Consumer Discretionary,1513
MKFG.N,Industrials,1514
AXGN.OQ,Health Care,1515
MTTR.OQ,Technology,1516
AAP.N,Consumer Discretionary,1517
SE.N,Technology,1518
HAYW.N,Industrials,1519
GPS.N,Consumer Discretionary,1520
BGFV.OQ,Consumer Discretionary,1521
VVI.N,Consumer Discretionary,1522
PRO.N,Technology,1523
THO.N,Consumer Discretionary,1524
QRTEA.OQ,Consumer Discretionary,1525
DORM.OQ,Consumer Discretionary,1526
PRTA.OQ,Health Care,1527
JBT.N,Industrials,1528
OLPX.OQ,Consumer Staples,1529
FGEN.OQ,Health Care,1530
MYTE.N,Consumer Discretionary,1531
PACK.N,Industrials,1532
WLDN.OQ,Industrials,1533
SKY.N,Consumer Discretionary,1534
MPWR.OQ,Technology,1535
JELD.N,Industrials,1536
STNE.OQ,Industrials,1537
HDSN.OQ,Industrials,1538
RGEN.OQ,Health Care,1539
ETSY.OQ,Consumer Discretionary,1540
CLOV.OQ,Health Care,1541
WWW.N,Consumer Discretionary,1542
LZ.OQ,Industrials,1543
MASI.OQ,Health Care,1544
AZEK.N,Industrials,1545
UP.N,Consumer Discretionary,1546
QSI.OQ,Health Care,1547
TER.OQ,Technology,1548
IGT.N,Consumer Discretionary,1549
FORG.N,Technology,1550
EAF.N,Basic Materials,1551
XOS.OQ,Industrials,1552
PTON.OQ,Consumer Discretionary,1553
BIG.N,Consumer Discretionary,1554
KTOS.OQ,Industrials,1555
HYLN.N,Industrials,1556
AMRN.OQ,Health Care,1557
ARWR.OQ,Health Care,1558
PUBM.OQ,Technology,1559
SBLK.OQ,Industrials,1560
CNMD.N,Health Care,1561
RCKT.OQ,Health Care,1562
STX.OQ,Technology,1563
GES.N,Consumer Discretionary,1564
DNMR.N,Industrials,1565
ALEC.OQ,Health Care,1566
KSS.N,Consumer Discretionary,1567
SONO.OQ,Consumer Discretionary,1568
CHWY.N,Consumer Discretionary,1569
TPX.N,Consumer Discretionary,1570
RIOT.OQ,Financials,1571
BIRD.OQ,Consumer Discretionary,1572
ENR.N,Consumer Staples,1573
FOXF.OQ,Consumer Discretionary,1574
NKTR.OQ,Health Care,1575
MCG.N,Consumer Discretionary,1576
COMP.N,Real Estate,1577
ZWS.N,Industrials,1578
ONON.N,Consumer Discretionary,1579
FTDR.OQ,Consumer Discretionary,1580
BKNG.OQ,Consumer Discretionary,1581
BROS.N,Consumer Discretionary,1582
APLS.OQ,Health Care,1583
LAZR.OQ,Consumer Discretionary,1584
BLMN.OQ,Consumer Discretionary,1585
LYFT.OQ,Consumer Discretionary,1586
JMIA.N,Technology,1587
FIVN.OQ,Technology,1588
JOAN.OQ,Consumer Discretionary,1589
TGLS.N,Industrials,1590
CHS.N,Consumer Discretionary,1591
WKME.OQ,Technology,1592
APP.OQ,Technology,1593
RVMD.OQ,Health Care,1594
HBI.N,Consumer Discretionary,1595
TRIP.OQ,Consumer Discretionary,1596
FVRR.N,Technology,1597
COHR.OQ,Technology,1598
AKYA.OQ,Health Care,1599
MNDY.OQ,Technology,1600
RSI.N,Consumer Discretionary,1601
VMEO.OQ,Technology,1602
HUMA.OQ,Health Care,1603
POOL.OQ,Consumer Discretionary,1604
SITM.OQ,Technology,1605
GNRC.N,Industrials,1606
BGRY.OQ,Industrials,1607
RBOT.N,Health Care,1608
PLCE.OQ,Consumer Discretionary,1609
EVLV.OQ,Industrials,1610
FND.N,Consumer Discretionary,1611
RVLV.N,Consumer Discretionary,1612
SYNA.OQ,Technology,1613
NUVA.OQ,Health Care,1614
TSP.OQ,Industrials,1615
COOK.N,Consumer Discretionary,1616
LUNG.OQ,Health Care,1617
NKTX.OQ,Health Care,1618
PZZA.OQ,Consumer Discretionary,1619
FSLY.N,Technology,1620
HNST.OQ,Consumer Staples,1621
AIRS.OQ,Health Care,1622
AFMD.OQ,Health Care,1623
NOVT.OQ,Technology,1624
NVTA.N,Health Care,1625
TREX.N,Industrials,1626
MGNI.OQ,Technology,1627
CERS.OQ,Health Care,1628
GLBE.OQ,Technology,1629
SGRY.OQ,Health Care,1630
SPLK.OQ,Technology,1631
HLIO.N,Industrials,1632
ABCL.OQ,Health Care,1633
KOD.OQ,Health Care,1634
IOVA.OQ,Health Care,1635
JYNT.OQ,Health Care,1636
SKIN.OQ,Consumer Staples,1637
NVTS.OQ,Technology,1638
AMRS.OQ,Basic Materials,1639
RENT.OQ,Consumer Discretionary,1640
RAD.N,Consumer Staples,1641
CVNA.N,Consumer Discretionary,1642
GME.N,Consumer Discretionary,1643
ATRA.OQ,Health Care,1644
DOCU.OQ,Technology,1645
BAND.OQ,Technology,1646
MEDP.OQ,Health Care,1647
SG.N,Consumer Discretionary,1648
BCAB.OQ,Health Care,1649
JWN.N,Consumer Discretionary,1650
YOU.N,Technology,1651
LOVE.OQ,Consumer Discretionary,1652
SMG.N,Basic Materials,1653
TNDM.OQ,Health Care,1654
BIGC.OQ,Technology,1655
MELI.OQ,Consumer Discretionary,1656
VSCO.N,Consumer Discretionary,1657
BLI.OQ,Health Care,1658
ABSI.OQ,Health Care,1659
WIX.OQ,Technology,1660
JANX.OQ,Health Care,1661
BURL.N,Consumer Discretionary,1662
MSTR.OQ,Technology,1663
FATE.OQ,Health Care,1664
BMBL.OQ,Technology,1665
VTYX.OQ,Health Care,1666
PACB.OQ,Health Care,1667
WKHS.OQ,Industrials,1668
CIR.N,Industrials,1669
CLDX.OQ,Health Care,1670
DSGR.OQ,Industrials,1671
CNK.N,Consumer Discretionary,1672
KRUS.OQ,Consumer Discretionary,1673
ASAN.N,Technology,1674
CHRS.OQ,Health Care,1675
DTC.N,Consumer Discretionary,1676
XPEL.OQ,Consumer Discretionary,1677
EXPI.OQ,Real Estate,1678
OSTK.OQ,Consumer Discretionary,1679
NVAX.OQ,Health Care,1680
CYRX.OQ,Industrials,1681
PETQ.OQ,Health Care,1682
RANI.OQ,Health Care,1683
TYRA.OQ,Health Care,1684
PRTS.OQ,Consumer Discretionary,1685
RH.N,Consumer Discretionary,1686
CDLX.OQ,Consumer Discretionary,1687
NOTV.OQ,Health Care,1688
GRPN.OQ,Technology,1689
CDXS.OQ,Health Care,1690
TWST.OQ,Health Care,1691
VCEL.OQ,Health Care,1692
LOOP.OQ,Utilities,1693
TREE.OQ,Financials,1694
ANF.N,Consumer Discretionary,1695
VUZI.OQ,Consumer Discretionary,1696
BWMX.OQ,Consumer Staples,1697
ADCT.N,Health Care,1698
MARA.OQ,Financials,1699
NET.N,Technology,1700
TXG.OQ,Health Care,1701
RDFN.OQ,Real Estate,1702
SKYT.OQ,Technology,1703
SFIX.OQ,Consumer Discretionary,1704
COIN.OQ,Financials,1705
BYND.OQ,Consumer Staples,1706
OMER.OQ,Health Care,1707
