Instrument,ICB Industry name,Rank
LUMN.N,Telecommunications,1
WBD.OQ,Consumer Discretionary,2
OPEN.OQ,Real Estate,3
PCG.N,Utilities,4
THC.N,Health Care,5
CLF.N,Basic Materials,6
MLCO.OQ,Consumer Discretionary,7
ADT.N,Industrials,8
MAT.OQ,Consumer Discretionary,9
JWN.N,Consumer Discretionary,10
STX.OQ,Technology,11
UBER.N,Consumer Discretionary,12
NET.N,Technology,13
NWL.OQ,Consumer Discretionary,14
IRM.N,Real Estate,15
DVA.N,Health Care,16
FWONA.OQ,Consumer Discretionary,17
FYBR.OQ,Telecommunications,18
CCK.N,Industrials,19
CVNA.N,Consumer Discretionary,20
ETRN.N,Energy,21
HBI.N,Consumer Discretionary,22
IHRT.OQ,Consumer Discretionary,23
IRDM.OQ,Telecommunications,24
SPR.N,Industrials,25
PEN.N,Health Care,26
UNP.N,Industrials,27
CSX.OQ,Industrials,28
CSTM.N,Basic Materials,29
DM.N,Industrials,30
SCCO.N,Basic Materials,31
PARA.OQ,Consumer Discretionary,32
LVS.N,Consumer Discretionary,33
CNK.N,Consumer Discretionary,34
VNET.OQ,Technology,35
COTY.N,Consumer Discretionary,36
WY.N,Real Estate,37
USAC.N,Energy,38
ARCE.OQ,Consumer Discretionary,39
TRGP.N,Energy,40
SWN.N,Energy,41
EDR.N,Consumer Discretionary,42
CWK.N,Real Estate,43
LYB.N,Basic Materials,44
SGRY.OQ,Health Care,45
BALL.N,Industrials,46
EBAY.OQ,Consumer Discretionary,47
NOVA.N,Utilities,48
PLTR.N,Technology,49
NS.N,Energy,50
OXY.N,Energy,51
HAS.OQ,Consumer Discretionary,52
MPLX.N,Energy,53
AVTR.N,Health Care,54
CC.N,Basic Materials,55
GEVO.OQ,Energy,56
TROX.N,Basic Materials,57
SEE.N,Industrials,58
BKD.N,Health Care,59
SBH.N,Consumer Discretionary,60
MMP.N,Energy,61
CRK.N,Energy,62
CCI.N,Real Estate,63
NXST.OQ,Consumer Discretionary,64
INFA.N,Technology,65
HRT.N,Industrials,66
WIX.OQ,Technology,67
EXPE.OQ,Consumer Discretionary,68
BL.OQ,Technology,69
MTN.N,Consumer Discretionary,70
OKE.N,Energy,71
CPB.N,Consumer Staples,72
ALNY.OQ,Health Care,73
XPO.N,Industrials,74
RRC.N,Energy,75
ARMK.N,Consumer Discretionary,76
INFN.OQ,Telecommunications,77
KOS.N,Energy,78
OPK.OQ,Health Care,79
WOW.N,Telecommunications,80
OVV.N,Energy,81
PTCT.OQ,Health Care,82
AM.N,Energy,83
ENR.N,Consumer Staples,84
PRVA.OQ,Health Care,85
PTON.OQ,Consumer Discretionary,86
WES.N,Energy,87
WSC.OQ,Industrials,88
HLT.N,Consumer Discretionary,89
CTLT.N,Health Care,90
NRG.N,Utilities,91
PTLO.OQ,Consumer Discretionary,92
APP.OQ,Technology,93
NSC.N,Industrials,94
OPCH.OQ,Health Care,95
SE.N,Technology,96
PLUG.OQ,Energy,97
NXPI.OQ,Technology,98
EVA.N,Energy,99
CNX.N,Energy,100
QSR.N,Consumer Discretionary,101
WOOF.OQ,Consumer Discretionary,102
IGT.N,Consumer Discretionary,103
GIS.N,Consumer Staples,104
FTCH.N,Consumer Discretionary,105
POST.N,Consumer Staples,106
NKTR.OQ,Health Care,107
ACI.N,Consumer Staples,108
TGNA.N,Consumer Discretionary,109
QTWO.N,Technology,110
ZTS.N,Health Care,111
DNB.N,Technology,112
LYFT.OQ,Consumer Discretionary,113
MANU.N,Consumer Discretionary,114
IHS.N,Telecommunications,115
BERY.N,Industrials,116
MCHP.OQ,Technology,117
SPOT.N,Consumer Discretionary,118
IP.N,Basic Materials,119
LCID.OQ,Consumer Discretionary,120
AES.N,Utilities,121
SPB.N,Consumer Staples,122
MELI.OQ,Consumer Discretionary,123
AXTA.N,Industrials,124
AMRS.OQ,Basic Materials,125
GPS.N,Consumer Discretionary,126
AA.N,Basic Materials,127
AY.OQ,Utilities,128
MPLN.N,Health Care,129
CNM.N,Industrials,130
HWM.N,Industrials,131
FXLV.N,Consumer Discretionary,132
ST.N,Industrials,133
OLN.N,Basic Materials,134
TIGO.OQ,Telecommunications,135
NCR.N,Technology,136
GEO.N,Real Estate,137
THRY.OQ,Consumer Discretionary,138
CEQP.N,Energy,139
LPI.N,Energy,140
K.N,Consumer Staples,141
KSS.N,Consumer Discretionary,142
ALTR.OQ,Technology,143
LFST.OQ,Health Care,144
SBLK.OQ,Industrials,145
CHDN.OQ,Consumer Discretionary,146
DTE.N,Utilities,147
HOUS.N,Real Estate,148
CCL.N,Consumer Discretionary,149
CMS.N,Utilities,150
BYD.N,Consumer Discretionary,151
MMC.N,Financials,152
ET.N,Energy,153
TRIP.OQ,Consumer Discretionary,154
OUT.N,Real Estate,155
OI.N,Industrials,156
AMRX.N,Health Care,157
MAR.OQ,Consumer Discretionary,158
SPLK.OQ,Technology,159
WKHS.OQ,Industrials,160
SYY.N,Consumer Staples,161
NI.N,Utilities,162
SHW.N,Industrials,163
DNA.N,Health Care,164
OLPX.OQ,Consumer Staples,165
FCX.N,Basic Materials,166
WMB.N,Energy,167
BTU.N,Energy,168
LW.N,Consumer Staples,169
FE.N,Utilities,170
KMI.N,Energy,171
ZS.OQ,Technology,172
PENN.OQ,Consumer Discretionary,173
HAYW.N,Industrials,174
CWENa.N,Utilities,175
GME.N,Consumer Discretionary,176
CRI.N,Consumer Discretionary,177
CLVT.N,Technology,178
PKG.N,Industrials,179
X.N,Basic Materials,180
HLMN.OQ,Industrials,181
IT.N,Technology,182
SRPT.OQ,Health Care,183
ZD.OQ,Technology,184
CEIX.N,Energy,185
INSM.OQ,Health Care,186
LTH.N,Consumer Discretionary,187
DAL.N,Consumer Discretionary,188
ACHC.OQ,Health Care,189
CZR.OQ,Consumer Discretionary,190
NFLX.OQ,Consumer Discretionary,191
MODG.N,Consumer Discretionary,192
SMG.N,Basic Materials,193
SHC.OQ,Health Care,194
F.N,Consumer Discretionary,195
M.N,Consumer Discretionary,196
FCEL.OQ,Energy,197
CANO.N,Health Care,198
IRWD.OQ,Health Care,199
T.N,Telecommunications,200
URI.N,Industrials,201
SUM.N,Industrials,202
LEVI.N,Consumer Discretionary,203
GDEN.OQ,Consumer Discretionary,204
STNE.OQ,Industrials,205
RRR.OQ,Consumer Discretionary,206
KDP.OQ,Consumer Staples,207
ELAN.N,Health Care,208
ALKS.OQ,Health Care,209
AFYA.OQ,Consumer Discretionary,210
ALIT.N,Industrials,211
LILA.OQ,Telecommunications,212
AMCX.OQ,Consumer Discretionary,213
TSE.N,Industrials,214
SKIN.OQ,Consumer Staples,215
BCO.N,Industrials,216
CAG.N,Consumer Staples,217
HLLY.N,Consumer Discretionary,218
WHR.N,Consumer Discretionary,219
QRTEA.OQ,Consumer Discretionary,220
AVAH.OQ,Health Care,221
VVV.N,Basic Materials,222
CLOV.OQ,Health Care,223
KMB.N,Consumer Staples,224
ACM.N,Industrials,225
ASO.OQ,Consumer Discretionary,226
PAA.OQ,Energy,227
SHCR.OQ,Health Care,228
AGTI.N,Health Care,229
BAND.OQ,Technology,230
MCG.N,Consumer Discretionary,231
AWK.N,Utilities,232
TH.OQ,Industrials,233
COHR.OQ,Technology,234
HESM.N,Energy,235
RCL.N,Consumer Discretionary,236
PPL.N,Utilities,237
NVST.N,Health Care,238
AMGN.OQ,Health Care,239
EFX.N,Industrials,240
BGS.N,Consumer Staples,241
NYT.N,Consumer Discretionary,242
FOXA.OQ,Consumer Discretionary,243
ABCL.OQ,Health Care,244
HA.OQ,Consumer Discretionary,245
NFG.N,Utilities,246
VFC.N,Consumer Discretionary,247
RYAN.N,Financials,248
BKI.N,Technology,249
SPH.N,Consumer Discretionary,250
GDDY.N,Technology,251
HL.N,Basic Materials,252
LIVN.OQ,Health Care,253
EVCM.OQ,Technology,254
GILD.OQ,Health Care,255
NCLH.N,Consumer Discretionary,256
TALO.N,Energy,257
FOLD.OQ,Health Care,258
RIG.N,Energy,259
BIP.N,Utilities,260
LAD.N,Consumer Discretionary,261
ZG.OQ,Real Estate,262
POR.N,Utilities,263
HAL.N,Energy,264
SPCE.N,Industrials,265
WMG.OQ,Consumer Discretionary,266
PR.N,Energy,267
MCW.N,Consumer Discretionary,268
EQT.N,Energy,269
NVTA.N,Health Care,270
EXC.OQ,Utilities,271
PPC.OQ,Consumer Staples,272
PAGP.OQ,Energy,273
MERC.OQ,Basic Materials,274
GLW.N,Technology,275
GPRE.OQ,Energy,276
CLX.N,Consumer Staples,277
GT.OQ,Consumer Discretionary,278
SRE.N,Utilities,279
QS.N,Consumer Discretionary,280
LEG.N,Consumer Discretionary,281
UAL.OQ,Consumer Discretionary,282
BSX.N,Health Care,283
RDNT.OQ,Health Care,284
LNT.OQ,Utilities,285
HES.N,Energy,286
EMN.N,Basic Materials,287
EIX.N,Utilities,288
SEM.N,Health Care,289
AEP.OQ,Utilities,290
SUN.N,Energy,291
UGI.N,Utilities,292
EVH.N,Health Care,293
FRG.OQ,Consumer Discretionary,294
KAR.N,Consumer Discretionary,295
CENT.OQ,Consumer Discretionary,296
RXT.OQ,Technology,297
LAZR.OQ,Consumer Discretionary,298
GEL.N,Energy,299
CNP.N,Utilities,300
GOSS.OQ,Health Care,301
SM.N,Energy,302
NOC.N,Industrials,303
INO.OQ,Health Care,304
FMC.N,Basic Materials,305
XEL.OQ,Utilities,306
BMBL.OQ,Technology,307
ES.N,Utilities,308
WEC.N,Utilities,309
DOW.N,Basic Materials,310
PODD.OQ,Health Care,311
BW.N,Industrials,312
RNG.N,Technology,313
AMT.N,Real Estate,314
JMIA.N,Technology,315
SSP.OQ,Consumer Discretionary,316
BIDU.OQ,Technology,317
PEP.OQ,Consumer Staples,318
TMUS.OQ,Telecommunications,319
CHPT.N,Energy,320
CYTK.OQ,Health Care,321
HOLX.OQ,Health Care,322
SOVO.OQ,Consumer Staples,323
MCO.N,Financials,324
EVRI.N,Consumer Discretionary,325
ED.N,Utilities,326
WCC.N,Industrials,327
BODY.N,Technology,328
IQV.N,Health Care,329
BKH.N,Utilities,330
IPG.N,Consumer Discretionary,331
ARNC.N,Basic Materials,332
SO.N,Utilities,333
LBTYA.OQ,Telecommunications,334
THO.N,Consumer Discretionary,335
SSNC.OQ,Technology,336
NEXA.N,Basic Materials,337
NIO.N,Consumer Discretionary,338
VTRS.OQ,Health Care,339
DRVN.OQ,Consumer Discretionary,340
PBF.N,Energy,341
PSTG.N,Technology,342
SST.N,Technology,343
USFD.N,Consumer Staples,344
KR.N,Consumer Staples,345
PGTI.N,Industrials,346
WDC.OQ,Technology,347
KHC.OQ,Consumer Staples,348
AROC.N,Energy,349
TSN.N,Consumer Staples,350
ARKO.OQ,Consumer Discretionary,351
RGNX.OQ,Health Care,352
BIIB.OQ,Health Care,353
FLR.N,Industrials,354
ON.OQ,Technology,355
NOG.N,Energy,356
TT.N,Industrials,357
EVBG.OQ,Technology,358
ORA.N,Utilities,359
CNC.N,Health Care,360
LGFa.N,Consumer Discretionary,361
D.N,Utilities,362
CHTR.OQ,Telecommunications,363
UTL.N,Utilities,364
PATK.OQ,Industrials,365
VRSK.OQ,Industrials,366
DUK.N,Utilities,367
HZNP.OQ,Health Care,368
WOLF.N,Technology,369
ENLC.N,Energy,370
VRRM.OQ,Industrials,371
CVI.N,Energy,372
WFRD.OQ,Energy,373
WTRG.N,Utilities,374
EAF.N,Basic Materials,375
DK.N,Energy,376
CARR.N,Industrials,377
PSFE.N,Industrials,378
GPRO.OQ,Consumer Discretionary,379
ARBE.OQ,Industrials,380
UNVR.N,Basic Materials,381
AN.N,Consumer Discretionary,382
ADNT.N,Consumer Discretionary,383
LH.N,Health Care,384
PTVE.OQ,Industrials,385
PCRX.OQ,Health Care,386
AON.N,Financials,387
OGE.N,Utilities,388
QURE.OQ,Health Care,389
CAT.N,Industrials,390
CSL.N,Industrials,391
MLNK.N,Technology,392
OC.N,Industrials,393
FISV.OQ,Industrials,394
CPNG.N,Consumer Discretionary,395
STZ.N,Consumer Staples,396
QGEN.N,Health Care,397
EHC.N,Health Care,398
SKYW.OQ,Consumer Discretionary,399
LUV.N,Consumer Discretionary,400
WRK.N,Industrials,401
UNFI.N,Consumer Staples,402
DD.N,Industrials,403
EQIX.OQ,Real Estate,404
AVNT.N,Basic Materials,405
AYX.N,Technology,406
LGND.OQ,Health Care,407
CABO.N,Telecommunications,408
WBX.N,Energy,409
AEE.N,Utilities,410
RTX.N,Industrials,411
DSKE.OQ,Industrials,412
R.N,Industrials,413
PNM.N,Utilities,414
RYN.N,Real Estate,415
LZ.OQ,Industrials,416
DDOG.OQ,Technology,417
ANF.N,Consumer Discretionary,418
ABG.N,Consumer Discretionary,419
AVA.N,Utilities,420
DYN.OQ,Health Care,421
ATGE.N,Consumer Discretionary,422
CPE.N,Energy,423
KBR.N,Technology,424
TVTX.OQ,Health Care,425
WH.N,Consumer Discretionary,426
CNSL.OQ,Telecommunications,427
ABBV.N,Health Care,428
SPWR.OQ,Energy,429
AXL.N,Consumer Discretionary,430
PBH.N,Health Care,431
CWAN.N,Financials,432
MD.N,Health Care,433
RPM.N,Industrials,434
HXL.N,Basic Materials,435
TPR.N,Consumer Discretionary,436
AGIO.OQ,Health Care,437
GTES.N,Industrials,438
FTI.N,Energy,439
GTHX.OQ,Health Care,440
DXC.N,Technology,441
AVGO.OQ,Technology,442
ANGI.OQ,Consumer Discretionary,443
JBLU.OQ,Consumer Discretionary,444
ARCO.N,Consumer Discretionary,445
DADA.OQ,Technology,446
DBI.N,Consumer Discretionary,447
VZ.N,Telecommunications,448
VITL.OQ,Consumer Staples,449
ZWS.N,Industrials,450
SUPN.OQ,Health Care,451
ONON.N,Consumer Discretionary,452
MUR.N,Energy,453
CHRS.OQ,Health Care,454
TAP.N,Consumer Staples,455
SFL.N,Industrials,456
EBIX.OQ,Technology,457
GPOR.N,Energy,458
MAXN.OQ,Energy,459
MOH.N,Health Care,460
ASGN.N,Industrials,461
DCPH.OQ,Health Care,462
VREX.OQ,Health Care,463
LDOS.N,Technology,464
PAR.N,Technology,465
ALSN.N,Industrials,466
USM.N,Telecommunications,467
SATS.OQ,Telecommunications,468
FSR.N,Consumer Discretionary,469
PCT.OQ,Industrials,470
DNMR.N,Industrials,471
PYCR.OQ,Technology,472
DH.OQ,Technology,473
SAVE.N,Consumer Discretionary,474
DGX.N,Health Care,475
TRS.OQ,Industrials,476
FCN.N,Industrials,477
WGO.N,Consumer Discretionary,478
PRGO.N,Health Care,479
KTB.N,Consumer Discretionary,480
ASAN.N,Technology,481
OKTA.OQ,Technology,482
WEN.OQ,Consumer Discretionary,483
GEF.N,Industrials,484
GFF.N,Industrials,485
DOOR.N,Industrials,486
ICLR.OQ,Health Care,487
TGH.N,Industrials,488
FIVE.OQ,Consumer Discretionary,489
BBCP.OQ,Industrials,490
TLRY.OQ,Health Care,491
EB.N,Technology,492
ADCT.N,Health Care,493
MKC.N,Consumer Staples,494
HCAT.OQ,Health Care,495
RRX.N,Industrials,496
CMCSA.OQ,Telecommunications,497
RAD.N,Consumer Staples,498
CSV.N,Consumer Discretionary,499
DXCM.OQ,Health Care,500
NOMD.N,Consumer Staples,501
WMT.N,Consumer Discretionary,502
LXU.N,Basic Materials,503
RADI.OQ,Real Estate,504
CXW.N,Industrials,505
RPRX.OQ,Health Care,506
IOVA.OQ,Health Care,507
BALY.N,Consumer Discretionary,508
SLGN.N,Industrials,509
BKR.OQ,Energy,510
PL.N,Technology,511
COIN.OQ,Financials,512
RXRX.OQ,Health Care,513
COLL.OQ,Health Care,514
FTDR.OQ,Consumer Discretionary,515
BDX.N,Health Care,516
SR.N,Utilities,517
ENOV.N,Health Care,518
ATSG.OQ,Industrials,519
RBLX.N,Consumer Discretionary,520
SHO.N,Real Estate,521
INST.N,Consumer Discretionary,522
BG.N,Consumer Staples,523
DNUT.OQ,Consumer Discretionary,524
FUL.N,Industrials,525
BC.N,Industrials,526
SWX.N,Utilities,527
NKTX.OQ,Health Care,528
DVN.N,Energy,529
NBR.N,Energy,530
COMP.N,Real Estate,531
CWH.N,Consumer Discretionary,532
MGNI.OQ,Technology,533
FORM.OQ,Technology,534
MARA.OQ,Financials,535
BFLY.N,Health Care,536
EPC.N,Consumer Staples,537
TPX.N,Consumer Discretionary,538
GOGL.OQ,Industrials,539
FATE.OQ,Health Care,540
NMRK.OQ,Real Estate,541
HEP.N,Energy,542
ZBH.N,Health Care,543
LMT.N,Industrials,544
SAH.N,Consumer Discretionary,545
DAC.N,Industrials,546
MPC.N,Energy,547
AGL.N,Health Care,548
VUZI.OQ,Consumer Discretionary,549
ALK.N,Consumer Discretionary,550
XRX.OQ,Technology,551
TGTX.OQ,Health Care,552
UTZ.N,Consumer Staples,553
VMC.N,Industrials,554
CARS.N,Consumer Discretionary,555
ESMT.N,Technology,556
NGVT.N,Basic Materials,557
ZI.OQ,Technology,558
TNET.N,Industrials,559
AORT.N,Health Care,560
MODV.OQ,Health Care,561
NFE.OQ,Energy,562
TREE.OQ,Financials,563
SJM.N,Consumer Staples,564
CMRE.N,Industrials,565
HI.N,Industrials,566
SRCL.OQ,Utilities,567
PINS.N,Technology,568
TSP.OQ,Industrials,569
JBL.N,Technology,570
TPC.N,Industrials,571
EWCZ.OQ,Consumer Discretionary,572
GD.N,Industrials,573
SKIL.N,Industrials,574
NAT.N,Industrials,575
EYE.OQ,Consumer Discretionary,576
SWI.N,Technology,577
SG.N,Consumer Discretionary,578
ACCO.N,Consumer Staples,579
EBS.N,Health Care,580
FLEX.OQ,Technology,581
SAIC.N,Technology,582
NWN.N,Utilities,583
OLO.N,Technology,584
ESI.N,Basic Materials,585
GPK.N,Industrials,586
ARDX.OQ,Health Care,587
CANG.N,Technology,588
RYAM.N,Basic Materials,589
SNX.N,Technology,590
OSTK.OQ,Consumer Discretionary,591
DAN.N,Consumer Discretionary,592
AJG.N,Financials,593
BMY.N,Health Care,594
ETWO.N,Technology,595
CRWD.OQ,Technology,596
TWOU.OQ,Consumer Discretionary,597
PX.N,Financials,598
APLS.OQ,Health Care,599
MTTR.OQ,Technology,600
ALGT.OQ,Consumer Discretionary,601
MMM.N,Industrials,602
QCOM.OQ,Technology,603
ALVR.OQ,Health Care,604
FWRG.OQ,Consumer Discretionary,605
ACIW.OQ,Industrials,606
RH.N,Consumer Discretionary,607
TAL.N,Consumer Discretionary,608
HUN.N,Basic Materials,609
MNRO.OQ,Consumer Discretionary,610
CHWY.N,Consumer Discretionary,611
NABL.N,Technology,612
WAB.N,Industrials,613
TDS.N,Telecommunications,614
IDCC.OQ,Telecommunications,615
SYNH.OQ,Health Care,616
BEAM.OQ,Health Care,617
DASH.N,Technology,618
EXPI.OQ,Real Estate,619
BR.N,Financials,620
ICE.N,Financials,621
SNDL.OQ,Health Care,622
GWRE.N,Technology,623
HRI.N,Industrials,624
ERAS.OQ,Health Care,625
ENVA.N,Financials,626
BRO.N,Financials,627
VRTS.OQ,Financials,628
GPI.N,Consumer Discretionary,629
FDX.N,Industrials,630
PCH.OQ,Real Estate,631
ARW.N,Technology,632
CRL.N,Health Care,633
CASA.OQ,Telecommunications,634
GKOS.N,Health Care,635
XPER.OQ,Technology,636
TDOC.N,Health Care,637
INT.N,Energy,638
PLAY.OQ,Consumer Discretionary,639
PDCO.OQ,Health Care,640
OCUL.OQ,Health Care,641
BRP.OQ,Financials,642
CLH.N,Utilities,643
BLMN.OQ,Consumer Discretionary,644
HIMS.N,Health Care,645
ACMR.OQ,Technology,646
VTRU.OQ,Consumer Discretionary,647
HSC.N,Utilities,648
FULC.OQ,Health Care,649
PNW.N,Utilities,650
OMCL.OQ,Health Care,651
ALRM.OQ,Technology,652
HQY.OQ,Health Care,653
BJ.N,Consumer Discretionary,654
ASND.OQ,Health Care,655
ASH.N,Basic Materials,656
HUBS.N,Technology,657
AGS.N,Consumer Discretionary,658
SLCA.N,Basic Materials,659
SGH.OQ,Technology,660
PVH.N,Consumer Discretionary,661
IONS.OQ,Health Care,662
DCGO.OQ,Health Care,663
ESTC.N,Technology,664
BZFD.OQ,Technology,665
KURA.OQ,Health Care,666
ALE.N,Utilities,667
BWMX.OQ,Consumer Staples,668
DLTR.OQ,Consumer Discretionary,669
TGLS.N,Industrials,670
TWNK.OQ,Consumer Staples,671
GSM.OQ,Basic Materials,672
KNOP.N,Industrials,673
ECVT.N,Basic Materials,674
SWK.N,Industrials,675
UPS.N,Industrials,676
CRS.N,Basic Materials,677
BAH.N,Industrials,678
LRN.N,Consumer Discretionary,679
BLDR.N,Industrials,680
SON.N,Industrials,681
XRAY.OQ,Health Care,682
DT.N,Technology,683
RVNC.OQ,Health Care,684
GO.OQ,Consumer Staples,685
EL.N,Consumer Discretionary,686
MCS.N,Consumer Discretionary,687
GLNG.OQ,Energy,688
TWKS.OQ,Technology,689
GPRK.N,Energy,690
NOV.N,Energy,691
NVGS.N,Industrials,692
FREY.N,Energy,693
INGR.N,Consumer Staples,694
OTTR.OQ,Industrials,695
CERT.OQ,Health Care,696
XNCR.OQ,Health Care,697
SNCY.OQ,Consumer Discretionary,698
GPN.N,Industrials,699
MDRX.OQ,Technology,700
JELD.N,Industrials,701
CODI.N,Financials,702
RIOT.OQ,Financials,703
VTNR.OQ,Utilities,704
RGEN.OQ,Health Care,705
PTRA.OQ,Industrials,706
RCKT.OQ,Health Care,707
WWW.N,Consumer Discretionary,708
AEVA.N,Technology,709
ACCD.OQ,Health Care,710
NWSA.OQ,Consumer Discretionary,711
GES.N,Consumer Discretionary,712
NBIX.OQ,Health Care,713
TRU.N,Industrials,714
NEM.N,Basic Materials,715
FGEN.OQ,Health Care,716
DLX.N,Industrials,717
AMRC.N,Energy,718
SGEN.OQ,Health Care,719
S.N,Technology,720
RLAY.OQ,Health Care,721
KOP.N,Basic Materials,722
PWSC.N,Consumer Discretionary,723
WM.N,Utilities,724
CAL.N,Consumer Discretionary,725
GMS.N,Industrials,726
PLCE.OQ,Consumer Discretionary,727
NJR.N,Utilities,728
SXC.N,Energy,729
ANDE.OQ,Consumer Staples,730
CNDT.OQ,Industrials,731
EWTX.OQ,Health Care,732
RVMD.OQ,Health Care,733
DKS.N,Consumer Discretionary,734
HLIT.OQ,Telecommunications,735
KEX.N,Industrials,736
SNPO.OQ,Consumer Discretionary,737
OSW.OQ,Consumer Discretionary,738
KO.N,Consumer Staples,739
NEE.N,Utilities,740
G.N,Industrials,741
RL.N,Consumer Discretionary,742
REYN.OQ,Consumer Staples,743
GIII.OQ,Consumer Discretionary,744
LQDA.OQ,Health Care,745
HLX.N,Energy,746
UPLD.OQ,Technology,747
PARR.N,Energy,748
LAUR.OQ,Consumer Discretionary,749
ABSI.OQ,Health Care,750
CENX.OQ,Basic Materials,751
CNMD.N,Health Care,752
RYI.N,Basic Materials,753
APG.N,Industrials,754
CL.N,Consumer Staples,755
NSIT.OQ,Technology,756
MTX.N,Basic Materials,757
CDMO.OQ,Health Care,758
FLS.N,Industrials,759
NSTG.OQ,Health Care,760
NVAX.OQ,Health Care,761
ITRI.OQ,Industrials,762
CERE.OQ,Health Care,763
CHRW.OQ,Industrials,764
STE.N,Health Care,765
TTMI.OQ,Technology,766
SLP.OQ,Technology,767
APTV.N,Consumer Discretionary,768
TNK.N,Industrials,769
PRPL.OQ,Consumer Discretionary,770
IFF.N,Basic Materials,771
AMR.N,Energy,772
LHX.N,Industrials,773
ALTO.OQ,Basic Materials,774
DFIN.N,Industrials,775
EGLE.OQ,Industrials,776
ULH.OQ,Industrials,777
MTW.N,Industrials,778
DV.N,Technology,779
SHLS.OQ,Energy,780
HYLN.N,Industrials,781
BRY.OQ,Energy,782
TKR.N,Basic Materials,783
CDRE.N,Industrials,784
H.N,Consumer Discretionary,785
TDC.N,Technology,786
ALEC.OQ,Health Care,787
CWST.OQ,Utilities,788
DHT.N,Industrials,789
MTLS.OQ,Technology,790
PZZA.OQ,Consumer Discretionary,791
BARK.N,Consumer Discretionary,792
FA.OQ,Industrials,793
KTOS.OQ,Industrials,794
YOU.N,Technology,795
MWA.N,Industrials,796
OMI.N,Health Care,797
DDS.N,Consumer Discretionary,798
BCOR.OQ,Financials,799
VIAV.OQ,Telecommunications,800
GLP.N,Energy,801
BIG.N,Consumer Discretionary,802
DOV.N,Industrials,803
DDD.N,Technology,804
ENV.N,Technology,805
BFb.N,Consumer Staples,806
BCAB.OQ,Health Care,807
EXAS.OQ,Health Care,808
FNKO.OQ,Consumer Discretionary,809
ALEX.N,Real Estate,810
BV.N,Industrials,811
CIEN.N,Telecommunications,812
KALU.OQ,Basic Materials,813
DTC.N,Consumer Discretionary,814
NVRO.N,Health Care,815
BIRD.OQ,Consumer Discretionary,816
AMRN.OQ,Health Care,817
MIDD.OQ,Industrials,818
ACET.OQ,Health Care,819
FORG.N,Technology,820
WK.N,Technology,821
GHC.N,Consumer Discretionary,822
NTLA.OQ,Health Care,823
RVLV.N,Consumer Discretionary,824
HUBB.N,Industrials,825
IART.OQ,Health Care,826
CSIQ.OQ,Energy,827
RPAY.OQ,Industrials,828
LXFR.N,Industrials,829
FVRR.N,Technology,830
BDC.N,Industrials,831
LMAT.OQ,Health Care,832
AWI.N,Industrials,833
DSX.N,Industrials,834
KRO.N,Industrials,835
SCHN.OQ,Basic Materials,836
LPG.N,Industrials,837
BMRN.OQ,Health Care,838
WOR.N,Basic Materials,839
PHAT.OQ,Health Care,840
SOL.N,Energy,841
LE.OQ,Consumer Discretionary,842
TRMB.OQ,Industrials,843
ODP.OQ,Consumer Discretionary,844
IBEX.OQ,Industrials,845
ONTF.N,Technology,846
GLOP.N,Industrials,847
QNST.OQ,Consumer Discretionary,848
FBHS.N,Industrials,849
IAS.OQ,Consumer Discretionary,850
LPRO.OQ,Financials,851
TPIC.OQ,Energy,852
FSLY.N,Technology,853
KRUS.OQ,Consumer Discretionary,854
WWE.N,Consumer Discretionary,855
IBP.N,Industrials,856
FDP.N,Consumer Staples,857
CF.N,Basic Materials,858
AXNX.OQ,Health Care,859
ALLK.OQ,Health Care,860
VSCO.N,Consumer Discretionary,861
VLD.N,Industrials,862
CERS.OQ,Health Care,863
TWI.N,Industrials,864
NEO.OQ,Health Care,865
SFM.OQ,Consumer Staples,866
ROIV.OQ,Health Care,867
GHRS.OQ,Health Care,868
SLAB.OQ,Technology,869
HNST.OQ,Consumer Staples,870
BGRY.OQ,Industrials,871
AZEK.N,Industrials,872
PTC.OQ,Technology,873
GH.OQ,Health Care,874
HCC.N,Energy,875
SHOP.N,Technology,876
NUVA.OQ,Health Care,877
STAA.OQ,Health Care,878
AUPH.OQ,Health Care,879
TGT.N,Consumer Discretionary,880
WWD.OQ,Industrials,881
MLM.N,Industrials,882
HII.N,Industrials,883
VMEO.OQ,Technology,884
BWXT.N,Industrials,885
ACVA.OQ,Consumer Discretionary,886
NTRA.OQ,Health Care,887
GNRC.N,Industrials,888
GNK.N,Industrials,889
RBBN.OQ,Telecommunications,890
ARWR.OQ,Health Care,891
NEX.N,Energy,892
ANGO.OQ,Health Care,893
MYGN.OQ,Health Care,894
TRUP.OQ,Financials,895
ITCI.OQ,Health Care,896
IIIV.OQ,Industrials,897
VZIO.N,Consumer Discretionary,898
TEX.N,Industrials,899
LUNG.OQ,Health Care,900
ALPN.OQ,Health Care,901
BYND.OQ,Consumer Staples,902
ANAB.OQ,Health Care,903
TWST.OQ,Health Care,904
ENVX.OQ,Industrials,905
XYL.N,Industrials,906
OLLI.OQ,Consumer Discretionary,907
CHS.N,Consumer Discretionary,908
WETF.OQ,Financials,909
AZTA.OQ,Health Care,910
CDAY.N,Technology,911
AVDX.OQ,Industrials,912
WTW.OQ,Financials,913
SYNA.OQ,Technology,914
MATW.OQ,Consumer Discretionary,915
ENS.N,Industrials,916
KOD.OQ,Health Care,917
SCS.N,Consumer Discretionary,918
HUMA.OQ,Health Care,919
OEC.N,Basic Materials,920
ATVI.OQ,Consumer Discretionary,921
MX.N,Technology,922
MXL.OQ,Technology,923
SP.OQ,Industrials,924
CNNE.N,Financials,925
VMI.N,Industrials,926
KMT.N,Industrials,927
CSTE.OQ,Industrials,928
MOGa.N,Industrials,929
MGM.N,Consumer Discretionary,930
MA.N,Industrials,931
AMWL.N,Health Care,932
EEFT.OQ,Industrials,933
PRFT.OQ,Technology,934
INDI.OQ,Technology,935
ITW.N,Industrials,936
DQ.N,Basic Materials,937
SYK.N,Health Care,938
ALXO.OQ,Health Care,939
BRLT.OQ,Consumer Discretionary,940
MP.N,Basic Materials,941
TXG.OQ,Health Care,942
LEA.N,Consumer Discretionary,943
NVTS.OQ,Technology,944
CTS.N,Technology,945
GMED.N,Health Care,946
LTHM.N,Basic Materials,947
RDFN.OQ,Real Estate,948
MRVL.OQ,Technology,949
SKX.N,Consumer Discretionary,950
TNDM.OQ,Health Care,951
CHX.OQ,Energy,952
NVCR.OQ,Health Care,953
PTGX.OQ,Health Care,954
EOLS.OQ,Health Care,955
OM.OQ,Health Care,956
MDXG.OQ,Health Care,957
WNS.N,Industrials,958
KAMN.N,Industrials,959
BROS.N,Consumer Discretionary,960
EGIO.OQ,Technology,961
TILE.OQ,Consumer Discretionary,962
MPAA.OQ,Consumer Discretionary,963
KIDS.OQ,Health Care,964
COCO.OQ,Consumer Staples,965
ITGR.N,Health Care,966
MQ.OQ,Industrials,967
HCCI.OQ,Utilities,968
TDW.N,Energy,969
MLKN.OQ,Consumer Discretionary,970
CFLT.OQ,Technology,971
PGNY.OQ,Health Care,972
FLYW.OQ,Industrials,973
JAMF.OQ,Technology,974
FLGT.OQ,Health Care,975
OIS.N,Energy,976
VVI.N,Consumer Discretionary,977
CHK.OQ,Energy,978
ELF.N,Consumer Discretionary,979
PRLD.OQ,Health Care,980
NMM.N,Industrials,981
SXT.N,Basic Materials,982
DAR.N,Consumer Staples,983
PTEN.OQ,Energy,984
SIG.N,Consumer Discretionary,985
LOCL.N,Consumer Staples,986
BFAM.N,Consumer Discretionary,987
ATR.N,Industrials,988
BIOX.OQ,Basic Materials,989
NARI.OQ,Health Care,990
CPLP.OQ,Industrials,991
FIVN.OQ,Technology,992
AKRO.OQ,Health Care,993
ALLE.N,Industrials,994
MODN.N,Technology,995
PRO.N,Technology,996
LPSN.OQ,Technology,997
CMCO.OQ,Industrials,998
COUR.N,Consumer Discretionary,999
MDB.OQ,Technology,1000
ASC.N,Industrials,1001
KRP.N,Energy,1002
WEAV.N,Technology,1003
AVY.N,Basic Materials,1004
CLNE.OQ,Consumer Discretionary,1005
PAG.N,Consumer Discretionary,1006
IPSC.OQ,Health Care,1007
SIBN.OQ,Health Care,1008
REVG.N,Industrials,1009
CIR.N,Industrials,1010
CALM.OQ,Consumer Staples,1011
SFIX.OQ,Consumer Discretionary,1012
VRT.N,Technology,1013
CME.OQ,Financials,1014
TREX.N,Industrials,1015
XENE.OQ,Health Care,1016
DOCU.OQ,Technology,1017
RMAX.N,Real Estate,1018
REZI.N,Industrials,1019
MIRM.OQ,Health Care,1020
IIIN.N,Industrials,1021
VSTO.N,Consumer Discretionary,1022
VRNT.OQ,Technology,1023
FRPT.OQ,Consumer Staples,1024
TNP.N,Industrials,1025
KFY.N,Industrials,1026
TSVT.OQ,Health Care,1027
CBT.N,Basic Materials,1028
HSY.N,Consumer Staples,1029
OGS.N,Utilities,1030
MSTR.OQ,Technology,1031
STRL.OQ,Industrials,1032
OII.N,Energy,1033
IAC.OQ,Technology,1034
VERA.OQ,Health Care,1035
AXGN.OQ,Health Care,1036
AIRS.OQ,Health Care,1037
TNC.N,Industrials,1038
HROW.OQ,Health Care,1039
CDXS.OQ,Health Care,1040
GLBE.OQ,Technology,1041
CHD.N,Consumer Staples,1042
NGMS.OQ,Consumer Discretionary,1043
NETI.N,Industrials,1044
HURN.OQ,Industrials,1045
DY.N,Industrials,1046
SGHC.N,Consumer Discretionary,1047
CW.N,Industrials,1048
RARE.OQ,Health Care,1049
NCNO.OQ,Technology,1050
PRGS.OQ,Technology,1051
TMCI.OQ,Health Care,1052
SMPL.OQ,Consumer Staples,1053
OFIX.OQ,Health Care,1054
SILK.OQ,Health Care,1055
USNA.N,Consumer Staples,1056
EVTC.N,Industrials,1057
HNI.N,Consumer Discretionary,1058
BLKB.OQ,Technology,1059
CVEO.N,Energy,1060
TFX.N,Health Care,1061
URBN.OQ,Consumer Discretionary,1062
BURL.N,Consumer Discretionary,1063
MRO.N,Energy,1064
KEYS.N,Industrials,1065
UPWK.OQ,Technology,1066
CAPL.N,Energy,1067
PKI.N,Health Care,1068
SNA.N,Industrials,1069
COOK.N,Consumer Discretionary,1070
VRAY.OQ,Health Care,1071
ROLL.OQ,Basic Materials,1072
VNOM.OQ,Energy,1073
TOST.N,Technology,1074
SMWB.N,Industrials,1075
AMN.N,Industrials,1076
SSYS.OQ,Technology,1077
MRSN.OQ,Health Care,1078
AMEH.OQ,Health Care,1079
SMTC.OQ,Technology,1080
PRTS.OQ,Consumer Discretionary,1081
YY.OQ,Technology,1082
MTZ.N,Industrials,1083
CRNC.OQ,Technology,1084
FLWS.OQ,Consumer Discretionary,1085
SDGR.OQ,Technology,1086
AVIR.OQ,Health Care,1087
CLDX.OQ,Health Care,1088
NSSC.OQ,Industrials,1089
VSEC.OQ,Industrials,1090
QSI.OQ,Health Care,1091
VCEL.OQ,Health Care,1092
BKNG.OQ,Consumer Discretionary,1093
RANI.OQ,Health Care,1094
DCO.N,Industrials,1095
GVA.N,Industrials,1096
SPTN.OQ,Consumer Staples,1097
B.N,Industrials,1098
SONO.OQ,Consumer Discretionary,1099
KFRC.OQ,Industrials,1100
HAIN.OQ,Consumer Staples,1101
MITK.OQ,Technology,1102
CSGS.OQ,Technology,1103
WDFC.OQ,Consumer Staples,1104
TRVG.OQ,Consumer Discretionary,1105
SPXC.N,Industrials,1106
PDCE.OQ,Energy,1107
TSEM.OQ,Technology,1108
MHK.N,Industrials,1109
GWRS.OQ,Utilities,1110
WLK.N,Basic Materials,1111
HY.N,Industrials,1112
EVC.N,Consumer Discretionary,1113
AMAT.OQ,Technology,1114
MOD.N,Industrials,1115
DORM.OQ,Consumer Discretionary,1116
QRVO.OQ,Technology,1117
BCOV.OQ,Technology,1118
ANIP.OQ,Health Care,1119
GSL.N,Industrials,1120
MTSI.OQ,Technology,1121
CMPX.OQ,Health Care,1122
ABM.N,Industrials,1123
ZETA.N,Technology,1124
DLO.OQ,Industrials,1125
THR.N,Industrials,1126
TDY.N,Industrials,1127
AAPL.OQ,Technology,1128
CHGG.N,Consumer Discretionary,1129
CXM.N,Technology,1130
BOOT.N,Consumer Discretionary,1131
KRNT.OQ,Industrials,1132
CMTL.OQ,Telecommunications,1133
AIN.N,Industrials,1134
KNSA.OQ,Health Care,1135
AMED.OQ,Health Care,1136
DUOL.OQ,Consumer Discretionary,1137
AVD.N,Basic Materials,1138
CDLX.OQ,Consumer Discretionary,1139
ARIS.N,Utilities,1140
HALO.OQ,Health Care,1141
ZEUS.OQ,Basic Materials,1142
PD.N,Technology,1143
VAL.N,Energy,1144
TBLA.OQ,Technology,1145
AMWD.OQ,Industrials,1146
IBM.N,Technology,1147
UFPI.OQ,Basic Materials,1148
DRI.N,Consumer Discretionary,1149
TARS.OQ,Health Care,1150
METC.OQ,Energy,1151
FTV.N,Industrials,1152
STVN.N,Health Care,1153
EVLV.OQ,Industrials,1154
CAKE.OQ,Consumer Discretionary,1155
HLIO.N,Industrials,1156
PUBM.OQ,Technology,1157
PACK.N,Industrials,1158
RICK.OQ,Consumer Discretionary,1159
ATRA.OQ,Health Care,1160
ABT.N,Health Care,1161
PSX.N,Energy,1162
FELE.OQ,Industrials,1163
VLO.N,Energy,1164
LNTH.OQ,Health Care,1165
PCOR.N,Technology,1166
VICR.OQ,Industrials,1167
NGVC.N,Consumer Staples,1168
TYL.N,Technology,1169
CMC.N,Basic Materials,1170
JHG.N,Financials,1171
CASY.OQ,Consumer Staples,1172
VNT.N,Industrials,1173
VRNS.OQ,Technology,1174
HAE.N,Health Care,1175
TYRA.OQ,Health Care,1176
ALT.OQ,Health Care,1177
HSII.OQ,Industrials,1178
PDD.OQ,Technology,1179
ARVN.OQ,Health Care,1180
MGY.N,Energy,1181
HOOD.OQ,Financials,1182
SWBI.OQ,Consumer Discretionary,1183
CRTO.OQ,Technology,1184
BASE.OQ,Technology,1185
PLXS.OQ,Technology,1186
MAN.N,Industrials,1187
ICFI.OQ,Industrials,1188
LVOX.OQ,Technology,1189
NVT.N,Industrials,1190
DIS.N,Consumer Discretionary,1191
CARG.OQ,Technology,1192
AIT.N,Industrials,1193
PERI.OQ,Technology,1194
ENTG.OQ,Technology,1195
MLAB.OQ,Industrials,1196
UP.N,Consumer Discretionary,1197
PRDO.OQ,Consumer Discretionary,1198
PLOW.N,Industrials,1199
CYBR.OQ,Technology,1200
HDSN.OQ,Industrials,1201
DOCN.N,Technology,1202
CTAS.OQ,Industrials,1203
DEN.N,Energy,1204
LPX.N,Industrials,1205
SLDP.OQ,Energy,1206
ATRO.OQ,Industrials,1207
CROX.OQ,Consumer Discretionary,1208
HCSG.OQ,Health Care,1209
PII.N,Consumer Discretionary,1210
NRDY.N,Consumer Discretionary,1211
SCVL.OQ,Consumer Discretionary,1212
CCCC.OQ,Health Care,1213
PRCT.OQ,Health Care,1214
PAY.N,Industrials,1215
LNDC.OQ,Consumer Staples,1216
ARLP.OQ,Energy,1217
AKYA.OQ,Health Care,1218
DXLG.OQ,Consumer Discretionary,1219
PSN.N,Technology,1220
MYRG.OQ,Industrials,1221
FL.N,Consumer Discretionary,1222
RSVR.OQ,Consumer Discretionary,1223
INVE.OQ,Technology,1224
RIVN.OQ,Consumer Discretionary,1225
XPRO.N,Energy,1226
KN.N,Consumer Discretionary,1227
KWR.N,Basic Materials,1228
MYTE.N,Consumer Discretionary,1229
REX.N,Energy,1230
TSLA.OQ,Consumer Discretionary,1231
ATNI.OQ,Telecommunications,1232
LSCC.OQ,Technology,1233
BGFV.OQ,Consumer Discretionary,1234
ABNB.OQ,Consumer Discretionary,1235
NTCT.OQ,Technology,1236
HTLD.OQ,Industrials,1237
TTEC.OQ,Industrials,1238
VERV.OQ,Health Care,1239
ATKR.N,Industrials,1240
STRA.OQ,Consumer Discretionary,1241
ALG.N,Industrials,1242
FC.N,Industrials,1243
ACA.N,Energy,1244
NN.OQ,Technology,1245
TXN.OQ,Technology,1246
DIBS.OQ,Technology,1247
DHX.N,Industrials,1248
SIMO.OQ,Technology,1249
IDXX.OQ,Health Care,1250
GWH.N,Energy,1251
ETSY.OQ,Consumer Discretionary,1252
ARCH.N,Energy,1253
ACEL.N,Consumer Discretionary,1254
SMAR.N,Technology,1255
CHRD.OQ,Energy,1256
PDFS.OQ,Technology,1257
KRT.OQ,Industrials,1258
XMTR.OQ,Technology,1259
RGP.OQ,Industrials,1260
AVNS.N,Health Care,1261
FLT.N,Industrials,1262
PACB.OQ,Health Care,1263
ITRN.OQ,Industrials,1264
SEMR.N,Technology,1265
SAM.N,Consumer Staples,1266
PRIM.OQ,Industrials,1267
PANW.OQ,Technology,1268
BCC.N,Basic Materials,1269
CHEF.OQ,Consumer Staples,1270
NRDS.OQ,Technology,1271
AMD.OQ,Technology,1272
GPP.OQ,Energy,1273
SANM.OQ,Technology,1274
JBT.N,Industrials,1275
TTI.N,Energy,1276
AVAV.OQ,Industrials,1277
SLGC.OQ,Health Care,1278
FERG.N,Industrials,1279
INSW.N,Industrials,1280
ARHS.OQ,Consumer Discretionary,1281
CRDO.OQ,Technology,1282
DINO.N,Energy,1283
MANH.OQ,Technology,1284
MTD.N,Industrials,1285
BLD.N,Industrials,1286
THRM.OQ,Consumer Discretionary,1287
DENN.OQ,Consumer Discretionary,1288
ENPH.OQ,Energy,1289
AGX.N,Industrials,1290
BJRI.OQ,Consumer Discretionary,1291
WLKP.N,Basic Materials,1292
ALV.N,Consumer Discretionary,1293
EW.N,Health Care,1294
BIGC.OQ,Technology,1295
WNC.N,Industrials,1296
IEX.N,Industrials,1297
WERN.OQ,Industrials,1298
SBOW.N,Energy,1299
KRYS.OQ,Health Care,1300
UCTT.OQ,Technology,1301
AFMD.OQ,Health Care,1302
FND.N,Consumer Discretionary,1303
WAT.N,Industrials,1304
FCFS.OQ,Financials,1305
MOS.N,Basic Materials,1306
NOTV.OQ,Health Care,1307
CECE.OQ,Industrials,1308
CE.N,Basic Materials,1309
VSAT.OQ,Telecommunications,1310
LOVE.OQ,Consumer Discretionary,1311
META.OQ,Technology,1312
MASS.OQ,Health Care,1313
SMP.N,Consumer Discretionary,1314
DAVA.N,Technology,1315
POOL.OQ,Consumer Discretionary,1316
AOSL.OQ,Technology,1317
VTYX.OQ,Health Care,1318
FORR.OQ,Industrials,1319
TXT.N,Industrials,1320
GWW.N,Industrials,1321
SWAV.OQ,Health Care,1322
KLAC.OQ,Technology,1323
SNDR.N,Industrials,1324
CACI.N,Technology,1325
PRTA.OQ,Health Care,1326
HZO.N,Consumer Discretionary,1327
KNX.N,Industrials,1328
MATX.N,Industrials,1329
MOMO.OQ,Technology,1330
PSMT.OQ,Consumer Discretionary,1331
WST.N,Health Care,1332
RBOT.N,Health Care,1333
SSD.N,Industrials,1334
MASI.OQ,Health Care,1335
CBRE.N,Real Estate,1336
ECL.N,Basic Materials,1337
RXST.OQ,Health Care,1338
III.OQ,Industrials,1339
GAMB.OQ,Consumer Discretionary,1340
HSIC.OQ,Health Care,1341
FANG.OQ,Energy,1342
MOV.N,Consumer Discretionary,1343
NTAP.OQ,Technology,1344
ARCB.OQ,Industrials,1345
CDNS.OQ,Technology,1346
HP.N,Energy,1347
SMRT.N,Technology,1348
MRCY.OQ,Industrials,1349
AMSWA.OQ,Technology,1350
CSTL.OQ,Health Care,1351
MCFT.OQ,Consumer Discretionary,1352
RS.N,Basic Materials,1353
SITE.N,Consumer Discretionary,1354
MDLZ.OQ,Consumer Staples,1355
DRQ.N,Energy,1356
NATI.OQ,Technology,1357
RMBS.OQ,Technology,1358
VSH.N,Technology,1359
SRI.N,Consumer Discretionary,1360
IPAR.OQ,Consumer Discretionary,1361
JBHT.OQ,Industrials,1362
CCRN.OQ,Industrials,1363
INSP.N,Health Care,1364
HSTM.OQ,Health Care,1365
CVGW.OQ,Consumer Staples,1366
LZB.N,Consumer Discretionary,1367
YELP.N,Technology,1368
LKQ.OQ,Consumer Discretionary,1369
MED.N,Consumer Staples,1370
ETD.N,Consumer Discretionary,1371
NEWR.N,Technology,1372
BLFS.OQ,Health Care,1373
BMEA.OQ,Health Care,1374
TTWO.OQ,Consumer Discretionary,1375
SAIA.OQ,Industrials,1376
LNN.N,Industrials,1377
CBZ.N,Industrials,1378
FSLR.OQ,Energy,1379
KAI.N,Industrials,1380
ROK.N,Industrials,1381
NPO.N,Industrials,1382
J.N,Industrials,1383
RSI.N,Consumer Discretionary,1384
PHR.N,Health Care,1385
ICUI.OQ,Health Care,1386
AMPH.OQ,Health Care,1387
POWL.OQ,Industrials,1388
KC.OQ,Technology,1389
AVO.OQ,Consumer Staples,1390
NDAQ.OQ,Financials,1391
SGHT.OQ,Health Care,1392
MXCT.OQ,Health Care,1393
NVMI.OQ,Technology,1394
IPI.N,Basic Materials,1395
SHEN.OQ,Telecommunications,1396
CYRX.OQ,Industrials,1397
UFPT.OQ,Health Care,1398
PCTY.OQ,Industrials,1399
POWI.OQ,Technology,1400
A.N,Health Care,1401
RCM.OQ,Health Care,1402
CNXC.OQ,Technology,1403
NDSN.OQ,Industrials,1404
RELY.OQ,Industrials,1405
PPG.N,Industrials,1406
AYI.N,Industrials,1407
GTLS.N,Industrials,1408
NWPX.OQ,Basic Materials,1409
CRUS.OQ,Technology,1410
SHOO.OQ,Consumer Discretionary,1411
TTC.N,Industrials,1412
XPEV.N,Consumer Discretionary,1413
PAYX.OQ,Industrials,1414
NAUT.OQ,Health Care,1415
JJSF.OQ,Consumer Staples,1416
IRTC.OQ,Health Care,1417
CLB.N,Energy,1418
RNW.OQ,Utilities,1419
APOG.OQ,Industrials,1420
DIOD.OQ,Technology,1421
CPSI.OQ,Health Care,1422
INNV.OQ,Health Care,1423
ALKT.OQ,Technology,1424
NUE.N,Basic Materials,1425
MSM.N,Industrials,1426
FAST.OQ,Basic Materials,1427
OSIS.OQ,Industrials,1428
NXGN.OQ,Health Care,1429
ASIX.N,Basic Materials,1430
WBA.OQ,Consumer Staples,1431
DGII.OQ,Telecommunications,1432
MEI.N,Technology,1433
SPGI.N,Financials,1434
CPRT.OQ,Consumer Discretionary,1435
OLED.OQ,Technology,1436
JNPR.N,Telecommunications,1437
WSM.N,Consumer Discretionary,1438
STR.N,Energy,1439
KLIC.OQ,Technology,1440
DECK.N,Consumer Discretionary,1441
GDOT.N,Industrials,1442
FDS.N,Financials,1443
BTAI.OQ,Health Care,1444
TXRH.OQ,Consumer Discretionary,1445
SPNS.OQ,Technology,1446
PLAB.OQ,Technology,1447
LCII.N,Consumer Discretionary,1448
UTHR.OQ,Health Care,1449
OPRA.OQ,Technology,1450
MKSI.OQ,Industrials,1451
HUBG.OQ,Industrials,1452
PNR.N,Industrials,1453
HIBB.OQ,Consumer Discretionary,1454
CDNA.OQ,Health Care,1455
YUMC.N,Consumer Discretionary,1456
NVEE.OQ,Industrials,1457
FSS.N,Industrials,1458
MKFG.N,Industrials,1459
ARLO.N,Consumer Discretionary,1460
FOXF.OQ,Consumer Discretionary,1461
FATH.N,Industrials,1462
ICHR.OQ,Technology,1463
FARO.OQ,Industrials,1464
CAMT.OQ,Technology,1465
CRAI.OQ,Industrials,1466
AUDC.OQ,Telecommunications,1467
ADM.N,Consumer Staples,1468
BIO.N,Health Care,1469
LASR.OQ,Technology,1470
ULCC.OQ,Consumer Discretionary,1471
SKY.N,Consumer Discretionary,1472
IR.N,Industrials,1473
MYPS.OQ,Consumer Discretionary,1474
ATO.N,Utilities,1475
SCL.N,Basic Materials,1476
RADA.OQ,Industrials,1477
LAW.N,Industrials,1478
MMS.N,Industrials,1479
BSM.N,Energy,1480
OXM.N,Consumer Discretionary,1481
ROAD.OQ,Industrials,1482
BSY.OQ,Technology,1483
AIR.N,Industrials,1484
EXP.N,Industrials,1485
RMR.OQ,Real Estate,1486
GXO.N,Industrials,1487
MTRN.N,Basic Materials,1488
INTA.OQ,Technology,1489
BBSI.OQ,Industrials,1490
APH.N,Technology,1491
CVCO.OQ,Consumer Discretionary,1492
WLY.N,Consumer Discretionary,1493
COHU.OQ,Technology,1494
MGPI.OQ,Consumer Staples,1495
JANX.OQ,Health Care,1496
TTEK.OQ,Industrials,1497
TENB.OQ,Technology,1498
ACLS.OQ,Technology,1499
BRKR.OQ,Health Care,1500
QLYS.OQ,Technology,1501
LITE.OQ,Telecommunications,1502
DNOW.N,Energy,1503
CIVI.N,Energy,1504
CVLG.OQ,Industrials,1505
LBRT.N,Energy,1506
RNGR.N,Energy,1507
MNDY.OQ,Technology,1508
VERX.OQ,Technology,1509
AZZ.N,Industrials,1510
CSGP.OQ,Real Estate,1511
ANIK.OQ,Health Care,1512
EGRX.OQ,Health Care,1513
INCY.OQ,Health Care,1514
WTTR.N,Energy,1515
AVT.OQ,Technology,1516
EPAC.N,Industrials,1517
COP.N,Energy,1518
NX.N,Industrials,1519
BHIL.N,Consumer Staples,1520
ATRC.OQ,Health Care,1521
AJRD.N,Industrials,1522
VERI.OQ,Technology,1523
DLB.N,Technology,1524
VCYT.OQ,Health Care,1525
VC.OQ,Consumer Discretionary,1526
PLUS.OQ,Technology,1527
AME.N,Industrials,1528
TMDX.OQ,Health Care,1529
SHYF.OQ,Industrials,1530
HRL.N,Consumer Staples,1531
AOS.N,Industrials,1532
SEER.OQ,Health Care,1533
AMK.N,Financials,1534
ODFL.OQ,Industrials,1535
PUMP.N,Energy,1536
IMCR.OQ,Health Care,1537
RUSHA.OQ,Consumer Discretionary,1538
BCPC.OQ,Basic Materials,1539
REGN.OQ,Health Care,1540
APPN.OQ,Technology,1541
HCKT.OQ,Technology,1542
IOSP.OQ,Basic Materials,1543
FLO.N,Consumer Staples,1544
CHUY.OQ,Consumer Discretionary,1545
HAYN.OQ,Basic Materials,1546
ROST.OQ,Consumer Discretionary,1547
XPEL.OQ,Consumer Discretionary,1548
COLM.OQ,Consumer Discretionary,1549
CHE.N,Health Care,1550
LECO.OQ,Industrials,1551
ULTA.OQ,Consumer Discretionary,1552
LFUS.OQ,Industrials,1553
UHS.N,Health Care,1554
WKME.OQ,Technology,1555
COO.N,Health Care,1556
ROL.N,Consumer Discretionary,1557
TLS.OQ,Technology,1558
SHAK.N,Consumer Discretionary,1559
NDLS.OQ,Consumer Discretionary,1560
SNPS.OQ,Technology,1561
CVLT.OQ,Technology,1562
YEXT.N,Technology,1563
SLVM.N,Basic Materials,1564
USPH.N,Health Care,1565
ESE.N,Industrials,1566
ADBE.OQ,Technology,1567
ENSG.OQ,Health Care,1568
HPK.OQ,Energy,1569
MNST.OQ,Consumer Staples,1570
HWKN.OQ,Basic Materials,1571
ANSS.OQ,Technology,1572
CBRL.OQ,Consumer Discretionary,1573
EPAM.N,Technology,1574
WDAY.OQ,Technology,1575
EXLS.OQ,Industrials,1576
AKAM.OQ,Technology,1577
FWRD.OQ,Industrials,1578
TER.OQ,Technology,1579
SMCI.OQ,Technology,1580
FHI.N,Financials,1581
PEGA.OQ,Technology,1582
AEIS.OQ,Technology,1583
JKHY.OQ,Industrials,1584
NKE.N,Consumer Discretionary,1585
RES.N,Energy,1586
DZSI.OQ,Telecommunications,1587
ROCK.OQ,Industrials,1588
UNF.N,Industrials,1589
HOG.N,Consumer Discretionary,1590
AMOT.OQ,Industrials,1591
CTRA.N,Energy,1592
V.N,Industrials,1593
EA.OQ,Consumer Discretionary,1594
DOX.OQ,Technology,1595
GGG.N,Industrials,1596
TX.N,Basic Materials,1597
FTNT.OQ,Technology,1598
WSO.N,Industrials,1599
DCI.N,Industrials,1600
BBY.N,Consumer Discretionary,1601
MPWR.OQ,Technology,1602
EVR.N,Financials,1603
LSTR.OQ,Industrials,1604
QDEL.OQ,Health Care,1605
DG.N,Consumer Discretionary,1606
SRRK.OQ,Health Care,1607
TSCO.OQ,Consumer Discretionary,1608
FIZZ.OQ,Consumer Staples,1609
NOVT.OQ,Technology,1610
FN.N,Technology,1611
ASTE.OQ,Industrials,1612
SWKS.OQ,Technology,1613
STLD.OQ,Basic Materials,1614
PAYC.N,Technology,1615
DSGR.OQ,Industrials,1616
BVS.OQ,Health Care,1617
QTRX.OQ,Health Care,1618
RMD.N,Health Care,1619
KMX.N,Consumer Discretionary,1620
MDT.N,Health Care,1621
BAX.N,Health Care,1622
MMSI.OQ,Health Care,1623
SCPL.OQ,Consumer Discretionary,1624
ABC.N,Consumer Staples,1625
CTVA.N,Consumer Staples,1626
PFE.N,Health Care,1627
ZBRA.OQ,Industrials,1628
SEIC.OQ,Financials,1629
WTS.N,Industrials,1630
BRC.N,Industrials,1631
BOOM.OQ,Energy,1632
CPRI.N,Consumer Discretionary,1633
SKYT.OQ,Technology,1634
MCRI.OQ,Consumer Discretionary,1635
AGYS.OQ,Technology,1636
CTV.N,Technology,1637
RSG.N,Utilities,1638
SITM.OQ,Technology,1639
LOPE.OQ,Consumer Discretionary,1640
JKS.N,Energy,1641
INTU.OQ,Technology,1642
MSA.N,Industrials,1643
GPC.N,Consumer Discretionary,1644
CALX.N,Telecommunications,1645
AAON.OQ,Industrials,1646
AAP.N,Consumer Discretionary,1647
CTSH.OQ,Technology,1648
MUSA.N,Consumer Discretionary,1649
CLFD.OQ,Telecommunications,1650
DHR.N,Health Care,1651
SEDG.OQ,Energy,1652
EMR.N,Industrials,1653
WHD.N,Energy,1654
JCI.N,Industrials,1655
NEP.N,Utilities,1656
FIX.N,Industrials,1657
VRTX.OQ,Health Care,1658
ADP.OQ,Industrials,1659
CMI.N,Industrials,1660
APPF.OQ,Technology,1661
TJX.N,Consumer Discretionary,1662
NVDA.OQ,Technology,1663
ASPN.N,Industrials,1664
GRMN.N,Consumer Discretionary,1665
APD.N,Basic Materials,1666
TME.N,Consumer Discretionary,1667
ALGM.OQ,Technology,1668
MU.OQ,Technology,1669
PYPL.OQ,Industrials,1670
ILMN.OQ,Health Care,1671
TEL.N,Technology,1672
AXON.OQ,Industrials,1673
ALB.N,Basic Materials,1674
NOW.N,Technology,1675
GM.N,Consumer Discretionary,1676
DISH.OQ,Telecommunications,1677
AGCO.N,Industrials,1678
TMO.N,Health Care,1679
HON.OQ,Industrials,1680
TECK.N,Basic Materials,1681
EOG.N,Energy,1682
HPE.N,Technology,1683
PXD.N,Energy,1684
NTES.OQ,Consumer Discretionary,1685
AMZN.OQ,Consumer Discretionary,1686
MEDP.OQ,Health Care,1687
COST.OQ,Consumer Discretionary,1688
ACN.N,Industrials,1689
GE.N,Industrials,1690
FIS.N,Industrials,1691
INTC.OQ,Technology,1692
VIPS.N,Consumer Discretionary,1693
CRM.N,Technology,1694
HEI.N,Industrials,1695
CSCO.OQ,Telecommunications,1696
LIN.N,Basic Materials,1697
PG.N,Consumer Staples,1698
BABA.N,Consumer Discretionary,1699
AGR.N,Utilities,1700
JNJ.N,Health Care,1701
GOOGL.OQ,Technology,1702
CVX.N,Energy,1703
MSFT.OQ,Technology,1704
MRK.N,Health Care,1705
XOM.N,Energy,1706
