Instrument,ICB Industry name,Rank
RANI.OQ,Health Care,1
KLAC.OQ,Technology,2
EPAM.N,Technology,3
JYNT.OQ,Health Care,4
APPF.OQ,Technology,5
KRNT.OQ,Industrials,6
PODD.OQ,Health Care,7
BLBD.OQ,Industrials,8
MED.N,Consumer Staples,9
TMCI.OQ,Health Care,10
SRDX.OQ,Health Care,11
FARO.OQ,Industrials,12
CLFD.OQ,Telecommunications,13
IRTC.OQ,Health Care,14
CALX.N,Telecommunications,15
NARI.OQ,Health Care,16
GWRS.OQ,Utilities,17
MODN.N,Technology,18
SWAV.OQ,Health Care,19
ASPN.N,Industrials,20
ARLO.N,Consumer Discretionary,21
STAA.OQ,Health Care,22
BRP.OQ,Financials,23
AXGN.OQ,Health Care,24
ITRN.OQ,Industrials,25
ENPH.OQ,Energy,26
NVEE.OQ,Industrials,27
EVER.OQ,Technology,28
FDS.N,Financials,29
SHW.N,Industrials,30
ITGR.N,Health Care,31
MEDP.OQ,Health Care,32
TWKS.OQ,Technology,33
GPOR.N,Energy,34
JJSF.OQ,Consumer Staples,35
FIZZ.OQ,Consumer Staples,36
WEAV.N,Technology,37
PDSB.OQ,Health Care,38
CVRX.OQ,Health Care,39
NSSC.OQ,Industrials,40
PLXS.OQ,Technology,41
TLS.OQ,Technology,42
SGHT.OQ,Health Care,43
EVA.N,Energy,44
LUNA.OQ,Industrials,45
VCEL.OQ,Health Care,46
CROX.OQ,Consumer Discretionary,47
CASA.OQ,Telecommunications,48
UFPT.OQ,Health Care,49
GOCO.OQ,Financials,50
CRAI.OQ,Industrials,51
WAT.N,Industrials,52
RIGL.OQ,Health Care,53
SXT.N,Basic Materials,54
NSC.N,Industrials,55
VTRU.OQ,Consumer Discretionary,56
MTD.N,Industrials,57
GHRS.OQ,Health Care,58
MTRN.N,Basic Materials,59
AAON.OQ,Industrials,60
MCRI.OQ,Consumer Discretionary,61
OMCL.OQ,Health Care,62
REVG.N,Industrials,63
TMDX.OQ,Health Care,64
INSP.N,Health Care,65
RICK.OQ,Consumer Discretionary,66
WK.N,Technology,67
UP.N,Consumer Discretionary,68
TTC.N,Industrials,69
AXNX.OQ,Health Care,70
CHRS.OQ,Health Care,71
CHD.N,Consumer Staples,72
KEYS.N,Industrials,73
TNDM.OQ,Health Care,74
AVY.N,Basic Materials,75
OCUL.OQ,Health Care,76
WHD.N,Energy,77
FN.N,Technology,78
PX.N,Financials,79
HURN.OQ,Industrials,80
EXLS.OQ,Industrials,81
PTCT.OQ,Health Care,82
MGPI.OQ,Consumer Staples,83
DY.N,Industrials,84
XYL.N,Industrials,85
AVA.N,Utilities,86
VRDN.OQ,Health Care,87
NVRO.N,Health Care,88
FUL.N,Industrials,89
CVLG.OQ,Industrials,90
DGII.OQ,Telecommunications,91
HDSN.OQ,Industrials,92
HEP.N,Energy,93
HAS.OQ,Consumer Discretionary,94
PAY.N,Industrials,95
KMB.N,Consumer Staples,96
AMN.N,Industrials,97
CTS.N,Technology,98
TPIC.OQ,Energy,99
HESM.N,Energy,100
BCPC.OQ,Basic Materials,101
MARA.OQ,Financials,102
BLFS.OQ,Health Care,103
ATXS.OQ,Health Care,104
ALNY.OQ,Health Care,105
KRT.OQ,Industrials,106
CMPX.OQ,Health Care,107
EDAP.OQ,Health Care,108
CTAS.OQ,Industrials,109
IBEX.OQ,Industrials,110
PRFT.OQ,Technology,111
WWD.OQ,Industrials,112
VNOM.OQ,Energy,113
CLDX.OQ,Health Care,114
TSEM.OQ,Technology,115
DENN.OQ,Consumer Discretionary,116
VMI.N,Industrials,117
MMM.N,Industrials,118
RBOT.N,Health Care,119
FULC.OQ,Health Care,120
GPRK.N,Energy,121
WWE.N,Consumer Discretionary,122
SIMO.OQ,Technology,123
SPWR.OQ,Energy,124
SEER.OQ,Health Care,125
IDXX.OQ,Health Care,126
ACN.N,Industrials,127
CTLP.OQ,Industrials,128
FLL.OQ,Consumer Discretionary,129
HZNP.OQ,Health Care,130
ALPN.OQ,Health Care,131
MKC.N,Consumer Staples,132
SCL.N,Basic Materials,133
HNRG.OQ,Energy,134
PWSC.N,Consumer Discretionary,135
BSM.N,Energy,136
GGG.N,Industrials,137
WDFC.OQ,Consumer Staples,138
CL.N,Consumer Staples,139
MX.N,Technology,140
USAC.N,Energy,141
A.N,Health Care,142
BFb.N,Consumer Staples,143
SRPT.OQ,Health Care,144
IIIN.N,Industrials,145
HLIT.OQ,Telecommunications,146
HUBB.N,Industrials,147
NOC.N,Industrials,148
JKHY.OQ,Industrials,149
ITCI.OQ,Health Care,150
CANO.N,Health Care,151
TH.OQ,Industrials,152
MASS.OQ,Health Care,153
ARCO.N,Consumer Discretionary,154
MITK.OQ,Technology,155
MANU.N,Consumer Discretionary,156
LGND.OQ,Health Care,157
CLX.N,Consumer Staples,158
KOD.OQ,Health Care,159
KRP.N,Energy,160
ANGO.OQ,Health Care,161
HAE.N,Health Care,162
PACB.OQ,Health Care,163
RXRX.OQ,Health Care,164
AMR.N,Energy,165
FCN.N,Industrials,166
CHGG.N,Consumer Discretionary,167
HSY.N,Consumer Staples,168
UNP.N,Industrials,169
KFRC.OQ,Industrials,170
OMI.N,Health Care,171
ARCE.OQ,Consumer Discretionary,172
EWTX.OQ,Health Care,173
TNP.N,Industrials,174
AMGN.OQ,Health Care,175
ZWS.N,Industrials,176
ENVX.OQ,Industrials,177
ALE.N,Utilities,178
DHR.N,Health Care,179
VCYT.OQ,Health Care,180
SLVM.N,Basic Materials,181
WEN.OQ,Consumer Discretionary,182
VRT.N,Technology,183
ENSG.OQ,Health Care,184
VRSK.OQ,Industrials,185
KALU.OQ,Basic Materials,186
WES.N,Energy,187
HIBB.OQ,Consumer Discretionary,188
RYAN.N,Financials,189
PPC.OQ,Consumer Staples,190
BRO.N,Financials,191
SILK.OQ,Health Care,192
CBZ.N,Industrials,193
SEDG.OQ,Energy,194
LOVE.OQ,Consumer Discretionary,195
MSA.N,Industrials,196
DZSI.OQ,Telecommunications,197
SHAK.N,Consumer Discretionary,198
NDAQ.OQ,Financials,199
ATRC.OQ,Health Care,200
LLY.N,Health Care,201
WTTR.N,Energy,202
CWENa.N,Utilities,203
DADA.OQ,Technology,204
NDSN.OQ,Industrials,205
STR.N,Energy,206
SOVO.OQ,Consumer Staples,207
AVD.N,Basic Materials,208
LNN.N,Industrials,209
GD.N,Industrials,210
CWH.N,Consumer Discretionary,211
NSTG.OQ,Health Care,212
STVN.N,Health Care,213
GWH.N,Energy,214
BAH.N,Industrials,215
CEIX.N,Energy,216
IT.N,Technology,217
IMCR.OQ,Health Care,218
FE.N,Utilities,219
QSI.OQ,Health Care,220
SBOW.N,Energy,221
III.OQ,Industrials,222
DXCM.OQ,Health Care,223
DRI.N,Consumer Discretionary,224
TYL.N,Technology,225
CPLP.OQ,Industrials,226
NFG.N,Utilities,227
TTMI.OQ,Technology,228
NDLS.OQ,Consumer Discretionary,229
LH.N,Health Care,230
AVIR.OQ,Health Care,231
ROST.OQ,Consumer Discretionary,232
VRAY.OQ,Health Care,233
AGCO.N,Industrials,234
HLX.N,Energy,235
COCO.OQ,Consumer Staples,236
JAMF.OQ,Technology,237
CPB.N,Consumer Staples,238
UTL.N,Utilities,239
CSGP.OQ,Real Estate,240
MD.N,Health Care,241
ASH.N,Basic Materials,242
NCLH.N,Consumer Discretionary,243
CSX.OQ,Industrials,244
INO.OQ,Health Care,245
CHE.N,Health Care,246
CGNT.OQ,Technology,247
TSP.OQ,Industrials,248
CAMT.OQ,Technology,249
MKFG.N,Industrials,250
LW.N,Consumer Staples,251
QNST.OQ,Consumer Discretionary,252
HWKN.OQ,Basic Materials,253
AUDC.OQ,Telecommunications,254
TT.N,Industrials,255
NMRK.OQ,Real Estate,256
ROL.N,Consumer Discretionary,257
SNX.N,Technology,258
SPH.N,Consumer Discretionary,259
SAIC.N,Technology,260
ARIS.N,Utilities,261
PRGS.OQ,Technology,262
HZO.N,Consumer Discretionary,263
BNGO.OQ,Health Care,264
DCPH.OQ,Health Care,265
SMAR.N,Technology,266
ITRI.OQ,Industrials,267
ENV.N,Technology,268
SOL.N,Energy,269
WNS.N,Industrials,270
NVMI.OQ,Technology,271
MLNK.N,Technology,272
CWST.OQ,Utilities,273
AY.OQ,Utilities,274
G.N,Industrials,275
ALLK.OQ,Health Care,276
EW.N,Health Care,277
ICFI.OQ,Industrials,278
BILI.OQ,Technology,279
CVGW.OQ,Consumer Staples,280
SYY.N,Consumer Staples,281
FREY.N,Energy,282
NOVA.N,Utilities,283
FWRG.OQ,Consumer Discretionary,284
SHC.OQ,Health Care,285
CDMO.OQ,Health Care,286
MA.N,Industrials,287
GSM.OQ,Basic Materials,288
QURE.OQ,Health Care,289
GIS.N,Consumer Staples,290
RMD.N,Health Care,291
PAYX.OQ,Industrials,292
NVCR.OQ,Health Care,293
CMP.N,Basic Materials,294
AJRD.N,Industrials,295
CNXC.OQ,Technology,296
ROK.N,Industrials,297
INGR.N,Consumer Staples,298
SHLS.OQ,Energy,299
RGEN.OQ,Health Care,300
RYAM.N,Basic Materials,301
HES.N,Energy,302
RGP.OQ,Industrials,303
QGEN.N,Health Care,304
FXLV.N,Consumer Discretionary,305
SMCI.OQ,Technology,306
IEX.N,Industrials,307
CF.N,Basic Materials,308
ADT.N,Industrials,309
LIVN.OQ,Health Care,310
WLKP.N,Basic Materials,311
BURL.N,Consumer Discretionary,312
ALT.OQ,Health Care,313
BEAM.OQ,Health Care,314
FIX.N,Industrials,315
CW.N,Industrials,316
SWN.N,Energy,317
AME.N,Industrials,318
IRDM.OQ,Telecommunications,319
WOLF.N,Technology,320
DEN.N,Energy,321
RELY.OQ,Industrials,322
PRCT.OQ,Health Care,323
NETI.N,Industrials,324
APH.N,Technology,325
NEP.N,Utilities,326
AMT.N,Real Estate,327
OKE.N,Energy,328
QTRX.OQ,Health Care,329
ENR.N,Consumer Staples,330
NWE.OQ,Utilities,331
VITL.OQ,Consumer Staples,332
HCSG.OQ,Health Care,333
CCRN.OQ,Industrials,334
BIOX.OQ,Basic Materials,335
OLPX.OQ,Consumer Staples,336
ALXO.OQ,Health Care,337
CCI.N,Real Estate,338
OPK.OQ,Health Care,339
SANA.OQ,Health Care,340
HAL.N,Energy,341
FORG.N,Technology,342
INNV.OQ,Health Care,343
FORR.OQ,Industrials,344
HSTM.OQ,Health Care,345
DH.OQ,Technology,346
OSW.OQ,Consumer Discretionary,347
ANAB.OQ,Health Care,348
ROIV.OQ,Health Care,349
DTE.N,Utilities,350
NEE.N,Utilities,351
VERV.OQ,Health Care,352
JMIA.N,Technology,353
VMC.N,Industrials,354
TFX.N,Health Care,355
HII.N,Industrials,356
BJRI.OQ,Consumer Discretionary,357
CNMD.N,Health Care,358
DECK.N,Consumer Discretionary,359
ANIK.OQ,Health Care,360
DCI.N,Industrials,361
OPCH.OQ,Health Care,362
SEIC.OQ,Financials,363
OM.OQ,Health Care,364
CYTK.OQ,Health Care,365
MAXN.OQ,Energy,366
ATR.N,Industrials,367
BFAM.N,Consumer Discretionary,368
RH.N,Consumer Discretionary,369
CYRX.OQ,Industrials,370
CCCC.OQ,Health Care,371
ENLC.N,Energy,372
SPGI.N,Financials,373
AVO.OQ,Consumer Staples,374
GPC.N,Consumer Discretionary,375
AEIS.OQ,Technology,376
BIIB.OQ,Health Care,377
UTZ.N,Consumer Staples,378
FC.N,Industrials,379
CXW.N,Industrials,380
TRGP.N,Energy,381
BRLT.OQ,Consumer Discretionary,382
ARKO.OQ,Consumer Discretionary,383
VUZI.OQ,Consumer Discretionary,384
PRTS.OQ,Consumer Discretionary,385
CSTL.OQ,Health Care,386
PGNY.OQ,Health Care,387
UAL.OQ,Consumer Discretionary,388
FLO.N,Consumer Staples,389
CERS.OQ,Health Care,390
CAG.N,Consumer Staples,391
AZZ.N,Industrials,392
IIIV.OQ,Industrials,393
BALY.N,Consumer Discretionary,394
ARDX.OQ,Health Care,395
AZTA.OQ,Health Care,396
HON.OQ,Industrials,397
MCFT.OQ,Consumer Discretionary,398
COLL.OQ,Health Care,399
BLKB.OQ,Technology,400
PPG.N,Industrials,401
MSTR.OQ,Technology,402
AWK.N,Utilities,403
WLDN.OQ,Industrials,404
NEXA.N,Basic Materials,405
RVMD.OQ,Health Care,406
CRK.N,Energy,407
SEE.N,Industrials,408
TWI.N,Industrials,409
AGX.N,Industrials,410
TTI.N,Energy,411
REYN.OQ,Consumer Staples,412
K.N,Consumer Staples,413
VAL.N,Energy,414
SCCO.N,Basic Materials,415
SYK.N,Health Care,416
RSG.N,Utilities,417
ADM.N,Consumer Staples,418
PINS.N,Technology,419
RNGR.N,Energy,420
GPP.OQ,Energy,421
LNT.OQ,Utilities,422
IBM.N,Technology,423
ARVN.OQ,Health Care,424
TXRH.OQ,Consumer Discretionary,425
BDC.N,Industrials,426
VRTS.OQ,Financials,427
EMN.N,Basic Materials,428
J.N,Industrials,429
PUMP.N,Energy,430
HRT.N,Industrials,431
HA.OQ,Consumer Discretionary,432
MATW.OQ,Consumer Discretionary,433
PCT.OQ,Industrials,434
CMC.N,Basic Materials,435
AMRN.OQ,Health Care,436
AA.N,Basic Materials,437
NVT.N,Industrials,438
PRVA.OQ,Health Care,439
AM.N,Energy,440
HRL.N,Consumer Staples,441
KNSA.OQ,Health Care,442
CVCO.OQ,Consumer Discretionary,443
ECL.N,Basic Materials,444
IFF.N,Basic Materials,445
BKI.N,Technology,446
MDRX.OQ,Technology,447
UNF.N,Industrials,448
LZ.OQ,Industrials,449
INSW.N,Industrials,450
PLAB.OQ,Technology,451
AMRS.OQ,Basic Materials,452
DQ.N,Basic Materials,453
CD.OQ,Technology,454
GRPN.OQ,Technology,455
KR.N,Consumer Staples,456
PBH.N,Health Care,457
AON.N,Financials,458
ABT.N,Health Care,459
CMCO.OQ,Industrials,460
ALG.N,Industrials,461
DM.N,Industrials,462
JHG.N,Financials,463
DGX.N,Health Care,464
BMBL.OQ,Technology,465
MOV.N,Consumer Discretionary,466
RRC.N,Energy,467
INFN.OQ,Telecommunications,468
RCKT.OQ,Health Care,469
GH.OQ,Health Care,470
DAR.N,Consumer Staples,471
BIG.N,Consumer Discretionary,472
AEVA.N,Technology,473
CVX.N,Energy,474
NJR.N,Utilities,475
XEL.OQ,Utilities,476
DIOD.OQ,Technology,477
GLW.N,Technology,478
UTHR.OQ,Health Care,479
DG.N,Consumer Discretionary,480
FRPT.OQ,Consumer Staples,481
PRPL.OQ,Consumer Discretionary,482
TALO.N,Energy,483
EBIX.OQ,Technology,484
NEX.N,Energy,485
LUNG.OQ,Health Care,486
PXD.N,Energy,487
MMSI.OQ,Health Care,488
MCS.N,Consumer Discretionary,489
ADP.OQ,Industrials,490
CLNE.OQ,Consumer Discretionary,491
AEE.N,Utilities,492
APOG.OQ,Industrials,493
CDXS.OQ,Health Care,494
SJM.N,Consumer Staples,495
PPL.N,Utilities,496
ASIX.N,Basic Materials,497
AMSWA.OQ,Technology,498
CHK.OQ,Energy,499
LFST.OQ,Health Care,500
GXO.N,Industrials,501
RGNX.OQ,Health Care,502
CMI.N,Industrials,503
SON.N,Industrials,504
BGS.N,Consumer Staples,505
NVTA.N,Health Care,506
ACM.N,Industrials,507
PRTA.OQ,Health Care,508
LCII.N,Consumer Discretionary,509
IR.N,Industrials,510
BCO.N,Industrials,511
GWW.N,Industrials,512
WM.N,Utilities,513
SPCE.N,Industrials,514
SM.N,Energy,515
ARMK.N,Consumer Discretionary,516
TTEK.OQ,Industrials,517
NAT.N,Industrials,518
GRMN.N,Consumer Discretionary,519
FLGT.OQ,Health Care,520
HP.N,Energy,521
EXAS.OQ,Health Care,522
LUV.N,Consumer Discretionary,523
QTWO.N,Technology,524
CABO.N,Telecommunications,525
NN.OQ,Technology,526
GKOS.N,Health Care,527
EMR.N,Industrials,528
ERAS.OQ,Health Care,529
SXC.N,Energy,530
EXP.N,Industrials,531
AVAV.OQ,Industrials,532
AMEH.OQ,Health Care,533
CPNG.N,Consumer Discretionary,534
SAVE.N,Consumer Discretionary,535
NEWR.N,Technology,536
CRL.N,Health Care,537
CRI.N,Consumer Discretionary,538
BKNG.OQ,Consumer Discretionary,539
PSN.N,Technology,540
ETD.N,Consumer Discretionary,541
QSR.N,Consumer Discretionary,542
WTW.OQ,Financials,543
ALRM.OQ,Technology,544
HALO.OQ,Health Care,545
NKE.N,Consumer Discretionary,546
RRR.OQ,Consumer Discretionary,547
OIS.N,Energy,548
PG.N,Consumer Staples,549
PL.N,Technology,550
IONS.OQ,Health Care,551
MGY.N,Energy,552
XPER.OQ,Technology,553
FNKO.OQ,Consumer Discretionary,554
VSAT.OQ,Telecommunications,555
ENTG.OQ,Technology,556
ARNC.N,Basic Materials,557
BL.OQ,Technology,558
AWI.N,Industrials,559
CRWD.OQ,Technology,560
MLM.N,Industrials,561
AMOT.OQ,Industrials,562
IOSP.OQ,Basic Materials,563
AGYS.OQ,Technology,564
PNM.N,Utilities,565
SO.N,Utilities,566
SLCA.N,Basic Materials,567
BBSI.OQ,Industrials,568
CTRN.OQ,Consumer Discretionary,569
ACHC.OQ,Health Care,570
GCI.N,Consumer Discretionary,571
AMRX.N,Health Care,572
CECE.OQ,Industrials,573
SANM.OQ,Technology,574
NGVT.N,Basic Materials,575
PLUS.OQ,Technology,576
HWM.N,Industrials,577
CNSL.OQ,Telecommunications,578
ANDE.OQ,Consumer Staples,579
AES.N,Utilities,580
BDX.N,Health Care,581
RBLX.N,Consumer Discretionary,582
KURA.OQ,Health Care,583
TTEC.OQ,Industrials,584
NKTX.OQ,Health Care,585
APLS.OQ,Health Care,586
MYRG.OQ,Industrials,587
WEC.N,Utilities,588
BTAI.OQ,Health Care,589
BG.N,Consumer Staples,590
WMB.N,Energy,591
WIX.OQ,Technology,592
CMS.N,Utilities,593
TAL.N,Consumer Discretionary,594
LDOS.N,Technology,595
SNCY.OQ,Consumer Discretionary,596
ACI.N,Consumer Staples,597
CARR.N,Industrials,598
FLWS.OQ,Consumer Discretionary,599
CEQP.N,Energy,600
AJG.N,Financials,601
ULTA.OQ,Consumer Discretionary,602
TRS.OQ,Industrials,603
TJX.N,Consumer Discretionary,604
HQY.OQ,Health Care,605
DHT.N,Industrials,606
AKAM.OQ,Technology,607
SMPL.OQ,Consumer Staples,608
HUMA.OQ,Health Care,609
POST.N,Consumer Staples,610
LUMN.N,Telecommunications,611
TNET.N,Industrials,612
TNC.N,Industrials,613
VRNS.OQ,Technology,614
EQT.N,Energy,615
PCVX.OQ,Health Care,616
B.N,Industrials,617
PAYC.N,Technology,618
GILD.OQ,Health Care,619
CASY.OQ,Consumer Staples,620
PDFS.OQ,Technology,621
AXL.N,Consumer Discretionary,622
IHRT.OQ,Consumer Discretionary,623
NRDY.N,Consumer Discretionary,624
VIAV.OQ,Telecommunications,625
GDEN.OQ,Consumer Discretionary,626
NWN.N,Utilities,627
MCO.N,Financials,628
CNP.N,Utilities,629
HY.N,Industrials,630
DOCU.OQ,Technology,631
SNA.N,Industrials,632
ITW.N,Industrials,633
NBIX.OQ,Health Care,634
PNW.N,Utilities,635
AVGO.OQ,Technology,636
JBL.N,Technology,637
SRCL.OQ,Utilities,638
THRM.OQ,Consumer Discretionary,639
JANX.OQ,Health Care,640
COO.N,Health Care,641
HI.N,Industrials,642
DOX.OQ,Technology,643
KFY.N,Industrials,644
SSYS.OQ,Technology,645
FHI.N,Financials,646
IPSC.OQ,Health Care,647
JBLU.OQ,Consumer Discretionary,648
ABCL.OQ,Health Care,649
MOH.N,Health Care,650
MMC.N,Financials,651
ALLE.N,Industrials,652
HNI.N,Consumer Discretionary,653
CBRE.N,Real Estate,654
IPI.N,Basic Materials,655
GFF.N,Industrials,656
HEI.N,Industrials,657
CCK.N,Industrials,658
DVN.N,Energy,659
PSX.N,Energy,660
BRKR.OQ,Health Care,661
DNA.N,Health Care,662
KBR.N,Technology,663
TDY.N,Industrials,664
REGN.OQ,Health Care,665
SKY.N,Consumer Discretionary,666
VZIO.N,Consumer Discretionary,667
CDRE.N,Industrials,668
NSIT.OQ,Technology,669
OGE.N,Utilities,670
INST.N,Consumer Discretionary,671
VRTX.OQ,Health Care,672
SCHN.OQ,Basic Materials,673
OLED.OQ,Technology,674
RIOT.OQ,Financials,675
OVV.N,Energy,676
WAB.N,Industrials,677
MAN.N,Industrials,678
NGMS.OQ,Consumer Discretionary,679
SLP.OQ,Technology,680
MEI.N,Technology,681
QDEL.OQ,Health Care,682
ES.N,Utilities,683
IHS.N,Telecommunications,684
LBRT.N,Energy,685
NABL.N,Technology,686
EGRX.OQ,Health Care,687
CE.N,Basic Materials,688
LAMR.OQ,Real Estate,689
WETF.OQ,Financials,690
XPEL.OQ,Consumer Discretionary,691
BSY.OQ,Technology,692
CHPT.N,Energy,693
MODV.OQ,Health Care,694
BIO.N,Health Care,695
AGR.N,Utilities,696
FLEX.OQ,Technology,697
ICLR.OQ,Health Care,698
NCNO.OQ,Technology,699
EHC.N,Health Care,700
PLOW.N,Industrials,701
MTN.N,Consumer Discretionary,702
DLO.OQ,Industrials,703
PEP.OQ,Consumer Staples,704
MCW.N,Consumer Discretionary,705
GME.N,Consumer Discretionary,706
WST.N,Health Care,707
KTB.N,Consumer Discretionary,708
ULH.OQ,Industrials,709
DXLG.OQ,Consumer Discretionary,710
EQIX.OQ,Real Estate,711
COHR.OQ,Technology,712
AAP.N,Consumer Discretionary,713
NTAP.OQ,Technology,714
PTC.OQ,Technology,715
UCTT.OQ,Technology,716
BWMX.OQ,Consumer Staples,717
MMP.N,Energy,718
SEM.N,Health Care,719
XPRO.N,Energy,720
RPRX.OQ,Health Care,721
REX.N,Energy,722
YOU.N,Technology,723
BR.N,Financials,724
ADCT.N,Health Care,725
WTS.N,Industrials,726
LMAT.OQ,Health Care,727
COHU.OQ,Technology,728
HCCI.OQ,Utilities,729
MMS.N,Industrials,730
SCS.N,Consumer Discretionary,731
WHR.N,Consumer Discretionary,732
AIN.N,Industrials,733
URBN.OQ,Consumer Discretionary,734
MDLZ.OQ,Consumer Staples,735
BW.N,Industrials,736
ALVR.OQ,Health Care,737
LQDA.OQ,Health Care,738
SLGN.N,Industrials,739
KRYS.OQ,Health Care,740
MKSI.OQ,Industrials,741
BTU.N,Energy,742
MASI.OQ,Health Care,743
CWAN.N,Financials,744
EFX.N,Industrials,745
FSLR.OQ,Energy,746
VTNR.OQ,Utilities,747
MDB.OQ,Technology,748
KHC.OQ,Consumer Staples,749
SDGR.OQ,Technology,750
UHS.N,Health Care,751
EL.N,Consumer Discretionary,752
FELE.OQ,Industrials,753
SNDL.OQ,Health Care,754
NYT.N,Consumer Discretionary,755
MXCT.OQ,Health Care,756
SPTN.OQ,Consumer Staples,757
CPSI.OQ,Health Care,758
DXC.N,Technology,759
CVI.N,Energy,760
RPM.N,Industrials,761
IQV.N,Health Care,762
BLMN.OQ,Consumer Discretionary,763
RMBS.OQ,Technology,764
CAT.N,Industrials,765
VRNT.OQ,Technology,766
PTEN.OQ,Energy,767
TGLS.N,Industrials,768
MNST.OQ,Consumer Staples,769
SNPS.OQ,Technology,770
XRAY.OQ,Health Care,771
IART.OQ,Health Care,772
TWNK.OQ,Consumer Staples,773
DT.N,Technology,774
EBS.N,Health Care,775
TXN.OQ,Technology,776
GT.OQ,Consumer Discretionary,777
MANH.OQ,Technology,778
VFC.N,Consumer Discretionary,779
SFM.OQ,Consumer Staples,780
DDOG.OQ,Technology,781
FMC.N,Basic Materials,782
MCG.N,Consumer Discretionary,783
RXT.OQ,Technology,784
MQ.OQ,Industrials,785
ETRN.N,Energy,786
AORT.N,Health Care,787
DCO.N,Industrials,788
ULCC.OQ,Consumer Discretionary,789
SCPL.OQ,Consumer Discretionary,790
ESMT.N,Technology,791
VSH.N,Technology,792
CAPL.N,Energy,793
SKIN.OQ,Consumer Staples,794
UPWK.OQ,Technology,795
HTLD.OQ,Industrials,796
FDP.N,Consumer Staples,797
GO.OQ,Consumer Staples,798
ZTS.N,Health Care,799
WNC.N,Industrials,800
POR.N,Utilities,801
ACA.N,Energy,802
SR.N,Utilities,803
OTTR.OQ,Industrials,804
DDS.N,Consumer Discretionary,805
USNA.N,Consumer Staples,806
ATNI.OQ,Telecommunications,807
FSR.N,Consumer Discretionary,808
WFRD.OQ,Energy,809
NATI.OQ,Technology,810
LMT.N,Industrials,811
BRC.N,Industrials,812
ILMN.OQ,Health Care,813
DVA.N,Health Care,814
RADA.OQ,Industrials,815
MTSI.OQ,Technology,816
POWI.OQ,Technology,817
CSV.N,Consumer Discretionary,818
LIN.N,Basic Materials,819
BIP.N,Utilities,820
ANSS.OQ,Technology,821
MLAB.OQ,Industrials,822
LSCC.OQ,Technology,823
NTES.OQ,Consumer Discretionary,824
ENS.N,Industrials,825
ASND.OQ,Health Care,826
CIEN.N,Telecommunications,827
SST.N,Technology,828
LXU.N,Basic Materials,829
WLY.N,Consumer Discretionary,830
IRWD.OQ,Health Care,831
CERE.OQ,Health Care,832
NPO.N,Industrials,833
DLX.N,Industrials,834
LKQ.OQ,Consumer Discretionary,835
BOOM.OQ,Energy,836
LECO.OQ,Industrials,837
NEO.OQ,Health Care,838
SP.OQ,Industrials,839
ODP.OQ,Consumer Discretionary,840
FERG.N,Industrials,841
INT.N,Energy,842
EDR.N,Consumer Discretionary,843
BKH.N,Utilities,844
KMI.N,Energy,845
TGNA.N,Consumer Discretionary,846
TSCO.OQ,Consumer Discretionary,847
FBHS.N,Industrials,848
CHUY.OQ,Consumer Discretionary,849
AKRO.OQ,Health Care,850
SGRY.OQ,Health Care,851
KDP.OQ,Consumer Staples,852
SGHC.N,Consumer Discretionary,853
FANG.OQ,Energy,854
DUK.N,Utilities,855
JNPR.N,Telecommunications,856
PLUG.OQ,Energy,857
GEL.N,Energy,858
ACEL.N,Consumer Discretionary,859
XRX.OQ,Technology,860
BERY.N,Industrials,861
ORA.N,Utilities,862
RSVR.OQ,Consumer Discretionary,863
RDNT.OQ,Health Care,864
SLGC.OQ,Health Care,865
AMAT.OQ,Technology,866
TREX.N,Industrials,867
CHWY.N,Consumer Discretionary,868
SRE.N,Utilities,869
GEF.N,Industrials,870
THC.N,Health Care,871
PCTY.OQ,Industrials,872
FCX.N,Basic Materials,873
EPC.N,Consumer Staples,874
AFYA.OQ,Consumer Discretionary,875
LOPE.OQ,Consumer Discretionary,876
RCL.N,Consumer Discretionary,877
DLTR.OQ,Consumer Discretionary,878
ONTF.N,Technology,879
MLKN.OQ,Consumer Discretionary,880
DAVA.N,Technology,881
CBT.N,Basic Materials,882
BV.N,Industrials,883
CSTM.N,Basic Materials,884
STE.N,Health Care,885
ABM.N,Industrials,886
MATX.N,Industrials,887
CSL.N,Industrials,888
OKTA.OQ,Technology,889
FSLY.N,Technology,890
OI.N,Industrials,891
TENB.OQ,Technology,892
PRLD.OQ,Health Care,893
AEP.OQ,Utilities,894
WOW.N,Telecommunications,895
IPAR.OQ,Consumer Discretionary,896
EXC.OQ,Utilities,897
BALL.N,Industrials,898
EVTC.N,Industrials,899
HOLX.OQ,Health Care,900
PRO.N,Technology,901
TGH.N,Industrials,902
NMM.N,Industrials,903
CBRL.OQ,Consumer Discretionary,904
SWK.N,Industrials,905
CALM.OQ,Consumer Staples,906
NTCT.OQ,Technology,907
CNC.N,Health Care,908
NBR.N,Energy,909
SMTC.OQ,Technology,910
ALSN.N,Industrials,911
MTZ.N,Industrials,912
SWX.N,Utilities,913
SONO.OQ,Consumer Discretionary,914
CDNS.OQ,Technology,915
YEXT.N,Technology,916
ACIW.OQ,Industrials,917
CNDT.OQ,Industrials,918
BJ.N,Consumer Discretionary,919
MNDY.OQ,Technology,920
DD.N,Industrials,921
COLM.OQ,Consumer Discretionary,922
DRVN.OQ,Consumer Discretionary,923
BAX.N,Health Care,924
TRMB.OQ,Industrials,925
R.N,Industrials,926
TRU.N,Industrials,927
AKYA.OQ,Health Care,928
NUVA.OQ,Health Care,929
TEL.N,Technology,930
DOOR.N,Industrials,931
CSIQ.OQ,Energy,932
NI.N,Utilities,933
GAMB.OQ,Consumer Discretionary,934
NEM.N,Basic Materials,935
ETSY.OQ,Consumer Discretionary,936
ALTR.OQ,Technology,937
CIR.N,Industrials,938
GTLS.N,Industrials,939
CODI.N,Financials,940
MSM.N,Industrials,941
HSII.OQ,Industrials,942
AXON.OQ,Industrials,943
HCKT.OQ,Technology,944
MIRM.OQ,Health Care,945
KWR.N,Basic Materials,946
ANGI.OQ,Consumer Discretionary,947
ABC.N,Consumer Staples,948
NOG.N,Energy,949
UNFI.N,Consumer Staples,950
DKS.N,Consumer Discretionary,951
NOVT.OQ,Technology,952
KLTR.OQ,Telecommunications,953
ABBV.N,Health Care,954
PDCE.OQ,Energy,955
MAT.OQ,Consumer Discretionary,956
FWONA.OQ,Consumer Discretionary,957
ZG.OQ,Real Estate,958
EA.OQ,Consumer Discretionary,959
TILE.OQ,Consumer Discretionary,960
PKI.N,Health Care,961
NOMD.N,Consumer Staples,962
GOGL.OQ,Industrials,963
JNJ.N,Health Care,964
PCRX.OQ,Health Care,965
TDC.N,Technology,966
THR.N,Industrials,967
SPXC.N,Industrials,968
MIDD.OQ,Industrials,969
GNTX.OQ,Consumer Discretionary,970
PZZA.OQ,Consumer Discretionary,971
CAKE.OQ,Consumer Discretionary,972
ASGN.N,Industrials,973
MPWR.OQ,Technology,974
MTLS.OQ,Technology,975
LASR.OQ,Technology,976
SPNS.OQ,Technology,977
MPLX.N,Energy,978
CENT.OQ,Consumer Discretionary,979
CTRA.N,Energy,980
ESE.N,Industrials,981
ATGE.N,Consumer Discretionary,982
VLO.N,Energy,983
SGH.OQ,Technology,984
DSGR.OQ,Industrials,985
PEN.N,Health Care,986
WSO.N,Industrials,987
HUBS.N,Technology,988
SUN.N,Energy,989
GEVO.OQ,Energy,990
SIBN.OQ,Health Care,991
KAI.N,Industrials,992
OGS.N,Utilities,993
GPN.N,Industrials,994
FWRD.OQ,Industrials,995
ED.N,Utilities,996
DOV.N,Industrials,997
ZBRA.OQ,Industrials,998
IPG.N,Consumer Discretionary,999
BASE.OQ,Technology,1000
DLB.N,Technology,1001
ATSG.OQ,Industrials,1002
GMED.N,Health Care,1003
KO.N,Consumer Staples,1004
MWA.N,Industrials,1005
BMRN.OQ,Health Care,1006
SE.N,Technology,1007
SAM.N,Consumer Staples,1008
CHTR.OQ,Telecommunications,1009
SUPN.OQ,Health Care,1010
NX.N,Industrials,1011
OLLI.OQ,Consumer Discretionary,1012
KLIC.OQ,Technology,1013
EOG.N,Energy,1014
AMPH.OQ,Health Care,1015
ATVI.OQ,Consumer Discretionary,1016
GHC.N,Consumer Discretionary,1017
PCOR.N,Technology,1018
VVV.N,Basic Materials,1019
HROW.OQ,Health Care,1020
HOG.N,Consumer Discretionary,1021
GE.N,Industrials,1022
PSMT.OQ,Consumer Discretionary,1023
SIG.N,Consumer Discretionary,1024
BYD.N,Consumer Discretionary,1025
TSN.N,Consumer Staples,1026
STZ.N,Consumer Staples,1027
INTA.OQ,Technology,1028
BCOV.OQ,Technology,1029
ZETA.N,Technology,1030
HBI.N,Consumer Discretionary,1031
H.N,Consumer Discretionary,1032
DHX.N,Industrials,1033
CLH.N,Utilities,1034
AIR.N,Industrials,1035
S.N,Technology,1036
SUM.N,Industrials,1037
RL.N,Consumer Discretionary,1038
PRDO.OQ,Consumer Discretionary,1039
OXY.N,Energy,1040
TER.OQ,Technology,1041
CRUS.OQ,Technology,1042
PTRA.OQ,Industrials,1043
MERC.OQ,Basic Materials,1044
FLYW.OQ,Industrials,1045
FLT.N,Industrials,1046
METC.OQ,Energy,1047
FCFS.OQ,Financials,1048
FATE.OQ,Health Care,1049
KIDS.OQ,Health Care,1050
MYTE.N,Consumer Discretionary,1051
GES.N,Consumer Discretionary,1052
GEO.N,Real Estate,1053
PANL.OQ,Industrials,1054
GDOT.N,Industrials,1055
PRGO.N,Health Care,1056
ARW.N,Technology,1057
CHRD.OQ,Energy,1058
KTOS.OQ,Industrials,1059
BYND.OQ,Consumer Staples,1060
ASC.N,Industrials,1061
CCL.N,Consumer Discretionary,1062
FTNT.OQ,Technology,1063
PFE.N,Health Care,1064
APD.N,Basic Materials,1065
LITE.OQ,Telecommunications,1066
COST.OQ,Consumer Discretionary,1067
WH.N,Consumer Discretionary,1068
PLAY.OQ,Consumer Discretionary,1069
ALK.N,Consumer Discretionary,1070
TPX.N,Consumer Discretionary,1071
HAYN.OQ,Basic Materials,1072
SYNH.OQ,Health Care,1073
FIVE.OQ,Consumer Discretionary,1074
TRUP.OQ,Financials,1075
IRM.N,Real Estate,1076
MLCO.OQ,Consumer Discretionary,1077
SPB.N,Consumer Staples,1078
TNK.N,Industrials,1079
NWPX.OQ,Basic Materials,1080
LAZR.OQ,Consumer Discretionary,1081
HUBG.OQ,Industrials,1082
ROLL.OQ,Basic Materials,1083
MELI.OQ,Consumer Discretionary,1084
SKX.N,Consumer Discretionary,1085
GNRC.N,Industrials,1086
RSI.N,Consumer Discretionary,1087
PUBM.OQ,Technology,1088
WSC.OQ,Industrials,1089
BWXT.N,Industrials,1090
AMRC.N,Energy,1091
MTX.N,Basic Materials,1092
INCY.OQ,Health Care,1093
BLD.N,Industrials,1094
ADBE.OQ,Technology,1095
AMWL.N,Health Care,1096
BRY.OQ,Energy,1097
USFD.N,Consumer Staples,1098
GWRE.N,Technology,1099
DOCN.N,Technology,1100
PVH.N,Consumer Discretionary,1101
OSIS.OQ,Industrials,1102
VSEC.OQ,Industrials,1103
D.N,Utilities,1104
MCHP.OQ,Technology,1105
DAN.N,Consumer Discretionary,1106
HLT.N,Consumer Discretionary,1107
BMY.N,Health Care,1108
EEFT.OQ,Industrials,1109
KRUS.OQ,Consumer Discretionary,1110
EIX.N,Utilities,1111
CPRT.OQ,Consumer Discretionary,1112
NXGN.OQ,Health Care,1113
IBP.N,Industrials,1114
CYBR.OQ,Technology,1115
CVEO.N,Energy,1116
ACCO.N,Consumer Staples,1117
SSD.N,Industrials,1118
CNNE.N,Financials,1119
AVNT.N,Basic Materials,1120
CDNA.OQ,Health Care,1121
WKHS.OQ,Industrials,1122
ELF.N,Consumer Discretionary,1123
ALEC.OQ,Health Care,1124
AUPH.OQ,Health Care,1125
RNG.N,Technology,1126
MRK.N,Health Care,1127
VVI.N,Consumer Discretionary,1128
ZBH.N,Health Care,1129
BHIL.N,Consumer Staples,1130
LXFR.N,Industrials,1131
EVH.N,Health Care,1132
CHDN.OQ,Consumer Discretionary,1133
RUSHA.OQ,Consumer Discretionary,1134
CNM.N,Industrials,1135
PEGA.OQ,Technology,1136
CNX.N,Energy,1137
ROAD.OQ,Industrials,1138
CACI.N,Technology,1139
HLIO.N,Industrials,1140
BKR.OQ,Energy,1141
DISH.OQ,Telecommunications,1142
CMRE.N,Industrials,1143
UPS.N,Industrials,1144
OEC.N,Basic Materials,1145
COP.N,Energy,1146
LPX.N,Industrials,1147
QLYS.OQ,Technology,1148
CLF.N,Basic Materials,1149
DAL.N,Consumer Discretionary,1150
ANIP.OQ,Health Care,1151
EVRI.N,Consumer Discretionary,1152
FDX.N,Industrials,1153
HUN.N,Basic Materials,1154
TSE.N,Industrials,1155
TRVG.OQ,Consumer Discretionary,1156
CVLT.OQ,Technology,1157
DK.N,Energy,1158
CPRI.N,Consumer Discretionary,1159
IGT.N,Consumer Discretionary,1160
CHEF.OQ,Consumer Staples,1161
EXPE.OQ,Consumer Discretionary,1162
JKS.N,Energy,1163
MRCY.OQ,Industrials,1164
INTU.OQ,Technology,1165
USPH.N,Health Care,1166
FAST.OQ,Basic Materials,1167
FSS.N,Industrials,1168
PYPL.OQ,Industrials,1169
OUT.N,Real Estate,1170
GDDY.N,Technology,1171
FIVN.OQ,Technology,1172
PD.N,Technology,1173
PHR.N,Health Care,1174
ACLS.OQ,Technology,1175
NWL.OQ,Consumer Discretionary,1176
VC.OQ,Consumer Discretionary,1177
AMCX.OQ,Consumer Discretionary,1178
ROCK.OQ,Industrials,1179
SPLK.OQ,Technology,1180
HRI.N,Industrials,1181
AGIO.OQ,Health Care,1182
AOSL.OQ,Technology,1183
NFE.OQ,Energy,1184
FVRR.N,Technology,1185
VNT.N,Industrials,1186
JBT.N,Industrials,1187
RS.N,Basic Materials,1188
ACET.OQ,Health Care,1189
BROS.N,Consumer Discretionary,1190
VREX.OQ,Health Care,1191
RARE.OQ,Health Care,1192
AVT.OQ,Technology,1193
AYX.N,Technology,1194
CRTO.OQ,Technology,1195
PAGP.OQ,Energy,1196
TLRY.OQ,Health Care,1197
PYCR.OQ,Technology,1198
PACK.N,Industrials,1199
AMK.N,Financials,1200
BC.N,Industrials,1201
ATKR.N,Industrials,1202
RES.N,Energy,1203
ARHS.OQ,Consumer Discretionary,1204
DTC.N,Consumer Discretionary,1205
HL.N,Basic Materials,1206
ECVT.N,Basic Materials,1207
BBY.N,Consumer Discretionary,1208
LNTH.OQ,Health Care,1209
TME.N,Consumer Discretionary,1210
SFL.N,Industrials,1211
HNST.OQ,Consumer Staples,1212
GLNG.OQ,Energy,1213
FLS.N,Industrials,1214
LBTYA.OQ,Telecommunications,1215
TPR.N,Consumer Discretionary,1216
WKME.OQ,Technology,1217
PTLO.OQ,Consumer Discretionary,1218
AMWD.OQ,Industrials,1219
SCVL.OQ,Consumer Discretionary,1220
IAS.OQ,Consumer Discretionary,1221
X.N,Basic Materials,1222
PKG.N,Industrials,1223
ARCH.N,Energy,1224
SGEN.OQ,Health Care,1225
DAC.N,Industrials,1226
INFA.N,Technology,1227
JBHT.OQ,Industrials,1228
VICR.OQ,Industrials,1229
SG.N,Consumer Discretionary,1230
NVGS.N,Industrials,1231
EYE.OQ,Consumer Discretionary,1232
POOL.OQ,Consumer Discretionary,1233
TKR.N,Basic Materials,1234
SHOO.OQ,Consumer Discretionary,1235
HCC.N,Energy,1236
DORM.OQ,Consumer Discretionary,1237
WMT.N,Consumer Discretionary,1238
ALKT.OQ,Technology,1239
LEG.N,Consumer Discretionary,1240
RLYB.OQ,Health Care,1241
BZUN.OQ,Technology,1242
UNVR.N,Basic Materials,1243
KOS.N,Energy,1244
VRRM.OQ,Industrials,1245
SBLK.OQ,Industrials,1246
SPR.N,Industrials,1247
NOW.N,Technology,1248
CSCO.OQ,Telecommunications,1249
DFIN.N,Industrials,1250
ESI.N,Basic Materials,1251
AVNS.N,Health Care,1252
GSL.N,Industrials,1253
RXST.OQ,Health Care,1254
V.N,Industrials,1255
VERX.OQ,Technology,1256
PETQ.OQ,Health Care,1257
M.N,Consumer Discretionary,1258
BARK.N,Consumer Discretionary,1259
LYTS.OQ,Industrials,1260
GTES.N,Industrials,1261
MUR.N,Energy,1262
XPO.N,Industrials,1263
PDCO.OQ,Health Care,1264
DASH.N,Technology,1265
WSM.N,Consumer Discretionary,1266
AROC.N,Energy,1267
SKYW.OQ,Consumer Discretionary,1268
TXG.OQ,Health Care,1269
SKIL.N,Industrials,1270
RTX.N,Industrials,1271
RLAY.OQ,Health Care,1272
MAR.OQ,Consumer Discretionary,1273
QRVO.OQ,Technology,1274
BCC.N,Basic Materials,1275
MDXG.OQ,Health Care,1276
BCOR.OQ,Financials,1277
JCI.N,Industrials,1278
PCG.N,Utilities,1279
FOXF.OQ,Consumer Discretionary,1280
SBH.N,Consumer Discretionary,1281
NTRA.OQ,Health Care,1282
SITE.N,Consumer Discretionary,1283
AVDX.OQ,Industrials,1284
SMP.N,Consumer Discretionary,1285
LYB.N,Basic Materials,1286
TVTX.OQ,Health Care,1287
FISV.OQ,Industrials,1288
SHYF.OQ,Industrials,1289
SHEN.OQ,Telecommunications,1290
EBAY.OQ,Consumer Discretionary,1291
EVBG.OQ,Technology,1292
MOD.N,Industrials,1293
TXT.N,Industrials,1294
OSK.N,Industrials,1295
SMWB.N,Industrials,1296
ACVA.OQ,Consumer Discretionary,1297
SSNC.OQ,Technology,1298
TARS.OQ,Health Care,1299
WOR.N,Basic Materials,1300
LEA.N,Consumer Discretionary,1301
MPC.N,Energy,1302
PSTG.N,Technology,1303
NVTS.OQ,Technology,1304
PII.N,Consumer Discretionary,1305
BIRD.OQ,Consumer Discretionary,1306
ZI.OQ,Technology,1307
KC.OQ,Technology,1308
CTSH.OQ,Technology,1309
STRA.OQ,Consumer Discretionary,1310
NXPI.OQ,Technology,1311
WDAY.OQ,Technology,1312
KOP.N,Basic Materials,1313
CDAY.N,Technology,1314
ATO.N,Utilities,1315
UFPI.OQ,Basic Materials,1316
UPLD.OQ,Technology,1317
LPRO.OQ,Financials,1318
AYI.N,Industrials,1319
ASAN.N,Technology,1320
TRIP.OQ,Consumer Discretionary,1321
DRQ.N,Energy,1322
CWK.N,Real Estate,1323
INTC.OQ,Technology,1324
MGM.N,Consumer Discretionary,1325
ICUI.OQ,Health Care,1326
SRI.N,Consumer Discretionary,1327
DNUT.OQ,Consumer Discretionary,1328
GLP.N,Energy,1329
TGT.N,Consumer Discretionary,1330
HPE.N,Technology,1331
ASO.OQ,Consumer Discretionary,1332
MYGN.OQ,Health Care,1333
ESTC.N,Technology,1334
SWKS.OQ,Technology,1335
AVTR.N,Health Care,1336
FLR.N,Industrials,1337
DOW.N,Basic Materials,1338
TROX.N,Basic Materials,1339
ARCB.OQ,Industrials,1340
VSCO.N,Consumer Discretionary,1341
UTI.N,Consumer Discretionary,1342
SKYT.OQ,Technology,1343
ALTO.OQ,Basic Materials,1344
PRIM.OQ,Industrials,1345
PATK.OQ,Industrials,1346
KMT.N,Industrials,1347
WERN.OQ,Industrials,1348
MRVL.OQ,Technology,1349
CMCSA.OQ,Telecommunications,1350
FRG.OQ,Consumer Discretionary,1351
MRO.N,Energy,1352
KMX.N,Consumer Discretionary,1353
KRO.N,Industrials,1354
TDW.N,Energy,1355
PTVE.OQ,Industrials,1356
CC.N,Basic Materials,1357
ZS.OQ,Technology,1358
TEX.N,Industrials,1359
NCR.N,Technology,1360
DSKE.OQ,Industrials,1361
SRRK.OQ,Health Care,1362
CNTY.OQ,Consumer Discretionary,1363
SWBI.OQ,Consumer Discretionary,1364
FYBR.OQ,Telecommunications,1365
HCAT.OQ,Health Care,1366
CZR.OQ,Consumer Discretionary,1367
SEMR.N,Technology,1368
ONON.N,Consumer Discretionary,1369
HSIC.OQ,Health Care,1370
FORM.OQ,Technology,1371
ICHR.OQ,Technology,1372
UBER.N,Consumer Discretionary,1373
AMED.OQ,Health Care,1374
OSUR.OQ,Health Care,1375
BIGC.OQ,Technology,1376
FND.N,Consumer Discretionary,1377
WMG.OQ,Consumer Discretionary,1378
ZEUS.OQ,Basic Materials,1379
APPN.OQ,Technology,1380
MDT.N,Health Care,1381
EWCZ.OQ,Consumer Discretionary,1382
CLOV.OQ,Health Care,1383
TTWO.OQ,Consumer Discretionary,1384
BIDU.OQ,Technology,1385
CERT.OQ,Health Care,1386
CXM.N,Technology,1387
LVOX.OQ,Technology,1388
AGTI.N,Health Care,1389
SNPO.OQ,Consumer Discretionary,1390
NFLX.OQ,Consumer Discretionary,1391
CENX.OQ,Basic Materials,1392
ZD.OQ,Technology,1393
CPE.N,Energy,1394
SYNA.OQ,Technology,1395
WBX.N,Energy,1396
OII.N,Energy,1397
XOM.N,Energy,1398
RMAX.N,Real Estate,1399
XENE.OQ,Health Care,1400
MYPS.OQ,Consumer Discretionary,1401
COIN.OQ,Financials,1402
CNK.N,Consumer Discretionary,1403
AIT.N,Industrials,1404
NOV.N,Energy,1405
FA.OQ,Industrials,1406
LAW.N,Industrials,1407
NIO.N,Consumer Discretionary,1408
DUOL.OQ,Consumer Discretionary,1409
LVS.N,Consumer Discretionary,1410
YELP.N,Technology,1411
RADI.OQ,Real Estate,1412
BBAI.N,Technology,1413
OUST.N,Technology,1414
FTDR.OQ,Consumer Discretionary,1415
OXM.N,Consumer Discretionary,1416
ANF.N,Consumer Discretionary,1417
OC.N,Industrials,1418
ASTE.OQ,Industrials,1419
VZ.N,Telecommunications,1420
SMRT.N,Technology,1421
REZI.N,Industrials,1422
PGTI.N,Industrials,1423
EAF.N,Basic Materials,1424
APTV.N,Consumer Discretionary,1425
MSFT.OQ,Technology,1426
EVC.N,Consumer Discretionary,1427
MPAA.OQ,Consumer Discretionary,1428
RNW.OQ,Utilities,1429
QCOM.OQ,Technology,1430
STRL.OQ,Industrials,1431
RCM.OQ,Health Care,1432
COTY.N,Consumer Discretionary,1433
NUE.N,Basic Materials,1434
OB.OQ,Consumer Discretionary,1435
DSX.N,Industrials,1436
IAC.OQ,Technology,1437
OPRA.OQ,Technology,1438
AIRS.OQ,Health Care,1439
SNDR.N,Industrials,1440
DNOW.N,Energy,1441
CARG.OQ,Technology,1442
PDD.OQ,Technology,1443
LTHM.N,Basic Materials,1444
SSP.OQ,Consumer Discretionary,1445
NRG.N,Utilities,1446
AXTI.OQ,Technology,1447
HPK.OQ,Energy,1448
NRDS.OQ,Technology,1449
FCEL.OQ,Energy,1450
MHK.N,Industrials,1451
CARS.N,Consumer Discretionary,1452
LZB.N,Consumer Discretionary,1453
ABNB.OQ,Consumer Discretionary,1454
MP.N,Basic Materials,1455
SMG.N,Basic Materials,1456
THO.N,Consumer Discretionary,1457
KAMN.N,Industrials,1458
CTV.N,Technology,1459
PTON.OQ,Consumer Discretionary,1460
PERI.OQ,Technology,1461
THRY.OQ,Consumer Discretionary,1462
BGRY.OQ,Industrials,1463
BOOT.N,Consumer Discretionary,1464
ALIT.N,Industrials,1465
AZEK.N,Industrials,1466
VIPS.N,Consumer Discretionary,1467
MNRO.OQ,Consumer Discretionary,1468
PTGX.OQ,Health Care,1469
BAND.OQ,Technology,1470
GMS.N,Industrials,1471
SAIA.OQ,Industrials,1472
FTCH.N,Consumer Discretionary,1473
LPSN.OQ,Technology,1474
ET.N,Energy,1475
SATS.OQ,Telecommunications,1476
EGIO.OQ,Technology,1477
QUOT.N,Consumer Discretionary,1478
TWST.OQ,Health Care,1479
EVLV.OQ,Industrials,1480
GPS.N,Consumer Discretionary,1481
APG.N,Industrials,1482
LAUR.OQ,Consumer Discretionary,1483
NWSA.OQ,Consumer Discretionary,1484
VERI.OQ,Technology,1485
KNX.N,Industrials,1486
HLMN.OQ,Industrials,1487
EGLE.OQ,Industrials,1488
JELD.N,Industrials,1489
WGO.N,Consumer Discretionary,1490
PLCE.OQ,Consumer Discretionary,1491
TOST.N,Technology,1492
PHAT.OQ,Health Care,1493
AGL.N,Health Care,1494
MRTN.OQ,Industrials,1495
MTTR.OQ,Technology,1496
TREE.OQ,Financials,1497
HAYW.N,Industrials,1498
JWN.N,Consumer Discretionary,1499
URI.N,Industrials,1500
WBA.OQ,Consumer Staples,1501
DV.N,Technology,1502
WRK.N,Industrials,1503
PANW.OQ,Technology,1504
WCC.N,Industrials,1505
MOS.N,Basic Materials,1506
STLD.OQ,Basic Materials,1507
HAIN.OQ,Consumer Staples,1508
TAP.N,Consumer Staples,1509
GOOGL.OQ,Technology,1510
ICE.N,Financials,1511
HIMS.N,Health Care,1512
PBF.N,Energy,1513
STX.OQ,Technology,1514
LE.OQ,Consumer Discretionary,1515
ALGM.OQ,Technology,1516
BABA.N,Consumer Discretionary,1517
TDOC.N,Health Care,1518
CRS.N,Basic Materials,1519
XPEV.N,Consumer Discretionary,1520
RENT.OQ,Consumer Discretionary,1521
PLTR.N,Technology,1522
PAA.OQ,Energy,1523
RYI.N,Basic Materials,1524
HOUS.N,Real Estate,1525
NVDA.OQ,Technology,1526
HLLY.N,Consumer Discretionary,1527
SHCR.OQ,Health Care,1528
BLDR.N,Industrials,1529
NET.N,Technology,1530
YUMC.N,Consumer Discretionary,1531
ON.OQ,Technology,1532
VSTO.N,Consumer Discretionary,1533
CME.OQ,Financials,1534
BZFD.OQ,Technology,1535
EXPI.OQ,Real Estate,1536
VLD.N,Industrials,1537
OLO.N,Technology,1538
HSC.N,Utilities,1539
MEC.N,Industrials,1540
AMD.OQ,Technology,1541
OLN.N,Basic Materials,1542
T.N,Telecommunications,1543
QS.N,Consumer Discretionary,1544
EOLS.OQ,Health Care,1545
DIS.N,Consumer Discretionary,1546
INSM.OQ,Health Care,1547
CLVT.N,Technology,1548
GPK.N,Industrials,1549
PARR.N,Energy,1550
SPOT.N,Consumer Discretionary,1551
DYN.OQ,Health Care,1552
ALV.N,Consumer Discretionary,1553
LHX.N,Industrials,1554
DBI.N,Consumer Discretionary,1555
WLK.N,Basic Materials,1556
GLBE.OQ,Technology,1557
EVCM.OQ,Technology,1558
OFIX.OQ,Health Care,1559
INDI.OQ,Technology,1560
LYFT.OQ,Consumer Discretionary,1561
RPAY.OQ,Industrials,1562
F.N,Consumer Discretionary,1563
PCH.OQ,Real Estate,1564
ENOV.N,Health Care,1565
USM.N,Telecommunications,1566
NTLA.OQ,Health Care,1567
RIVN.OQ,Consumer Discretionary,1568
APP.OQ,Technology,1569
AOS.N,Industrials,1570
NXST.OQ,Consumer Discretionary,1571
DNB.N,Technology,1572
GNK.N,Industrials,1573
VMEO.OQ,Technology,1574
CAL.N,Consumer Discretionary,1575
FLNC.OQ,Energy,1576
RVLV.N,Consumer Discretionary,1577
ABSI.OQ,Health Care,1578
OSTK.OQ,Consumer Discretionary,1579
AXTA.N,Industrials,1580
SWI.N,Technology,1581
NKTR.OQ,Health Care,1582
KAR.N,Consumer Discretionary,1583
FGEN.OQ,Health Care,1584
RVNC.OQ,Health Care,1585
CTLT.N,Health Care,1586
AMZN.OQ,Consumer Discretionary,1587
COUR.N,Consumer Discretionary,1588
BMEA.OQ,Health Care,1589
ADNT.N,Consumer Discretionary,1590
ALB.N,Basic Materials,1591
COMP.N,Real Estate,1592
AAPL.OQ,Technology,1593
FOXA.OQ,Consumer Discretionary,1594
STNE.OQ,Industrials,1595
KN.N,Consumer Discretionary,1596
VTRS.OQ,Health Care,1597
EB.N,Technology,1598
TPC.N,Industrials,1599
HXL.N,Basic Materials,1600
PENN.OQ,Consumer Discretionary,1601
IDCC.OQ,Telecommunications,1602
KEX.N,Industrials,1603
LPG.N,Industrials,1604
RDFN.OQ,Real Estate,1605
PSFE.N,Industrials,1606
LAD.N,Consumer Discretionary,1607
TGTX.OQ,Health Care,1608
LTH.N,Consumer Discretionary,1609
ARLP.OQ,Energy,1610
LILA.OQ,Telecommunications,1611
SHOP.N,Technology,1612
LPI.N,Energy,1613
WWW.N,Consumer Discretionary,1614
BFLY.N,Health Care,1615
PAR.N,Technology,1616
CRDO.OQ,Technology,1617
PNR.N,Industrials,1618
GLOP.N,Industrials,1619
XMTR.OQ,Technology,1620
CAAS.OQ,Consumer Discretionary,1621
ST.N,Industrials,1622
TSLA.OQ,Consumer Discretionary,1623
CRM.N,Technology,1624
GPRO.OQ,Consumer Discretionary,1625
OPEN.OQ,Real Estate,1626
CVNA.N,Consumer Discretionary,1627
GVA.N,Industrials,1628
LCID.OQ,Consumer Discretionary,1629
CMTL.OQ,Telecommunications,1630
WY.N,Real Estate,1631
ATRO.OQ,Industrials,1632
GM.N,Consumer Discretionary,1633
MODG.N,Consumer Discretionary,1634
TYRA.OQ,Health Care,1635
ACMR.OQ,Technology,1636
ELAN.N,Health Care,1637
GTHX.OQ,Health Care,1638
GIII.OQ,Consumer Discretionary,1639
PAG.N,Consumer Discretionary,1640
WOOF.OQ,Consumer Discretionary,1641
VTYX.OQ,Health Care,1642
MTW.N,Industrials,1643
KSS.N,Consumer Discretionary,1644
TIGO.OQ,Telecommunications,1645
ABG.N,Consumer Discretionary,1646
TX.N,Basic Materials,1647
FIS.N,Industrials,1648
AN.N,Consumer Discretionary,1649
XNCR.OQ,Health Care,1650
BBCP.OQ,Industrials,1651
DCGO.OQ,Health Care,1652
GPI.N,Consumer Discretionary,1653
SAH.N,Consumer Discretionary,1654
MU.OQ,Technology,1655
LEVI.N,Consumer Discretionary,1656
TBLA.OQ,Technology,1657
HOOD.OQ,Financials,1658
RBBN.OQ,Telecommunications,1659
IOVA.OQ,Health Care,1660
TECK.N,Basic Materials,1661
DDD.N,Technology,1662
CIVI.N,Energy,1663
CPS.N,Consumer Discretionary,1664
ATRA.OQ,Health Care,1665
LGFa.N,Consumer Discretionary,1666
NVST.N,Health Care,1667
SHO.N,Real Estate,1668
GPRE.OQ,Energy,1669
CRNC.OQ,Technology,1670
COOK.N,Consumer Discretionary,1671
DINO.N,Energy,1672
FTI.N,Energy,1673
LRN.N,Consumer Discretionary,1674
ACCD.OQ,Health Care,1675
MGNI.OQ,Technology,1676
CHS.N,Consumer Discretionary,1677
SLDP.OQ,Energy,1678
IP.N,Basic Materials,1679
TSVT.OQ,Health Care,1680
TWOU.OQ,Consumer Discretionary,1681
PR.N,Energy,1682
FL.N,Consumer Discretionary,1683
HYLN.N,Industrials,1684
TDS.N,Telecommunications,1685
WBD.OQ,Consumer Discretionary,1686
AUR.OQ,Industrials,1687
SFIX.OQ,Consumer Discretionary,1688
PARA.OQ,Consumer Discretionary,1689
MPLN.N,Health Care,1690
BKD.N,Health Care,1691
WDC.OQ,Technology,1692
ETWO.N,Technology,1693
RIG.N,Energy,1694
QRTEA.OQ,Consumer Discretionary,1695
APPH.OQ,Consumer Staples,1696
