Instrument,ICB Industry name,Rank
WISH.OQ,Consumer Discretionary,1
OPEN.OQ,Real Estate,2
RIG.N,Energy,3
GEO.N,Real Estate,4
ACMR.OQ,Technology,5
BBAI.N,Technology,6
PGY.OQ,Industrials,7
META.OQ,Technology,8
TWOU.OQ,Consumer Discretionary,9
RXT.OQ,Technology,10
CXW.N,Industrials,11
GOOGL.OQ,Technology,12
APP.OQ,Technology,13
MTLS.OQ,Technology,14
GEVO.OQ,Energy,15
CVX.N,Energy,16
SSP.OQ,Consumer Discretionary,17
DISH.OQ,Telecommunications,18
TWST.OQ,Health Care,19
OPK.OQ,Health Care,20
MPLN.N,Health Care,21
MHK.N,Industrials,22
CRDO.OQ,Technology,23
ALXO.OQ,Health Care,24
COMP.N,Real Estate,25
UDMY.OQ,Consumer Discretionary,26
SWI.N,Technology,27
ATSG.OQ,Industrials,28
FLNC.OQ,Energy,29
STAA.OQ,Health Care,30
SAM.N,Consumer Staples,31
PETQ.OQ,Health Care,32
TREE.OQ,Financials,33
PCT.OQ,Industrials,34
BAND.OQ,Technology,35
SRRK.OQ,Health Care,36
KRNT.OQ,Industrials,37
BGRY.OQ,Industrials,38
GLDD.OQ,Industrials,39
AKAM.OQ,Technology,40
SLGC.OQ,Health Care,41
JMIA.N,Technology,42
CHRS.OQ,Health Care,43
AMWL.N,Health Care,44
MEDP.OQ,Health Care,45
BNGO.OQ,Health Care,46
MRO.N,Energy,47
OUST.N,Technology,48
AMRX.N,Health Care,49
OM.OQ,Health Care,50
SRDX.OQ,Health Care,51
PXD.N,Energy,52
AOSL.OQ,Technology,53
BIG.N,Consumer Discretionary,54
FTCH.N,Consumer Discretionary,55
TILE.OQ,Consumer Discretionary,56
TNDM.OQ,Health Care,57
VERI.OQ,Technology,58
RNGR.N,Energy,59
SHYF.OQ,Industrials,60
SST.N,Technology,61
TLRY.OQ,Health Care,62
ADCT.N,Health Care,63
TOST.N,Technology,64
ABCL.OQ,Health Care,65
HSIC.OQ,Health Care,66
TRIP.OQ,Consumer Discretionary,67
GPRO.OQ,Consumer Discretionary,68
RDFN.OQ,Real Estate,69
ZD.OQ,Technology,70
DXLG.OQ,Consumer Discretionary,71
AZEK.N,Industrials,72
DADA.OQ,Technology,73
BLNK.OQ,Consumer Discretionary,74
PRTS.OQ,Consumer Discretionary,75
NBR.N,Energy,76
CPE.N,Energy,77
PACB.OQ,Health Care,78
SHOP.N,Technology,79
VICR.OQ,Industrials,80
EOG.N,Energy,81
LAW.N,Industrials,82
PARA.OQ,Consumer Discretionary,83
TSE.N,Industrials,84
MTTR.OQ,Technology,85
DVN.N,Energy,86
COP.N,Energy,87
HP.N,Energy,88
PDD.OQ,Technology,89
WTTR.N,Energy,90
PTEN.OQ,Energy,91
MSFT.OQ,Technology,92
FULC.OQ,Health Care,93
ADBE.OQ,Technology,94
FIVN.OQ,Technology,95
RBOT.N,Health Care,96
RES.N,Energy,97
FANG.OQ,Energy,98
CHWY.N,Consumer Discretionary,99
EPAM.N,Technology,100
PFE.N,Health Care,101
AGIO.OQ,Health Care,102
VERV.OQ,Health Care,103
DH.OQ,Technology,104
CNX.N,Energy,105
WOOF.OQ,Consumer Discretionary,106
NVEE.OQ,Industrials,107
SONO.OQ,Consumer Discretionary,108
CD.OQ,Technology,109
AFYA.OQ,Consumer Discretionary,110
MUR.N,Energy,111
FCEL.OQ,Energy,112
ARAY.OQ,Health Care,113
CTSH.OQ,Technology,114
SEER.OQ,Health Care,115
HOUS.N,Real Estate,116
TGTX.OQ,Health Care,117
SG.N,Consumer Discretionary,118
APA.OQ,Energy,119
NFLX.OQ,Consumer Discretionary,120
CNNE.N,Financials,121
UPWK.OQ,Technology,122
ACCO.N,Consumer Staples,123
LBTYA.OQ,Telecommunications,124
KELYA.OQ,Industrials,125
CRL.N,Health Care,126
SWKS.OQ,Technology,127
MRNA.OQ,Health Care,128
PSFE.N,Industrials,129
BIGC.OQ,Technology,130
XOM.N,Energy,131
CCCC.OQ,Health Care,132
EXPI.OQ,Real Estate,133
NWSA.OQ,Consumer Discretionary,134
CPS.N,Consumer Discretionary,135
RMAX.N,Real Estate,136
XNCR.OQ,Health Care,137
OLPX.OQ,Consumer Staples,138
AMRS.OQ,Basic Materials,139
MXCT.OQ,Health Care,140
DAVA.N,Technology,141
LAD.N,Consumer Discretionary,142
CABO.N,Telecommunications,143
AAPL.OQ,Technology,144
ETWO.N,Technology,145
LPX.N,Industrials,146
JANX.OQ,Health Care,147
TME.N,Consumer Discretionary,148
LTHM.N,Basic Materials,149
ON.OQ,Technology,150
LPSN.OQ,Technology,151
VMEO.OQ,Technology,152
M.N,Consumer Discretionary,153
ZI.OQ,Technology,154
LPRO.OQ,Financials,155
CNSL.OQ,Telecommunications,156
CERE.OQ,Health Care,157
LUMN.N,Telecommunications,158
DINO.N,Energy,159
TECK.N,Basic Materials,160
LPI.N,Energy,161
SCPH.OQ,Health Care,162
LCID.OQ,Consumer Discretionary,163
SANA.OQ,Health Care,164
SOL.N,Energy,165
PUMP.N,Energy,166
EXFY.OQ,Technology,167
ENLC.N,Energy,168
NOG.N,Energy,169
OMI.N,Health Care,170
TTEC.OQ,Industrials,171
ENOV.N,Health Care,172
JNJ.N,Health Care,173
VAL.N,Energy,174
TUSK.OQ,Energy,175
HYLN.N,Industrials,176
AMD.OQ,Technology,177
MDRX.OQ,Technology,178
PKI.N,Health Care,179
NVCR.OQ,Health Care,180
DLO.OQ,Industrials,181
PLAY.OQ,Consumer Discretionary,182
DZSI.OQ,Telecommunications,183
WGO.N,Consumer Discretionary,184
AMRC.N,Energy,185
LIVN.OQ,Health Care,186
OGN.N,Health Care,187
VLO.N,Energy,188
AHCO.OQ,Health Care,189
CVEO.N,Energy,190
TBLA.OQ,Technology,191
DASH.N,Technology,192
QTRX.OQ,Health Care,193
XPO.N,Industrials,194
SANM.OQ,Technology,195
PDCO.OQ,Health Care,196
STRA.OQ,Consumer Discretionary,197
OVV.N,Energy,198
WHD.N,Energy,199
SBGI.OQ,Consumer Discretionary,200
HD.N,Consumer Discretionary,201
CGNX.OQ,Industrials,202
SNDL.OQ,Health Care,203
NET.N,Technology,204
OUT.N,Real Estate,205
JWN.N,Consumer Discretionary,206
OXY.N,Energy,207
TWKS.OQ,Technology,208
MANU.N,Consumer Discretionary,209
RCUS.N,Health Care,210
DFIN.N,Industrials,211
QCOM.OQ,Technology,212
LASR.OQ,Technology,213
DDD.N,Technology,214
CWK.N,Real Estate,215
TALO.N,Energy,216
DAN.N,Consumer Discretionary,217
MAXN.OQ,Energy,218
CWH.N,Consumer Discretionary,219
ELAN.N,Health Care,220
LLY.N,Health Care,221
GFF.N,Industrials,222
SPGI.N,Financials,223
STR.N,Energy,224
NEM.N,Basic Materials,225
PCTY.OQ,Industrials,226
DNB.N,Technology,227
ATRC.OQ,Health Care,228
BRLT.OQ,Consumer Discretionary,229
GDYN.OQ,Technology,230
TPC.N,Industrials,231
GWRS.OQ,Utilities,232
ENV.N,Technology,233
MYTE.N,Consumer Discretionary,234
TWI.N,Industrials,235
BE.N,Industrials,236
HNRG.OQ,Energy,237
UFPI.OQ,Basic Materials,238
SM.N,Energy,239
MERC.OQ,Basic Materials,240
SWN.N,Energy,241
CRNC.OQ,Technology,242
KEYS.N,Industrials,243
GILD.OQ,Health Care,244
HUN.N,Basic Materials,245
CHRD.OQ,Energy,246
SFM.OQ,Consumer Staples,247
MCHP.OQ,Technology,248
ZG.OQ,Real Estate,249
DDOG.OQ,Technology,250
HCKT.OQ,Technology,251
AMWD.OQ,Industrials,252
GXO.N,Industrials,253
TLS.OQ,Technology,254
NSTG.OQ,Health Care,255
FND.N,Consumer Discretionary,256
ETRN.N,Energy,257
NVRO.N,Health Care,258
B.N,Industrials,259
ATXS.OQ,Health Care,260
BRKR.OQ,Health Care,261
V.N,Industrials,262
WRK.N,Industrials,263
SSYS.OQ,Technology,264
NOV.N,Energy,265
AMKR.OQ,Technology,266
GPS.N,Consumer Discretionary,267
LYFT.OQ,Consumer Discretionary,268
NTCT.OQ,Technology,269
VREX.OQ,Health Care,270
MNRO.OQ,Consumer Discretionary,271
SP.OQ,Industrials,272
SRCL.OQ,Utilities,273
HAIN.OQ,Consumer Staples,274
BROS.N,Consumer Discretionary,275
NDSN.OQ,Industrials,276
KDNY.OQ,Health Care,277
TXN.OQ,Technology,278
EGRX.OQ,Health Care,279
MYPS.OQ,Consumer Discretionary,280
ALLK.OQ,Health Care,281
PACK.N,Industrials,282
KMX.N,Consumer Discretionary,283
HAL.N,Energy,284
KC.OQ,Technology,285
WOW.N,Telecommunications,286
DG.N,Consumer Discretionary,287
CHEF.OQ,Consumer Staples,288
BV.N,Industrials,289
EBIX.OQ,Technology,290
LITE.OQ,Telecommunications,291
BSM.N,Energy,292
MU.OQ,Technology,293
BOOT.N,Consumer Discretionary,294
DAC.N,Industrials,295
THRM.OQ,Consumer Discretionary,296
AUDC.OQ,Telecommunications,297
NSC.N,Industrials,298
ARVN.OQ,Health Care,299
HES.N,Energy,300
MGY.N,Energy,301
MCW.N,Consumer Discretionary,302
SIG.N,Consumer Discretionary,303
PLCE.OQ,Consumer Discretionary,304
ACN.N,Industrials,305
TSP.OQ,Industrials,306
CMC.N,Basic Materials,307
ORA.N,Utilities,308
PSX.N,Energy,309
WLK.N,Basic Materials,310
EVER.OQ,Technology,311
TDOC.N,Health Care,312
NFE.OQ,Energy,313
PAYC.N,Technology,314
DD.N,Industrials,315
SPTN.OQ,Consumer Staples,316
PTON.OQ,Consumer Discretionary,317
MPC.N,Energy,318
FRG.OQ,Consumer Discretionary,319
VNOM.OQ,Energy,320
SKIL.N,Industrials,321
CVLT.OQ,Technology,322
WOLF.N,Technology,323
TGNA.N,Consumer Discretionary,324
RIGL.OQ,Health Care,325
KNX.N,Industrials,326
TTMI.OQ,Technology,327
CTRA.N,Energy,328
NPO.N,Industrials,329
TREX.N,Industrials,330
KLTR.OQ,Telecommunications,331
SUM.N,Industrials,332
ARLO.N,Consumer Discretionary,333
JBLU.OQ,Consumer Discretionary,334
KN.N,Consumer Discretionary,335
MRK.N,Health Care,336
LBRDA.OQ,Telecommunications,337
VTRS.OQ,Health Care,338
WDC.OQ,Technology,339
MMC.N,Financials,340
AZTA.OQ,Health Care,341
CSCO.OQ,Telecommunications,342
XPER.OQ,Technology,343
CRK.N,Energy,344
THO.N,Consumer Discretionary,345
IQV.N,Health Care,346
ATNI.OQ,Telecommunications,347
MASS.OQ,Health Care,348
DXCM.OQ,Health Care,349
ACET.OQ,Health Care,350
COMM.OQ,Telecommunications,351
AXGN.OQ,Health Care,352
KYMR.OQ,Health Care,353
DXC.N,Technology,354
HLIT.OQ,Telecommunications,355
SPWR.OQ,Energy,356
LBRT.N,Energy,357
SPNS.OQ,Technology,358
GO.OQ,Consumer Staples,359
DHR.N,Health Care,360
REZI.N,Industrials,361
AVAV.OQ,Industrials,362
STX.OQ,Technology,363
BEAM.OQ,Health Care,364
SHCR.OQ,Health Care,365
TAL.N,Consumer Discretionary,366
INFA.N,Technology,367
INTU.OQ,Technology,368
DDS.N,Consumer Discretionary,369
MMM.N,Industrials,370
FORM.OQ,Technology,371
HLMN.OQ,Industrials,372
SYNA.OQ,Technology,373
AGR.N,Utilities,374
QUOT.N,Consumer Discretionary,375
IIIV.OQ,Industrials,376
SKYW.OQ,Consumer Discretionary,377
EHC.N,Health Care,378
BIIB.OQ,Health Care,379
BDC.N,Industrials,380
ADT.N,Industrials,381
KLAC.OQ,Technology,382
EWTX.OQ,Health Care,383
WAT.N,Industrials,384
HPK.OQ,Energy,385
CSX.OQ,Industrials,386
RDWR.OQ,Technology,387
BLKB.OQ,Technology,388
RSVR.OQ,Consumer Discretionary,389
EXPD.OQ,Industrials,390
ALB.N,Basic Materials,391
DOX.OQ,Technology,392
CEG.OQ,Utilities,393
QSI.OQ,Health Care,394
NVST.N,Health Care,395
KOD.OQ,Health Care,396
ENVA.N,Financials,397
ANGI.OQ,Consumer Discretionary,398
TROX.N,Basic Materials,399
ABT.N,Health Care,400
MX.N,Technology,401
CASY.OQ,Consumer Staples,402
BCC.N,Basic Materials,403
HAYW.N,Industrials,404
TTEK.OQ,Industrials,405
CRS.N,Basic Materials,406
SLAB.OQ,Technology,407
BMY.N,Health Care,408
TPR.N,Consumer Discretionary,409
NEX.N,Energy,410
NXPI.OQ,Technology,411
MA.N,Industrials,412
CHGG.N,Consumer Discretionary,413
DDI.OQ,Consumer Discretionary,414
FLWS.OQ,Consumer Discretionary,415
ARDX.OQ,Health Care,416
A.N,Health Care,417
XPEL.OQ,Consumer Discretionary,418
PG.N,Consumer Staples,419
AIN.N,Industrials,420
ODFL.OQ,Industrials,421
NSSC.OQ,Industrials,422
AMN.N,Industrials,423
SNDR.N,Industrials,424
PTRA.OQ,Industrials,425
LYB.N,Basic Materials,426
FL.N,Consumer Discretionary,427
BKI.N,Technology,428
TMST.N,Basic Materials,429
SMP.N,Consumer Discretionary,430
POOL.OQ,Consumer Discretionary,431
FATE.OQ,Health Care,432
RYN.N,Real Estate,433
ATGE.N,Consumer Discretionary,434
ARLP.OQ,Energy,435
WY.N,Real Estate,436
TIGO.OQ,Telecommunications,437
HRI.N,Industrials,438
MTD.N,Industrials,439
OLN.N,Basic Materials,440
PRFT.OQ,Technology,441
CSGP.OQ,Real Estate,442
REVG.N,Industrials,443
VRAY.OQ,Health Care,444
GLW.N,Technology,445
KAR.N,Consumer Discretionary,446
INTC.OQ,Technology,447
TRMB.OQ,Industrials,448
MGNI.OQ,Technology,449
CGNT.OQ,Technology,450
NMRK.OQ,Real Estate,451
SNX.N,Technology,452
UPS.N,Industrials,453
TER.OQ,Technology,454
IP.N,Basic Materials,455
MRTX.OQ,Health Care,456
MITK.OQ,Technology,457
DSKE.OQ,Industrials,458
MATX.N,Industrials,459
AVNS.N,Health Care,460
GHC.N,Consumer Discretionary,461
ARW.N,Technology,462
GWRE.N,Technology,463
CHX.OQ,Energy,464
HLLY.N,Consumer Discretionary,465
WBA.OQ,Consumer Staples,466
KNSA.OQ,Health Care,467
BRP.OQ,Financials,468
FLS.N,Industrials,469
DCO.N,Industrials,470
SEMR.N,Technology,471
CNXC.OQ,Technology,472
BL.OQ,Technology,473
SWX.N,Utilities,474
ACHC.OQ,Health Care,475
CLB.N,Energy,476
MODG.N,Consumer Discretionary,477
GME.N,Consumer Discretionary,478
KMI.N,Energy,479
ILMN.OQ,Health Care,480
LPG.N,Industrials,481
WSM.N,Consumer Discretionary,482
UCTT.OQ,Technology,483
ANIP.OQ,Health Care,484
RH.N,Consumer Discretionary,485
NOW.N,Technology,486
EPC.N,Consumer Staples,487
AMSWA.OQ,Technology,488
EFX.N,Industrials,489
DEN.N,Energy,490
RKLB.OQ,Industrials,491
SCVL.OQ,Consumer Discretionary,492
EXAS.OQ,Health Care,493
EBS.N,Health Care,494
KURA.OQ,Health Care,495
GES.N,Consumer Discretionary,496
FOXA.OQ,Consumer Discretionary,497
WETF.OQ,Financials,498
CTS.N,Technology,499
ECVT.N,Basic Materials,500
TRU.N,Industrials,501
SGHT.OQ,Health Care,502
NUS.N,Consumer Staples,503
MCO.N,Financials,504
MXL.OQ,Technology,505
PAYX.OQ,Industrials,506
PODD.OQ,Health Care,507
INT.N,Energy,508
DLX.N,Industrials,509
ARMK.N,Consumer Discretionary,510
ZBRA.OQ,Industrials,511
UHS.N,Health Care,512
FLEX.OQ,Technology,513
RADA.OQ,Industrials,514
NEP.N,Utilities,515
NE.N,Energy,516
PX.N,Financials,517
SSNC.OQ,Technology,518
VSCO.N,Consumer Discretionary,519
VZ.N,Telecommunications,520
CHK.OQ,Energy,521
GOCO.OQ,Financials,522
GFS.OQ,Technology,523
ROLL.OQ,Basic Materials,524
PRPL.OQ,Consumer Discretionary,525
TGH.N,Industrials,526
NATI.OQ,Technology,527
ALRM.OQ,Technology,528
WBD.OQ,Consumer Discretionary,529
EMR.N,Industrials,530
CCI.N,Real Estate,531
CENT.OQ,Consumer Discretionary,532
EBAY.OQ,Consumer Discretionary,533
PLTR.N,Technology,534
SPH.N,Consumer Discretionary,535
NCLH.N,Consumer Discretionary,536
PGTI.N,Industrials,537
ICLR.OQ,Health Care,538
MTN.N,Consumer Discretionary,539
COLM.OQ,Consumer Discretionary,540
SAVE.N,Consumer Discretionary,541
GKOS.N,Health Care,542
SEM.N,Health Care,543
TSN.N,Consumer Staples,544
ANGO.OQ,Health Care,545
AVGO.OQ,Technology,546
HAS.OQ,Consumer Discretionary,547
SGHC.N,Consumer Discretionary,548
RYI.N,Basic Materials,549
CDAY.N,Technology,550
FYBR.OQ,Telecommunications,551
OLO.N,Technology,552
NS.N,Energy,553
CDRE.N,Industrials,554
WEAV.N,Technology,555
SGH.OQ,Technology,556
RPRX.OQ,Health Care,557
SHLS.OQ,Energy,558
CPRI.N,Consumer Discretionary,559
TJX.N,Consumer Discretionary,560
CHPT.N,Energy,561
NCNO.OQ,Technology,562
ABG.N,Consumer Discretionary,563
LTH.N,Consumer Discretionary,564
AYX.N,Technology,565
IART.OQ,Health Care,566
HOLX.OQ,Health Care,567
GLP.N,Energy,568
NRG.N,Utilities,569
JKHY.OQ,Industrials,570
KHC.OQ,Consumer Staples,571
MPWR.OQ,Technology,572
OC.N,Industrials,573
SOVO.OQ,Consumer Staples,574
MPAA.OQ,Consumer Discretionary,575
IDXX.OQ,Health Care,576
RGLD.OQ,Basic Materials,577
FARO.OQ,Industrials,578
SSD.N,Industrials,579
BABA.N,Consumer Discretionary,580
APH.N,Technology,581
CRTO.OQ,Technology,582
KLIC.OQ,Technology,583
AXL.N,Consumer Discretionary,584
TPIC.OQ,Energy,585
NKE.N,Consumer Discretionary,586
SUPN.OQ,Health Care,587
GPRK.N,Energy,588
SMTC.OQ,Technology,589
CMCSA.OQ,Telecommunications,590
RGEN.OQ,Health Care,591
AMZN.OQ,Consumer Discretionary,592
XRX.OQ,Technology,593
CSGS.OQ,Technology,594
QRVO.OQ,Technology,595
ASH.N,Basic Materials,596
PCH.OQ,Real Estate,597
TEL.N,Technology,598
PTC.OQ,Technology,599
ARCB.OQ,Industrials,600
FLGT.OQ,Health Care,601
BKR.OQ,Energy,602
HPE.N,Technology,603
IPI.N,Basic Materials,604
HDSN.OQ,Industrials,605
ATO.N,Utilities,606
NCR.N,Technology,607
LCII.N,Consumer Discretionary,608
KOS.N,Energy,609
III.OQ,Industrials,610
MUSA.N,Consumer Discretionary,611
ROCK.OQ,Industrials,612
NEWR.N,Technology,613
HUBG.OQ,Industrials,614
DOOR.N,Industrials,615
OGE.N,Utilities,616
DAR.N,Consumer Staples,617
ALLE.N,Industrials,618
STNE.OQ,Industrials,619
RICK.OQ,Consumer Discretionary,620
T.N,Telecommunications,621
RNW.OQ,Utilities,622
FCX.N,Basic Materials,623
NXST.OQ,Consumer Discretionary,624
MOH.N,Health Care,625
PENN.OQ,Consumer Discretionary,626
SFL.N,Industrials,627
BBY.N,Consumer Discretionary,628
NGVT.N,Basic Materials,629
JHG.N,Financials,630
EGIO.OQ,Technology,631
CEQP.N,Energy,632
FTV.N,Industrials,633
QGEN.N,Health Care,634
MDT.N,Health Care,635
DIOD.OQ,Technology,636
KO.N,Consumer Staples,637
SR.N,Utilities,638
BR.N,Financials,639
ERAS.OQ,Health Care,640
RL.N,Consumer Discretionary,641
D.N,Utilities,642
MAT.OQ,Consumer Discretionary,643
LFUS.OQ,Industrials,644
WWD.OQ,Industrials,645
SAH.N,Consumer Discretionary,646
F.N,Consumer Discretionary,647
BDX.N,Health Care,648
VFC.N,Consumer Discretionary,649
TSLA.OQ,Consumer Discretionary,650
PRDO.OQ,Consumer Discretionary,651
AVO.OQ,Consumer Staples,652
UNF.N,Industrials,653
OSK.N,Industrials,654
OKE.N,Energy,655
CCL.N,Consumer Discretionary,656
DGX.N,Health Care,657
NOMD.N,Consumer Staples,658
JBHT.OQ,Industrials,659
NUVA.OQ,Health Care,660
PLOW.N,Industrials,661
CAKE.OQ,Consumer Discretionary,662
ET.N,Energy,663
GM.N,Consumer Discretionary,664
ALKS.OQ,Health Care,665
SSTI.OQ,Industrials,666
ESE.N,Industrials,667
DOW.N,Basic Materials,668
MLAB.OQ,Industrials,669
INFN.OQ,Telecommunications,670
WMB.N,Energy,671
DTC.N,Consumer Discretionary,672
NUE.N,Basic Materials,673
ROST.OQ,Consumer Discretionary,674
SWK.N,Industrials,675
REX.N,Energy,676
AOS.N,Industrials,677
PRM.N,Basic Materials,678
VRTS.OQ,Financials,679
ZBH.N,Health Care,680
BILI.OQ,Technology,681
INCY.OQ,Health Care,682
CSTL.OQ,Health Care,683
CHH.N,Consumer Discretionary,684
BRY.OQ,Energy,685
GPRE.OQ,Energy,686
QTWO.N,Technology,687
SNA.N,Industrials,688
EXLS.OQ,Industrials,689
CVI.N,Energy,690
DIS.N,Consumer Discretionary,691
MMI.N,Real Estate,692
INVA.OQ,Health Care,693
PKG.N,Industrials,694
ASGN.N,Industrials,695
NDAQ.OQ,Financials,696
KMT.N,Industrials,697
PLAB.OQ,Technology,698
THR.N,Industrials,699
FN.N,Technology,700
CTLT.N,Health Care,701
BCPC.OQ,Basic Materials,702
ES.N,Utilities,703
CVS.N,Consumer Staples,704
UP.N,Consumer Discretionary,705
MKSI.OQ,Industrials,706
WES.N,Energy,707
NWPX.OQ,Basic Materials,708
CHRW.OQ,Industrials,709
EXP.N,Industrials,710
URBN.OQ,Consumer Discretionary,711
KALU.OQ,Basic Materials,712
NYT.N,Consumer Discretionary,713
TMUS.OQ,Telecommunications,714
OFIX.OQ,Health Care,715
SBH.N,Consumer Discretionary,716
AMGN.OQ,Health Care,717
MRVL.OQ,Technology,718
GPN.N,Industrials,719
EQIX.OQ,Real Estate,720
ONTF.N,Technology,721
BJ.N,Consumer Discretionary,722
AEIS.OQ,Technology,723
BIOX.OQ,Basic Materials,724
GMED.N,Health Care,725
QSR.N,Consumer Discretionary,726
CHTR.OQ,Telecommunications,727
XEL.OQ,Utilities,728
CNP.N,Utilities,729
XYL.N,Industrials,730
PYPL.OQ,Industrials,731
BURL.N,Consumer Discretionary,732
GT.OQ,Consumer Discretionary,733
AME.N,Industrials,734
JNPR.N,Telecommunications,735
FHI.N,Financials,736
RCKT.OQ,Health Care,737
ETD.N,Consumer Discretionary,738
RRR.OQ,Consumer Discretionary,739
SUN.N,Energy,740
GNRC.N,Industrials,741
BIDU.OQ,Technology,742
MAN.N,Industrials,743
TYRA.OQ,Health Care,744
NTAP.OQ,Technology,745
IT.N,Technology,746
DBI.N,Consumer Discretionary,747
CRI.N,Consumer Discretionary,748
BKH.N,Utilities,749
CF.N,Basic Materials,750
PSMT.OQ,Consumer Discretionary,751
SHW.N,Industrials,752
CERS.OQ,Health Care,753
SCL.N,Basic Materials,754
CNTY.OQ,Consumer Discretionary,755
BTAI.OQ,Health Care,756
WMG.OQ,Consumer Discretionary,757
PHR.N,Health Care,758
AVT.OQ,Technology,759
CMTL.OQ,Telecommunications,760
FIS.N,Industrials,761
AKYA.OQ,Health Care,762
VRNT.OQ,Technology,763
NEE.N,Utilities,764
WEC.N,Utilities,765
HRT.N,Industrials,766
ACEL.N,Consumer Discretionary,767
MODN.N,Technology,768
KR.N,Consumer Staples,769
FCFS.OQ,Financials,770
MMS.N,Industrials,771
FAST.OQ,Basic Materials,772
REYN.OQ,Consumer Staples,773
FIVE.OQ,Consumer Discretionary,774
TENB.OQ,Technology,775
AMT.N,Real Estate,776
CRUS.OQ,Technology,777
SAIA.OQ,Industrials,778
EEFT.OQ,Industrials,779
UNFI.N,Consumer Staples,780
ADPT.OQ,Health Care,781
WHR.N,Consumer Discretionary,782
SKY.N,Consumer Discretionary,783
PPC.OQ,Consumer Staples,784
STE.N,Health Care,785
ICUI.OQ,Health Care,786
FIGS.N,Consumer Discretionary,787
SLDP.OQ,Energy,788
IBM.N,Technology,789
HBI.N,Consumer Discretionary,790
HRL.N,Consumer Staples,791
EL.N,Consumer Discretionary,792
HNST.OQ,Consumer Staples,793
ITW.N,Industrials,794
CSIQ.OQ,Energy,795
AMAT.OQ,Technology,796
BHIL.N,Consumer Staples,797
IPG.N,Consumer Discretionary,798
REGN.OQ,Health Care,799
YUMC.N,Consumer Discretionary,800
VRTX.OQ,Health Care,801
PDCE.OQ,Energy,802
BBCP.OQ,Industrials,803
PVH.N,Consumer Discretionary,804
RMBS.OQ,Technology,805
TDY.N,Industrials,806
EMN.N,Basic Materials,807
SGMO.OQ,Health Care,808
CACI.N,Technology,809
VIAV.OQ,Telecommunications,810
CASA.OQ,Telecommunications,811
FOXF.OQ,Consumer Discretionary,812
WMT.N,Consumer Discretionary,813
HESM.N,Energy,814
AIRS.OQ,Health Care,815
TMO.N,Health Care,816
ST.N,Industrials,817
KMB.N,Consumer Staples,818
ICHR.OQ,Technology,819
CLNE.OQ,Consumer Discretionary,820
SPXC.N,Industrials,821
KWR.N,Basic Materials,822
KEX.N,Industrials,823
LZ.OQ,Industrials,824
ACI.N,Consumer Staples,825
CDW.OQ,Technology,826
HON.OQ,Industrials,827
GAMB.OQ,Consumer Discretionary,828
GPI.N,Consumer Discretionary,829
WWE.N,Consumer Discretionary,830
GLNG.OQ,Energy,831
DT.N,Technology,832
DUK.N,Utilities,833
ICFI.OQ,Industrials,834
LECO.OQ,Industrials,835
DGII.OQ,Telecommunications,836
CNMD.N,Health Care,837
NOVA.N,Utilities,838
VRSK.OQ,Industrials,839
LDOS.N,Technology,840
PLUS.OQ,Technology,841
NN.OQ,Technology,842
AVD.N,Basic Materials,843
CALX.N,Telecommunications,844
ALKT.OQ,Technology,845
LNN.N,Industrials,846
NX.N,Industrials,847
ACCD.OQ,Health Care,848
INSP.N,Health Care,849
CNC.N,Health Care,850
ALK.N,Consumer Discretionary,851
MQ.OQ,Industrials,852
SITE.N,Consumer Discretionary,853
BTU.N,Energy,854
ROL.N,Consumer Discretionary,855
PINS.N,Technology,856
ITT.N,Industrials,857
MNST.OQ,Consumer Staples,858
TSCO.OQ,Consumer Discretionary,859
ZWS.N,Industrials,860
OIS.N,Energy,861
AEE.N,Utilities,862
SO.N,Utilities,863
WDFC.OQ,Consumer Staples,864
HAE.N,Health Care,865
CWAN.N,Financials,866
IRWD.OQ,Health Care,867
DRI.N,Consumer Discretionary,868
LILA.OQ,Telecommunications,869
SPOT.N,Consumer Discretionary,870
WLY.N,Consumer Discretionary,871
VVI.N,Consumer Discretionary,872
WTW.OQ,Financials,873
MDB.OQ,Technology,874
WERN.OQ,Industrials,875
SKX.N,Consumer Discretionary,876
LNT.OQ,Utilities,877
TDS.N,Telecommunications,878
IFF.N,Basic Materials,879
EVCM.OQ,Technology,880
CE.N,Basic Materials,881
WNC.N,Industrials,882
AEP.OQ,Utilities,883
PYCR.OQ,Technology,884
POR.N,Utilities,885
CMS.N,Utilities,886
JJSF.OQ,Consumer Staples,887
VMC.N,Industrials,888
ADTN.OQ,Telecommunications,889
K.N,Consumer Staples,890
SMRT.N,Technology,891
ASIX.N,Basic Materials,892
FDX.N,Industrials,893
DK.N,Energy,894
FDS.N,Financials,895
PLXS.OQ,Technology,896
COLL.OQ,Health Care,897
SPB.N,Consumer Staples,898
DRVN.OQ,Consumer Discretionary,899
BMBL.OQ,Technology,900
TRGP.N,Energy,901
SLP.OQ,Technology,902
CC.N,Basic Materials,903
MRCY.OQ,Industrials,904
DOV.N,Industrials,905
FLYW.OQ,Industrials,906
PTVE.OQ,Industrials,907
MOV.N,Consumer Discretionary,908
AAP.N,Consumer Discretionary,909
CYBR.OQ,Technology,910
BSX.N,Health Care,911
LRN.N,Consumer Discretionary,912
PCVX.OQ,Health Care,913
PCG.N,Utilities,914
HALO.OQ,Health Care,915
NXGN.OQ,Health Care,916
SEIC.OQ,Financials,917
SHO.N,Real Estate,918
IPSC.OQ,Health Care,919
GNTX.OQ,Consumer Discretionary,920
LYTS.OQ,Industrials,921
HLX.N,Energy,922
NVDA.OQ,Technology,923
CL.N,Consumer Staples,924
NEXA.N,Basic Materials,925
MSM.N,Industrials,926
IAC.OQ,Technology,927
TNP.N,Industrials,928
WM.N,Utilities,929
SHAK.N,Consumer Discretionary,930
PR.N,Energy,931
CBRE.N,Real Estate,932
CPLP.OQ,Industrials,933
SFIX.OQ,Consumer Discretionary,934
BJRI.OQ,Consumer Discretionary,935
NETI.N,Industrials,936
ASO.OQ,Consumer Discretionary,937
ENPH.OQ,Energy,938
HLT.N,Consumer Discretionary,939
CWENa.N,Utilities,940
BERY.N,Industrials,941
VERA.OQ,Health Care,942
NVTA.N,Health Care,943
SXC.N,Energy,944
GPP.OQ,Energy,945
OII.N,Energy,946
POST.N,Consumer Staples,947
JCI.N,Industrials,948
ESTC.N,Technology,949
FUL.N,Industrials,950
VSAT.OQ,Telecommunications,951
HROW.OQ,Health Care,952
BYD.N,Consumer Discretionary,953
ASAN.N,Technology,954
RRX.N,Industrials,955
ONON.N,Consumer Discretionary,956
PEP.OQ,Consumer Staples,957
ARIS.N,Utilities,958
DYN.OQ,Health Care,959
CMP.N,Basic Materials,960
HCAT.OQ,Health Care,961
UNP.N,Industrials,962
ULH.OQ,Industrials,963
PII.N,Consumer Discretionary,964
SCCO.N,Basic Materials,965
HCC.N,Energy,966
IRBT.OQ,Consumer Discretionary,967
WLKP.N,Basic Materials,968
BG.N,Consumer Staples,969
WTS.N,Industrials,970
SYY.N,Consumer Staples,971
SCHN.OQ,Basic Materials,972
QDEL.OQ,Health Care,973
COST.OQ,Consumer Discretionary,974
INST.N,Consumer Discretionary,975
BFLY.N,Health Care,976
QLYS.OQ,Technology,977
NDLS.OQ,Consumer Discretionary,978
GTES.N,Industrials,979
AMED.OQ,Health Care,980
FORR.OQ,Industrials,981
AMPH.OQ,Health Care,982
TTWO.OQ,Consumer Discretionary,983
CVGW.OQ,Consumer Staples,984
RUSHA.OQ,Consumer Discretionary,985
RCL.N,Consumer Discretionary,986
BRO.N,Financials,987
LH.N,Health Care,988
SNCY.OQ,Consumer Discretionary,989
LSTR.OQ,Industrials,990
COTY.N,Consumer Discretionary,991
KIDS.OQ,Health Care,992
HSY.N,Consumer Staples,993
JELD.N,Industrials,994
LEVI.N,Consumer Discretionary,995
CZR.OQ,Consumer Discretionary,996
OGS.N,Utilities,997
IOSP.OQ,Basic Materials,998
DORM.OQ,Consumer Discretionary,999
INNV.OQ,Health Care,1000
ATVI.OQ,Consumer Discretionary,1001
TXRH.OQ,Consumer Discretionary,1002
FBHS.N,Industrials,1003
HII.N,Industrials,1004
PWSC.N,Consumer Discretionary,1005
ITRI.OQ,Industrials,1006
ICE.N,Financials,1007
ABBV.N,Health Care,1008
WEN.OQ,Consumer Discretionary,1009
MGEE.OQ,Utilities,1010
QURE.OQ,Health Care,1011
RGP.OQ,Industrials,1012
EA.OQ,Consumer Discretionary,1013
SSTK.N,Technology,1014
IEX.N,Industrials,1015
CEIX.N,Energy,1016
SITM.OQ,Technology,1017
LUV.N,Consumer Discretionary,1018
CVCO.OQ,Consumer Discretionary,1019
RCM.OQ,Health Care,1020
FRPT.OQ,Consumer Staples,1021
ROAD.OQ,Industrials,1022
EQT.N,Energy,1023
NWN.N,Utilities,1024
ADM.N,Consumer Staples,1025
ED.N,Utilities,1026
MGM.N,Consumer Discretionary,1027
JLL.N,Real Estate,1028
APD.N,Basic Materials,1029
BAH.N,Industrials,1030
RGNX.OQ,Health Care,1031
RTX.N,Industrials,1032
MANH.OQ,Technology,1033
USNA.N,Consumer Staples,1034
CTAS.OQ,Industrials,1035
VRNS.OQ,Technology,1036
AORT.N,Health Care,1037
MSI.N,Telecommunications,1038
VRDN.OQ,Health Care,1039
NVMI.OQ,Technology,1040
CAT.N,Industrials,1041
MDLZ.OQ,Consumer Staples,1042
ERII.OQ,Industrials,1043
CWST.OQ,Utilities,1044
FLO.N,Consumer Staples,1045
THS.N,Consumer Staples,1046
HEI.N,Industrials,1047
ULTA.OQ,Consumer Discretionary,1048
QNST.OQ,Consumer Discretionary,1049
FE.N,Utilities,1050
THC.N,Health Care,1051
IDCC.OQ,Telecommunications,1052
TXT.N,Industrials,1053
DKS.N,Consumer Discretionary,1054
CYRX.OQ,Industrials,1055
IIIN.N,Industrials,1056
LMT.N,Industrials,1057
CLF.N,Basic Materials,1058
TRUP.OQ,Financials,1059
SPCE.N,Industrials,1060
DCGO.OQ,Health Care,1061
MWA.N,Industrials,1062
HOG.N,Consumer Discretionary,1063
TAP.N,Consumer Staples,1064
SKIN.OQ,Consumer Staples,1065
MAR.OQ,Consumer Discretionary,1066
ENSG.OQ,Health Care,1067
ADNT.N,Consumer Discretionary,1068
DECK.N,Consumer Discretionary,1069
LHX.N,Industrials,1070
APOG.OQ,Industrials,1071
TYL.N,Technology,1072
CAG.N,Consumer Staples,1073
TSEM.OQ,Technology,1074
AJG.N,Financials,1075
STKS.OQ,Consumer Discretionary,1076
TKR.N,Basic Materials,1077
EOLS.OQ,Health Care,1078
BALY.N,Consumer Discretionary,1079
SRE.N,Utilities,1080
MCFT.OQ,Consumer Discretionary,1081
SLGN.N,Industrials,1082
UBER.N,Consumer Discretionary,1083
DOCU.OQ,Technology,1084
TBI.N,Industrials,1085
SWBI.OQ,Consumer Discretionary,1086
TFX.N,Health Care,1087
DTE.N,Utilities,1088
GTLS.N,Industrials,1089
FWRD.OQ,Industrials,1090
BC.N,Industrials,1091
LAMR.OQ,Real Estate,1092
VSH.N,Technology,1093
SQ.N,Industrials,1094
TRS.OQ,Industrials,1095
ALE.N,Utilities,1096
ENS.N,Industrials,1097
SAIC.N,Technology,1098
SON.N,Industrials,1099
SJM.N,Consumer Staples,1100
PAG.N,Consumer Discretionary,1101
AGX.N,Industrials,1102
GD.N,Industrials,1103
KDP.OQ,Consumer Staples,1104
ALGM.OQ,Technology,1105
GRMN.N,Consumer Discretionary,1106
TH.OQ,Industrials,1107
HAYN.OQ,Basic Materials,1108
PRGS.OQ,Technology,1109
ARCE.OQ,Consumer Discretionary,1110
IRM.N,Real Estate,1111
ASPN.N,Industrials,1112
ENTG.OQ,Technology,1113
GMS.N,Industrials,1114
CHD.N,Consumer Staples,1115
FISV.OQ,Industrials,1116
WH.N,Consumer Discretionary,1117
CCRN.OQ,Industrials,1118
MATV.N,Basic Materials,1119
UTZ.N,Consumer Staples,1120
MTX.N,Basic Materials,1121
SE.N,Technology,1122
FERG.N,Industrials,1123
XPEV.N,Consumer Discretionary,1124
PBF.N,Energy,1125
BIP.N,Utilities,1126
ZS.OQ,Technology,1127
TGT.N,Consumer Discretionary,1128
G.N,Industrials,1129
CIEN.N,Telecommunications,1130
SMPL.OQ,Consumer Staples,1131
OMC.N,Consumer Discretionary,1132
ARKO.OQ,Consumer Discretionary,1133
FC.N,Industrials,1134
ACLS.OQ,Technology,1135
DHT.N,Industrials,1136
PSN.N,Technology,1137
BGS.N,Consumer Staples,1138
SEE.N,Industrials,1139
STLD.OQ,Basic Materials,1140
ROIV.OQ,Health Care,1141
TRVG.OQ,Consumer Discretionary,1142
NJR.N,Utilities,1143
EWCZ.OQ,Consumer Discretionary,1144
SYK.N,Health Care,1145
SHEN.OQ,Telecommunications,1146
J.N,Industrials,1147
MKC.N,Consumer Staples,1148
FSR.N,Consumer Discretionary,1149
NBIX.OQ,Health Care,1150
STZ.N,Consumer Staples,1151
VLD.N,Industrials,1152
DCI.N,Industrials,1153
AN.N,Consumer Discretionary,1154
PD.N,Technology,1155
WOR.N,Basic Materials,1156
OLLI.OQ,Consumer Discretionary,1157
ESI.N,Basic Materials,1158
HOOD.OQ,Financials,1159
ATKR.N,Industrials,1160
CIVI.N,Energy,1161
LOPE.OQ,Consumer Discretionary,1162
NFG.N,Utilities,1163
CSL.N,Industrials,1164
DNUT.OQ,Consumer Discretionary,1165
PBH.N,Health Care,1166
MIRM.OQ,Health Care,1167
PL.N,Technology,1168
PTGX.OQ,Health Care,1169
DLB.N,Technology,1170
HSC.N,Utilities,1171
CMRE.N,Industrials,1172
PERI.OQ,Technology,1173
COO.N,Health Care,1174
EIX.N,Utilities,1175
PNW.N,Utilities,1176
METC.OQ,Energy,1177
HWKN.OQ,Basic Materials,1178
DAL.N,Consumer Discretionary,1179
NI.N,Utilities,1180
MEC.N,Industrials,1181
CTVA.N,Consumer Staples,1182
CARR.N,Industrials,1183
AA.N,Basic Materials,1184
BIO.N,Health Care,1185
GPK.N,Industrials,1186
AJRD.N,Industrials,1187
MSA.N,Industrials,1188
BIRD.OQ,Consumer Discretionary,1189
CBT.N,Basic Materials,1190
LFST.OQ,Health Care,1191
CLOV.OQ,Health Care,1192
ALPN.OQ,Health Care,1193
ASND.OQ,Health Care,1194
SNPS.OQ,Technology,1195
OSIS.OQ,Industrials,1196
NVT.N,Industrials,1197
BFb.N,Consumer Staples,1198
GPOR.N,Energy,1199
CMCO.OQ,Industrials,1200
SEDG.OQ,Energy,1201
RXST.OQ,Health Care,1202
MATW.OQ,Consumer Discretionary,1203
ADP.OQ,Industrials,1204
CBRL.OQ,Consumer Discretionary,1205
ATEN.N,Technology,1206
LOVE.OQ,Consumer Discretionary,1207
MIDD.OQ,Industrials,1208
BLFS.OQ,Health Care,1209
HQY.OQ,Health Care,1210
SHC.OQ,Health Care,1211
QS.N,Consumer Discretionary,1212
MRTN.OQ,Industrials,1213
GWW.N,Industrials,1214
NOC.N,Industrials,1215
RMD.N,Health Care,1216
RYAN.N,Financials,1217
URI.N,Industrials,1218
BOOM.OQ,Energy,1219
GLOP.N,Industrials,1220
USM.N,Telecommunications,1221
BALL.N,Industrials,1222
IHRT.OQ,Consumer Discretionary,1223
EVC.N,Consumer Discretionary,1224
MLKN.OQ,Consumer Discretionary,1225
THRY.OQ,Consumer Discretionary,1226
BAX.N,Health Care,1227
PARR.N,Energy,1228
AGTI.N,Health Care,1229
CMI.N,Industrials,1230
MPLX.N,Energy,1231
AGYS.OQ,Technology,1232
TEX.N,Industrials,1233
VVV.N,Basic Materials,1234
UTHR.OQ,Health Care,1235
ESMT.N,Technology,1236
FLR.N,Industrials,1237
MOS.N,Basic Materials,1238
PNR.N,Industrials,1239
LEA.N,Consumer Discretionary,1240
MODV.OQ,Health Care,1241
COHR.OQ,Technology,1242
CDMO.OQ,Health Care,1243
IPAR.OQ,Consumer Discretionary,1244
X.N,Basic Materials,1245
NWE.OQ,Utilities,1246
AVY.N,Basic Materials,1247
JBT.N,Industrials,1248
OI.N,Industrials,1249
AXTA.N,Industrials,1250
WNS.N,Industrials,1251
WSO.N,Industrials,1252
MEI.N,Technology,1253
AWI.N,Industrials,1254
GEF.N,Industrials,1255
FWRG.OQ,Consumer Discretionary,1256
FMC.N,Basic Materials,1257
RXRX.OQ,Health Care,1258
KAMN.N,Industrials,1259
EXPE.OQ,Consumer Discretionary,1260
CXM.N,Technology,1261
HI.N,Industrials,1262
LEG.N,Consumer Discretionary,1263
CROX.OQ,Consumer Discretionary,1264
SIMO.OQ,Technology,1265
BW.N,Industrials,1266
FVRR.N,Technology,1267
RSG.N,Utilities,1268
CLFD.OQ,Telecommunications,1269
VMI.N,Industrials,1270
WAB.N,Industrials,1271
IR.N,Industrials,1272
GIII.OQ,Consumer Discretionary,1273
ABM.N,Industrials,1274
WSC.OQ,Industrials,1275
ANIK.OQ,Health Care,1276
HEP.N,Energy,1277
GOGL.OQ,Industrials,1278
WK.N,Technology,1279
BLBD.OQ,Industrials,1280
MTZ.N,Industrials,1281
MMP.N,Energy,1282
OLED.OQ,Technology,1283
RRC.N,Energy,1284
MTSI.OQ,Technology,1285
SATS.OQ,Telecommunications,1286
FLL.OQ,Consumer Discretionary,1287
PANL.OQ,Industrials,1288
HTLD.OQ,Industrials,1289
NAUT.OQ,Health Care,1290
ROK.N,Industrials,1291
TSVT.OQ,Health Care,1292
CPRT.OQ,Consumer Discretionary,1293
MLM.N,Industrials,1294
WDAY.OQ,Technology,1295
MCS.N,Consumer Discretionary,1296
CVLG.OQ,Industrials,1297
OMCL.OQ,Health Care,1298
VTYX.OQ,Health Care,1299
INGR.N,Consumer Staples,1300
HNI.N,Consumer Discretionary,1301
JBL.N,Technology,1302
EHAB.N,Health Care,1303
AZZ.N,Industrials,1304
PRLD.OQ,Health Care,1305
TDC.N,Technology,1306
OXM.N,Consumer Discretionary,1307
AGCO.N,Industrials,1308
AIT.N,Industrials,1309
CPB.N,Consumer Staples,1310
EW.N,Health Care,1311
YEXT.N,Technology,1312
MD.N,Health Care,1313
GGG.N,Industrials,1314
GHRS.OQ,Health Care,1315
BLDR.N,Industrials,1316
PUBM.OQ,Technology,1317
FIZZ.OQ,Consumer Staples,1318
VOXX.OQ,Consumer Discretionary,1319
FSLR.OQ,Energy,1320
CPNG.N,Consumer Discretionary,1321
VITL.OQ,Consumer Staples,1322
APPN.OQ,Technology,1323
MMSI.OQ,Health Care,1324
EB.N,Technology,1325
USFD.N,Consumer Staples,1326
TT.N,Industrials,1327
FSLY.N,Technology,1328
TMCI.OQ,Health Care,1329
AVTR.N,Health Care,1330
TX.N,Basic Materials,1331
CPSI.OQ,Health Care,1332
HA.OQ,Consumer Discretionary,1333
DSGR.OQ,Industrials,1334
SLVM.N,Basic Materials,1335
VTRU.OQ,Consumer Discretionary,1336
MED.N,Consumer Staples,1337
ATRO.OQ,Industrials,1338
LKQ.OQ,Consumer Discretionary,1339
BCOR.OQ,Financials,1340
ACA.N,Energy,1341
CDNS.OQ,Technology,1342
AVA.N,Utilities,1343
DVA.N,Health Care,1344
ALIT.N,Industrials,1345
SMAR.N,Technology,1346
AKRO.OQ,Health Care,1347
HWM.N,Industrials,1348
ENR.N,Consumer Staples,1349
COOK.N,Consumer Discretionary,1350
TXG.OQ,Health Care,1351
CALM.OQ,Consumer Staples,1352
KRP.N,Energy,1353
HXL.N,Basic Materials,1354
HLIO.N,Industrials,1355
KFY.N,Industrials,1356
XRAY.OQ,Health Care,1357
EVBG.OQ,Technology,1358
APTV.N,Consumer Discretionary,1359
SNPO.OQ,Consumer Discretionary,1360
HURN.OQ,Industrials,1361
KRT.OQ,Industrials,1362
SWAV.OQ,Health Care,1363
GNK.N,Industrials,1364
LIN.N,Basic Materials,1365
MNDY.OQ,Technology,1366
ASC.N,Industrials,1367
AMEH.OQ,Health Care,1368
LGND.OQ,Health Care,1369
OPRA.OQ,Technology,1370
LVS.N,Consumer Discretionary,1371
CLX.N,Consumer Staples,1372
MOD.N,Industrials,1373
R.N,Industrials,1374
ULCC.OQ,Consumer Discretionary,1375
H.N,Consumer Discretionary,1376
NVGS.N,Industrials,1377
ABC.N,Consumer Staples,1378
OSW.OQ,Consumer Discretionary,1379
HZO.N,Consumer Discretionary,1380
PAA.OQ,Energy,1381
BFAM.N,Consumer Discretionary,1382
VSTO.N,Consumer Discretionary,1383
MYGN.OQ,Health Care,1384
SBLK.OQ,Industrials,1385
CECE.OQ,Industrials,1386
RIVN.OQ,Consumer Discretionary,1387
ZEUS.OQ,Basic Materials,1388
USAC.N,Energy,1389
GPC.N,Consumer Discretionary,1390
LUNA.OQ,Industrials,1391
FDP.N,Consumer Staples,1392
WCC.N,Industrials,1393
JAMF.OQ,Technology,1394
FA.OQ,Industrials,1395
PRTA.OQ,Health Care,1396
ACM.N,Industrials,1397
BWXT.N,Industrials,1398
COCO.OQ,Consumer Staples,1399
DSX.N,Industrials,1400
VIPS.N,Consumer Discretionary,1401
BLD.N,Industrials,1402
AYI.N,Industrials,1403
CCK.N,Industrials,1404
NSIT.OQ,Technology,1405
BKD.N,Health Care,1406
RBLX.N,Consumer Discretionary,1407
PI.OQ,Technology,1408
SXT.N,Basic Materials,1409
CAPL.N,Energy,1410
SLQT.N,Consumer Discretionary,1411
RIOT.OQ,Financials,1412
PRCT.OQ,Health Care,1413
BSY.OQ,Technology,1414
CW.N,Industrials,1415
ASRT.OQ,Health Care,1416
SCS.N,Consumer Discretionary,1417
RPM.N,Industrials,1418
LW.N,Consumer Staples,1419
TBPH.OQ,Health Care,1420
ALGT.OQ,Consumer Discretionary,1421
SLCA.N,Basic Materials,1422
BASE.OQ,Technology,1423
UNVR.N,Basic Materials,1424
KBR.N,Technology,1425
ARHS.OQ,Consumer Discretionary,1426
SYNH.OQ,Health Care,1427
SMG.N,Basic Materials,1428
PRGO.N,Health Care,1429
ELF.N,Consumer Discretionary,1430
IBP.N,Industrials,1431
GIS.N,Consumer Staples,1432
PTSI.OQ,Industrials,1433
ZTS.N,Health Care,1434
HIBB.OQ,Consumer Discretionary,1435
CSV.N,Consumer Discretionary,1436
CPK.N,Utilities,1437
S.N,Technology,1438
HUBB.N,Industrials,1439
IHS.N,Telecommunications,1440
EVTC.N,Industrials,1441
RANI.OQ,Health Care,1442
KRTX.OQ,Health Care,1443
NSP.N,Industrials,1444
OCUL.OQ,Health Care,1445
AEVA.N,Technology,1446
XPRO.N,Energy,1447
COHU.OQ,Technology,1448
CTLP.OQ,Industrials,1449
MCRI.OQ,Consumer Discretionary,1450
SPSC.OQ,Technology,1451
KAI.N,Industrials,1452
INTA.OQ,Technology,1453
TNC.N,Industrials,1454
CHUY.OQ,Consumer Discretionary,1455
RARE.OQ,Health Care,1456
VC.OQ,Consumer Discretionary,1457
IGT.N,Consumer Discretionary,1458
ARCO.N,Consumer Discretionary,1459
ALSN.N,Industrials,1460
AVNT.N,Basic Materials,1461
UFPT.OQ,Health Care,1462
CMPX.OQ,Health Care,1463
ARCH.N,Energy,1464
CRAI.OQ,Industrials,1465
PTLO.OQ,Consumer Discretionary,1466
TNK.N,Industrials,1467
VSEC.OQ,Industrials,1468
WWW.N,Consumer Discretionary,1469
NGL.N,Energy,1470
SMCI.OQ,Technology,1471
BLMN.OQ,Consumer Discretionary,1472
INSM.OQ,Health Care,1473
EDAP.OQ,Health Care,1474
ALV.N,Consumer Discretionary,1475
AIR.N,Industrials,1476
CBZ.N,Industrials,1477
FELE.OQ,Industrials,1478
GSM.OQ,Basic Materials,1479
SRPT.OQ,Health Care,1480
TVTX.OQ,Health Care,1481
FORG.N,Technology,1482
LQDA.OQ,Health Care,1483
JOBY.N,Industrials,1484
ATR.N,Industrials,1485
CME.OQ,Financials,1486
ITGR.N,Health Care,1487
BECN.OQ,Industrials,1488
GDOT.N,Industrials,1489
LMAT.OQ,Health Care,1490
ALVR.OQ,Health Care,1491
PCOR.N,Technology,1492
TTC.N,Industrials,1493
MIR.N,Industrials,1494
MASI.OQ,Health Care,1495
OSUR.OQ,Health Care,1496
CHDN.OQ,Consumer Discretionary,1497
FLT.N,Industrials,1498
VCEL.OQ,Health Care,1499
JKS.N,Energy,1500
OPCH.OQ,Health Care,1501
NAT.N,Industrials,1502
PRVA.OQ,Health Care,1503
PPG.N,Industrials,1504
NARI.OQ,Health Care,1505
BCO.N,Industrials,1506
PCRX.OQ,Health Care,1507
WIRE.OQ,Industrials,1508
KTOS.OQ,Industrials,1509
MTRN.N,Basic Materials,1510
ACVA.OQ,Consumer Discretionary,1511
ECL.N,Basic Materials,1512
APPF.OQ,Technology,1513
RLYB.OQ,Health Care,1514
AMCX.OQ,Consumer Discretionary,1515
USPH.N,Health Care,1516
DNMR.N,Industrials,1517
AMK.N,Financials,1518
ENVX.OQ,Industrials,1519
KRUS.OQ,Consumer Discretionary,1520
GE.N,Industrials,1521
STVN.N,Health Care,1522
ABNB.OQ,Consumer Discretionary,1523
GVA.N,Industrials,1524
MGPI.OQ,Consumer Staples,1525
TTD.OQ,Consumer Discretionary,1526
ZETA.N,Technology,1527
CAL.N,Consumer Discretionary,1528
NRDS.OQ,Technology,1529
EAF.N,Basic Materials,1530
CNM.N,Industrials,1531
KFRC.OQ,Industrials,1532
KOP.N,Basic Materials,1533
KRO.N,Industrials,1534
HCSG.OQ,Health Care,1535
SILK.OQ,Health Care,1536
DOCN.N,Technology,1537
CRWD.OQ,Technology,1538
AMOT.OQ,Industrials,1539
IRDM.OQ,Telecommunications,1540
APG.N,Industrials,1541
MDGL.OQ,Health Care,1542
PAGP.OQ,Energy,1543
CIR.N,Industrials,1544
SMWB.N,Industrials,1545
CDNA.OQ,Health Care,1546
DKNG.OQ,Consumer Discretionary,1547
BRC.N,Industrials,1548
CENX.OQ,Basic Materials,1549
STRL.OQ,Industrials,1550
TWNK.OQ,Consumer Staples,1551
IBEX.OQ,Industrials,1552
MP.N,Basic Materials,1553
ITRN.OQ,Industrials,1554
LUNG.OQ,Health Care,1555
EVH.N,Health Care,1556
HUMA.OQ,Health Care,1557
OTTR.OQ,Industrials,1558
LZB.N,Consumer Discretionary,1559
LXU.N,Basic Materials,1560
INSW.N,Industrials,1561
CHE.N,Health Care,1562
PRIM.OQ,Industrials,1563
EGLE.OQ,Industrials,1564
HSTM.OQ,Health Care,1565
TNET.N,Industrials,1566
UAL.OQ,Consumer Discretionary,1567
HUBS.N,Technology,1568
MCG.N,Consumer Discretionary,1569
RVMD.OQ,Health Care,1570
NGMS.OQ,Consumer Discretionary,1571
RDNT.OQ,Health Care,1572
DRQ.N,Energy,1573
TARS.OQ,Health Care,1574
GH.OQ,Health Care,1575
RYAM.N,Basic Materials,1576
RCEL.OQ,Health Care,1577
MTW.N,Industrials,1578
ALTR.OQ,Technology,1579
RVNC.OQ,Health Care,1580
GEL.N,Energy,1581
BKNG.OQ,Consumer Discretionary,1582
EDR.N,Consumer Discretionary,1583
TMDX.OQ,Health Care,1584
SKYT.OQ,Technology,1585
CAMT.OQ,Technology,1586
ANSS.OQ,Technology,1587
KRYS.OQ,Health Care,1588
ROVR.OQ,Consumer Discretionary,1589
NEO.OQ,Health Care,1590
LGFa.N,Consumer Discretionary,1591
TDW.N,Energy,1592
PANW.OQ,Technology,1593
CARS.N,Consumer Discretionary,1594
FTI.N,Energy,1595
TGLS.N,Industrials,1596
MARA.OQ,Financials,1597
HSII.OQ,Industrials,1598
RS.N,Basic Materials,1599
PEGA.OQ,Technology,1600
IRTC.OQ,Health Care,1601
MELI.OQ,Consumer Discretionary,1602
APLS.OQ,Health Care,1603
OEC.N,Basic Materials,1604
AXON.OQ,Industrials,1605
LAUR.OQ,Consumer Discretionary,1606
FCN.N,Industrials,1607
LNTH.OQ,Health Care,1608
BMEA.OQ,Health Care,1609
EME.N,Industrials,1610
IAS.OQ,Consumer Discretionary,1611
FIX.N,Industrials,1612
KTB.N,Consumer Discretionary,1613
MKFG.N,Industrials,1614
BWMX.OQ,Consumer Staples,1615
NTRA.OQ,Health Care,1616
WST.N,Health Care,1617
VNT.N,Industrials,1618
CSTM.N,Basic Materials,1619
ALG.N,Industrials,1620
AROC.N,Energy,1621
HIMS.N,Health Care,1622
COIN.OQ,Financials,1623
VERX.OQ,Technology,1624
RELY.OQ,Industrials,1625
CNK.N,Consumer Discretionary,1626
RBBN.OQ,Telecommunications,1627
NVTS.OQ,Technology,1628
INDI.OQ,Technology,1629
NABL.N,Technology,1630
PDFS.OQ,Technology,1631
ARNC.N,Basic Materials,1632
ANDE.OQ,Consumer Staples,1633
SIBN.OQ,Health Care,1634
MYRG.OQ,Industrials,1635
AAON.OQ,Industrials,1636
SGEN.OQ,Health Care,1637
VTNR.OQ,Utilities,1638
ASUR.OQ,Technology,1639
HY.N,Industrials,1640
ARBE.OQ,Industrials,1641
